date,instrument_id,ivix_close,ivix_open,ivix_high,ivix_low,source
2015-02-09,50ETF,28.63,28.8,28.75687834,27.82955519,akshare:index_option_50etf_qvix
2015-02-10,50ETF,28.75,28.63,29.43502448,28.49969991,akshare:index_option_50etf_qvix
2015-02-11,50ETF,26.44,26.47071045,26.47071045,26.17669115,akshare:index_option_50etf_qvix
2015-02-12,50ETF,25.8,26.38909373,26.38909373,25.77336711,akshare:index_option_50etf_qvix
2015-02-13,50ETF,23.41,24.28695844,24.28695844,22.81047295,akshare:index_option_50etf_qvix
2015-02-16,50ETF,23.71,23.5572324,24.64325302,23.5572324,akshare:index_option_50etf_qvix
2015-02-17,50ETF,24.3,23.71,25.21948507,23.66094734,akshare:index_option_50etf_qvix
2015-02-25,50ETF,26.33,26.02026504,26.99718334,26.02026504,akshare:index_option_50etf_qvix
2015-02-26,50ETF,26.1,26.33,26.40181276,25.17344033,akshare:index_option_50etf_qvix
2015-02-27,50ETF,27.04,26.74773986,27.38392119,26.74773986,akshare:index_option_50etf_qvix
2015-03-02,50ETF,28.05,28.00992468,28.71437173,28.00992468,akshare:index_option_50etf_qvix
2015-03-03,50ETF,28.45,28.05,29.02563541,27.94587651,akshare:index_option_50etf_qvix
2015-03-04,50ETF,27.68,27.88892863,27.88892863,26.79252915,akshare:index_option_50etf_qvix
2015-03-05,50ETF,26.67,27.18037313,27.18037313,26.34940331,akshare:index_option_50etf_qvix
2015-03-06,50ETF,26.47,26.67,26.67712215,25.47715408,akshare:index_option_50etf_qvix
2015-03-09,50ETF,27.22,26.70967677,27.5712797,26.70967677,akshare:index_option_50etf_qvix
2015-03-10,50ETF,26.22,26.49327174,26.49327174,25.92336778,akshare:index_option_50etf_qvix
2015-03-11,50ETF,25.86,26.22,26.60381135,25.28856536,akshare:index_option_50etf_qvix
2015-03-12,50ETF,25.93,25.86,26.71362994,25.337463,akshare:index_option_50etf_qvix
2015-03-13,50ETF,25.01,25.6904413,25.6904413,24.75508391,akshare:index_option_50etf_qvix
2015-03-16,50ETF,25.2,25.1,25.5,24.8,akshare:index_option_50etf_qvix
2015-03-17,50ETF,25.25,25.14,25.33775776,24.91345891,akshare:index_option_50etf_qvix
2015-03-18,50ETF,25.14,25.25,25.99348836,25.02941976,akshare:index_option_50etf_qvix
2015-03-19,50ETF,27.3,27.22964781,27.8648836,27.22964781,akshare:index_option_50etf_qvix
2015-03-20,50ETF,26.47,26.9222235,26.9222235,25.94217688,akshare:index_option_50etf_qvix
2015-03-23,50ETF,28.76,28.57719713,29.07504961,28.57719713,akshare:index_option_50etf_qvix
2015-03-24,50ETF,30.67,29.94181607,30.87563509,29.94181607,akshare:index_option_50etf_qvix
2015-03-25,50ETF,30.16,30.62736925,30.62736925,29.75002232,akshare:index_option_50etf_qvix
2015-03-26,50ETF,29.06,29.96262204,29.96262204,28.16861334,akshare:index_option_50etf_qvix
2015-03-27,50ETF,29.28,29.06,29.42940392,28.64458121,akshare:index_option_50etf_qvix
2015-03-30,50ETF,27.87,28.54729816,28.54729816,27.75703106,akshare:index_option_50etf_qvix
2015-03-31,50ETF,30.09,29.61492699,30.63157221,29.61492699,akshare:index_option_50etf_qvix
2015-04-01,50ETF,30.36,30.13589969,31.09369368,30.13589969,akshare:index_option_50etf_qvix
2015-04-02,50ETF,31.77,31.36782209,32.05120712,31.36782209,akshare:index_option_50etf_qvix
2015-04-03,50ETF,31.17,31.42313782,31.42313782,30.23226982,akshare:index_option_50etf_qvix
2015-04-07,50ETF,29.51,29.78368597,29.78368597,29.44077935,akshare:index_option_50etf_qvix
2015-04-08,50ETF,31.98,31.51389885,32.5286044,31.51389885,akshare:index_option_50etf_qvix
2015-04-09,50ETF,35.06,34.45084815,35.7182652,34.45084815,akshare:index_option_50etf_qvix
2015-04-10,50ETF,33.41,33.46116818,33.46116818,33.29714224,akshare:index_option_50etf_qvix
2015-04-13,50ETF,36.86,36.66313235,37.61185543,36.66313235,akshare:index_option_50etf_qvix
2015-04-14,50ETF,40.15,39.78601004,40.37871663,39.78601004,akshare:index_option_50etf_qvix
2015-04-15,50ETF,40.13,40.15,40.96215202,39.50877268,akshare:index_option_50etf_qvix
2015-04-16,50ETF,37.36,38.27885661,38.27885661,37.26344376,akshare:index_option_50etf_qvix
2015-04-17,50ETF,41.57,41.22013716,42.40654959,41.22013716,akshare:index_option_50etf_qvix
2015-04-20,50ETF,47.75,47.38353984,47.97246893,47.38353984,akshare:index_option_50etf_qvix
2015-04-21,50ETF,46.9,47.39448336,47.39448336,46.62562042,akshare:index_option_50etf_qvix
2015-04-22,50ETF,44.28,45.17006632,45.17006632,43.4115167,akshare:index_option_50etf_qvix
2015-04-23,50ETF,44.72,44.28,44.90204726,44.06598625,akshare:index_option_50etf_qvix
2015-04-24,50ETF,45.65,45.01113941,46.31679563,45.01113941,akshare:index_option_50etf_qvix
2015-04-27,50ETF,44.88,45.65,45.79438752,44.74679172,akshare:index_option_50etf_qvix
2015-04-28,50ETF,46.59,46.20929773,47.24171801,46.20929773,akshare:index_option_50etf_qvix
2015-04-29,50ETF,46.61,46.59,47.20679792,46.27230548,akshare:index_option_50etf_qvix
2015-04-30,50ETF,46.55,46.61,47.12103554,45.95593757,akshare:index_option_50etf_qvix
2015-05-04,50ETF,46.13,46.55,46.66514736,45.96138324,akshare:index_option_50etf_qvix
2015-05-05,50ETF,45.46,46.13,46.39343444,44.85963903,akshare:index_option_50etf_qvix
2015-05-06,50ETF,45.55,45.46,46.30849093,45.00057234,akshare:index_option_50etf_qvix
2015-05-07,50ETF,46.78,46.613038,46.93712996,46.613038,akshare:index_option_50etf_qvix
2015-05-08,50ETF,44.97,45.17174754,45.17174754,44.85579622,akshare:index_option_50etf_qvix
2015-05-11,50ETF,45.78,45.68743689,45.81703621,45.68743689,akshare:index_option_50etf_qvix
2015-05-12,50ETF,45.97,45.78,46.60177458,45.07017081,akshare:index_option_50etf_qvix
2015-05-13,50ETF,46.03,45.97,46.97668487,45.54061677,akshare:index_option_50etf_qvix
2015-05-14,50ETF,44.96,45.54510967,45.54510967,44.53457616,akshare:index_option_50etf_qvix
2015-05-15,50ETF,41.44,42.38673176,42.38673176,40.81350396,akshare:index_option_50etf_qvix
2015-05-18,50ETF,37.48,37.56331971,37.56331971,36.56852866,akshare:index_option_50etf_qvix
2015-05-19,50ETF,37.28,37.48,38.15351345,36.4351555,akshare:index_option_50etf_qvix
2015-05-20,50ETF,41.52,41.47489891,42.42381949,41.47489891,akshare:index_option_50etf_qvix
2015-05-21,50ETF,42.05,41.66377767,42.66528827,41.66377767,akshare:index_option_50etf_qvix
2015-05-22,50ETF,43.01,42.722725,43.3516693,42.722725,akshare:index_option_50etf_qvix
2015-05-25,50ETF,45.8,45.49302963,46.06982931,45.49302963,akshare:index_option_50etf_qvix
2015-05-26,50ETF,45.81,45.8,45.85626881,44.96733825,akshare:index_option_50etf_qvix
2015-05-27,50ETF,46.91,46.84494078,47.90529927,46.84494078,akshare:index_option_50etf_qvix
2015-05-28,50ETF,46.63,46.91,47.57413735,46.35279076,akshare:index_option_50etf_qvix
2015-05-29,50ETF,47.29,46.63,47.70221034,46.34168497,akshare:index_option_50etf_qvix
2015-06-01,50ETF,47.22,47.29,48.07663201,47.06809939,akshare:index_option_50etf_qvix
2015-06-02,50ETF,47.61,47.22,48.22345871,47.08065216,akshare:index_option_50etf_qvix
2015-06-03,50ETF,47.9,47.61,48.75574287,47.25268349,akshare:index_option_50etf_qvix
2015-06-04,50ETF,46.57,47.16948803,47.16948803,46.13148697,akshare:index_option_50etf_qvix
2015-06-05,50ETF,46.6,46.57,46.93927941,45.73510443,akshare:index_option_50etf_qvix
2015-06-08,50ETF,43.66,44.58986234,44.58986234,42.82406035,akshare:index_option_50etf_qvix
2015-06-09,50ETF,47.55,47.42543515,48.47517174,47.42543515,akshare:index_option_50etf_qvix
2015-06-10,50ETF,48.07,47.77226835,48.43420333,47.77226835,akshare:index_option_50etf_qvix
2015-06-11,50ETF,49.74,48.8441555,50.05142166,48.8441555,akshare:index_option_50etf_qvix
2015-06-12,50ETF,49.76,49.74,50.35972949,48.89099623,akshare:index_option_50etf_qvix
2015-06-15,50ETF,48.06,49.04035913,49.04035913,47.44999683,akshare:index_option_50etf_qvix
2015-06-16,50ETF,47.27,47.84989794,47.84989794,46.33685471,akshare:index_option_50etf_qvix
2015-06-17,50ETF,47.31,47.27,47.4285982,47.25115944,akshare:index_option_50etf_qvix
2015-06-18,50ETF,47.08,47.31,47.61313125,46.15045896,akshare:index_option_50etf_qvix
2015-06-19,50ETF,46.9,47.08,47.46274257,46.46895931,akshare:index_option_50etf_qvix
2015-06-23,50ETF,51.17,51.03048518,51.51718558,51.03048518,akshare:index_option_50etf_qvix
2015-06-24,50ETF,52.05,51.64423919,52.63220576,51.64423919,akshare:index_option_50etf_qvix
2015-06-25,50ETF,47.42,47.96421329,47.96421329,46.7258765,akshare:index_option_50etf_qvix
2015-06-26,50ETF,48.08,47.9811944,48.39399038,47.9811944,akshare:index_option_50etf_qvix
2015-06-29,50ETF,60.09,59.4688357,60.18087827,59.4688357,akshare:index_option_50etf_qvix
2015-06-30,50ETF,59.21,60.09,60.11432617,58.83773034,akshare:index_option_50etf_qvix
2015-07-01,50ETF,55.91,56.58091512,56.58091512,55.10785373,akshare:index_option_50etf_qvix
2015-07-02,50ETF,57.54,57.15057074,57.55486013,57.15057074,akshare:index_option_50etf_qvix
2015-07-03,50ETF,55.15,55.21354411,55.21354411,54.29618647,akshare:index_option_50etf_qvix
2015-07-06,50ETF,60.08,59.69330017,60.16495306,59.69330017,akshare:index_option_50etf_qvix
2015-07-07,50ETF,54.84,55.41904138,55.41904138,54.56008615,akshare:index_option_50etf_qvix
2015-07-08,50ETF,51.7,52.25917888,52.25917888,50.88423105,akshare:index_option_50etf_qvix
2015-07-09,50ETF,55.34,54.9434746,55.6786451,54.9434746,akshare:index_option_50etf_qvix
2015-07-10,50ETF,54.02,54.28146797,54.28146797,53.34727392,akshare:index_option_50etf_qvix
2015-07-13,50ETF,52.96,53.70906817,53.70906817,52.34502185,akshare:index_option_50etf_qvix
2015-07-14,50ETF,49.31,50.24395473,50.24395473,48.86739996,akshare:index_option_50etf_qvix
2015-07-15,50ETF,45.06,45.62839396,45.62839396,44.73913139,akshare:index_option_50etf_qvix
2015-07-16,50ETF,41.63,41.64763137,41.64763137,41.51480784,akshare:index_option_50etf_qvix
2015-07-17,50ETF,39.33,39.60296658,39.60296658,38.59652598,akshare:index_option_50etf_qvix
2015-07-20,50ETF,38.73,39.25955442,39.25955442,37.95132922,akshare:index_option_50etf_qvix
2015-07-21,50ETF,38.79,38.73,39.3163373,37.84915761,akshare:index_option_50etf_qvix
2015-07-22,50ETF,35.26,35.45555303,35.45555303,34.35578544,akshare:index_option_50etf_qvix
2015-07-23,50ETF,32.98,33.53218873,33.53218873,32.04224021,akshare:index_option_50etf_qvix
2015-07-24,50ETF,33.09,32.98,33.5834777,32.26352277,akshare:index_option_50etf_qvix
2015-07-27,50ETF,30.41,30.79137496,30.79137496,29.91275994,akshare:index_option_50etf_qvix
2015-07-28,50ETF,39.52,39.02840435,40.25937183,39.02840435,akshare:index_option_50etf_qvix
2015-07-29,50ETF,41.79,40.94364818,42.03347651,40.94364818,akshare:index_option_50etf_qvix
2015-07-30,50ETF,37.43,38.39189484,38.39189484,37.19599913,akshare:index_option_50etf_qvix
2015-07-31,50ETF,40.17,39.25392191,40.61823529,39.25392191,akshare:index_option_50etf_qvix
2015-08-03,50ETF,40.45,40.38079415,40.96797445,40.38079415,akshare:index_option_50etf_qvix
2015-08-04,50ETF,40.02,40.43171041,40.43171041,39.16305503,akshare:index_option_50etf_qvix
2015-08-05,50ETF,40.26,40.13125666,40.59708601,40.13125666,akshare:index_option_50etf_qvix
2015-08-06,50ETF,41.51,40.66257646,42.24380443,40.66257646,akshare:index_option_50etf_qvix
2015-08-07,50ETF,40.79,41.18205829,41.18205829,39.86537864,akshare:index_option_50etf_qvix
2015-08-10,50ETF,40.75,40.79,41.38627273,40.71941213,akshare:index_option_50etf_qvix
2015-08-11,50ETF,40.18,40.75,40.8667196,39.80121626,akshare:index_option_50etf_qvix
2015-08-12,50ETF,39.83,39.87047217,39.87047217,38.94666744,akshare:index_option_50etf_qvix
2015-08-13,50ETF,39.61,39.72555956,39.72555956,39.18755486,akshare:index_option_50etf_qvix
2015-08-14,50ETF,39.65,39.61,40.23703946,38.91154922,akshare:index_option_50etf_qvix
2015-08-17,50ETF,40.06,39.84230376,40.81285374,39.84230376,akshare:index_option_50etf_qvix
2015-08-18,50ETF,39.07,39.40969389,39.40969389,38.23395061,akshare:index_option_50etf_qvix
2015-08-19,50ETF,37.42,37.57849785,37.57849785,36.96542835,akshare:index_option_50etf_qvix
2015-08-20,50ETF,38.03,37.8629664,38.25209273,37.8629664,akshare:index_option_50etf_qvix
2015-08-21,50ETF,35.2,35.27412977,35.27412977,35.05752529,akshare:index_option_50etf_qvix
2015-08-24,50ETF,35.61,32.0,36.12646039,32.0,akshare:index_option_50etf_qvix
2015-08-25,50ETF,48.34,37.0,48.82087086,37.0,akshare:index_option_50etf_qvix
2015-08-26,50ETF,63.79,48.0,64.69670833,48.0,akshare:index_option_50etf_qvix
2015-08-27,50ETF,61.14,61.41955623,61.41955623,60.37144696,akshare:index_option_50etf_qvix
2015-08-28,50ETF,61.16,61.14,61.99930376,60.25597101,akshare:index_option_50etf_qvix
2015-08-31,50ETF,62.28,62.19373536,62.2898175,62.19373536,akshare:index_option_50etf_qvix
2015-09-01,50ETF,63.33,63.21417152,63.60383397,63.21417152,akshare:index_option_50etf_qvix
2015-09-02,50ETF,60.88,61.60243146,61.60243146,60.73821661,akshare:index_option_50etf_qvix
2015-09-07,50ETF,59.49,59.87485653,59.87485653,58.78397559,akshare:index_option_50etf_qvix
2015-09-08,50ETF,47.98,58.0,58.0,47.86676134,akshare:index_option_50etf_qvix
2015-09-09,50ETF,45.63,46.44973426,46.44973426,44.74339713,akshare:index_option_50etf_qvix
2015-09-10,50ETF,41.78,42.69779039,42.69779039,41.14519776,akshare:index_option_50etf_qvix
2015-09-11,50ETF,40.86,41.33122142,41.33122142,40.65037308,akshare:index_option_50etf_qvix
2015-09-14,50ETF,42.35,41.42472548,42.72237204,41.42472548,akshare:index_option_50etf_qvix
2015-09-15,50ETF,44.63,44.18207048,44.93301128,44.18207048,akshare:index_option_50etf_qvix
2015-09-16,50ETF,41.34,42.06022571,42.06022571,41.08490585,akshare:index_option_50etf_qvix
2015-09-17,50ETF,41.06,41.34,41.41516918,40.30579781,akshare:index_option_50etf_qvix
2015-09-18,50ETF,40.19,40.25257522,40.25257522,40.15270153,akshare:index_option_50etf_qvix
2015-09-21,50ETF,39.81,40.19,40.65583624,38.903089,akshare:index_option_50etf_qvix
2015-09-22,50ETF,37.17,37.61841819,37.61841819,36.58987232,akshare:index_option_50etf_qvix
2015-09-23,50ETF,38.93,38.4558614,39.63942763,38.4558614,akshare:index_option_50etf_qvix
2015-09-24,50ETF,37.63,38.17127354,38.17127354,37.04163284,akshare:index_option_50etf_qvix
2015-09-25,50ETF,34.91,35.03223732,35.03223732,34.88666484,akshare:index_option_50etf_qvix
2015-09-28,50ETF,31.93,32.18093718,32.18093718,31.73706266,akshare:index_option_50etf_qvix
2015-09-29,50ETF,31.1,31.87034335,31.87034335,30.19870154,akshare:index_option_50etf_qvix
2015-09-30,50ETF,30.65,30.89870439,30.89870439,29.74261587,akshare:index_option_50etf_qvix
2015-10-08,50ETF,31.7,31.38338174,32.19890857,31.38338174,akshare:index_option_50etf_qvix
2015-10-09,50ETF,30.07,30.39898733,30.39898733,29.16512887,akshare:index_option_50etf_qvix
2015-10-12,50ETF,30.07,30.07,30.56072816,29.13820772,akshare:index_option_50etf_qvix
2015-10-13,50ETF,31.95,31.49855731,32.16439656,31.49855731,akshare:index_option_50etf_qvix
2015-10-14,50ETF,31.71,31.95,32.55628224,31.54521942,akshare:index_option_50etf_qvix
2015-10-15,50ETF,29.66,30.36883784,30.36883784,28.78289598,akshare:index_option_50etf_qvix
2015-10-16,50ETF,29.26,29.66,29.93738083,29.2061178,akshare:index_option_50etf_qvix
2015-10-19,50ETF,30.34,29.66202239,31.15301253,29.66202239,akshare:index_option_50etf_qvix
2015-10-20,50ETF,30.99,30.37325929,31.49545346,30.37325929,akshare:index_option_50etf_qvix
2015-10-21,50ETF,32.76,32.311479,33.69579874,32.311479,akshare:index_option_50etf_qvix
2015-10-22,50ETF,31.8,32.56411464,32.56411464,31.21737229,akshare:index_option_50etf_qvix
2015-10-23,50ETF,30.64,31.03872336,31.03872336,30.63212661,akshare:index_option_50etf_qvix
2015-10-26,50ETF,32.39,32.1109642,32.81017762,32.1109642,akshare:index_option_50etf_qvix
2015-10-27,50ETF,30.86,31.0138243,31.0138243,30.39902679,akshare:index_option_50etf_qvix
2015-10-28,50ETF,31.72,31.59108765,32.27551956,31.59108765,akshare:index_option_50etf_qvix
2015-10-29,50ETF,31.76,31.72,32.20531655,31.53515951,akshare:index_option_50etf_qvix
2015-10-30,50ETF,28.96,29.48297002,29.48297002,28.65774818,akshare:index_option_50etf_qvix
2015-11-02,50ETF,29.84,29.19262458,30.68661524,29.19262458,akshare:index_option_50etf_qvix
2015-11-03,50ETF,30.01,29.84,30.33708591,29.42329636,akshare:index_option_50etf_qvix
2015-11-04,50ETF,30.25,30.11692959,31.08124209,30.11692959,akshare:index_option_50etf_qvix
2015-11-05,50ETF,32.16,32.02329083,32.46124601,32.02329083,akshare:index_option_50etf_qvix
2015-11-06,50ETF,32.45,32.16,32.63959074,31.47393479,akshare:index_option_50etf_qvix
2015-11-09,50ETF,41.93,41.09669348,42.04757577,41.09669348,akshare:index_option_50etf_qvix
2015-11-10,50ETF,43.1,43.06350241,44.04814424,43.06350241,akshare:index_option_50etf_qvix
2015-11-11,50ETF,39.62,40.37036797,40.37036797,38.92289769,akshare:index_option_50etf_qvix
2015-11-12,50ETF,38.7,38.77998923,38.77998923,37.80392072,akshare:index_option_50etf_qvix
2015-11-13,50ETF,37.74,38.11346792,38.11346792,36.78642525,akshare:index_option_50etf_qvix
2015-11-16,50ETF,38.37,38.06921303,39.0669255,38.06921303,akshare:index_option_50etf_qvix
2015-11-17,50ETF,37.72,38.37,38.63867163,37.64046469,akshare:index_option_50etf_qvix
2015-11-18,50ETF,37.03,37.72,37.96975342,36.8739234,akshare:index_option_50etf_qvix
2015-11-19,50ETF,35.99,36.40892425,36.40892425,35.08178282,akshare:index_option_50etf_qvix
2015-11-20,50ETF,34.04,34.36408939,34.36408939,33.42104535,akshare:index_option_50etf_qvix
2015-11-23,50ETF,33.22,33.8857107,33.8857107,32.30316204,akshare:index_option_50etf_qvix
2015-11-24,50ETF,31.83,32.60992942,32.60992942,31.17026716,akshare:index_option_50etf_qvix
2015-11-25,50ETF,32.28,32.21408231,32.3745763,32.21408231,akshare:index_option_50etf_qvix
2015-11-26,50ETF,29.7,30.06122233,30.06122233,29.27061989,akshare:index_option_50etf_qvix
2015-11-27,50ETF,34.58,33.85344074,35.35694798,33.85344074,akshare:index_option_50etf_qvix
2015-11-30,50ETF,34.53,34.58,35.38656828,33.68299486,akshare:index_option_50etf_qvix
2015-12-01,50ETF,33.73,34.27506862,34.27506862,32.86282046,akshare:index_option_50etf_qvix
2015-12-02,50ETF,32.45,33.29568139,33.29568139,31.69946659,akshare:index_option_50etf_qvix
2015-12-03,50ETF,32.53,32.45,33.11734854,32.14371759,akshare:index_option_50etf_qvix
2015-12-04,50ETF,32.49,32.53,33.38142497,31.50568441,akshare:index_option_50etf_qvix
2015-12-07,50ETF,31.6,31.75383899,31.75383899,31.07750477,akshare:index_option_50etf_qvix
2015-12-08,50ETF,31.46,31.6,31.8405745,30.72856071,akshare:index_option_50etf_qvix
2015-12-09,50ETF,31.12,31.46,31.91066935,30.51101242,akshare:index_option_50etf_qvix
2015-12-10,50ETF,30.86,30.99694356,30.99694356,30.00883701,akshare:index_option_50etf_qvix
2015-12-11,50ETF,30.77,30.86,31.138973,30.34786031,akshare:index_option_50etf_qvix
2015-12-14,50ETF,31.09,30.77,31.83347758,30.49392016,akshare:index_option_50etf_qvix
2015-12-15,50ETF,30.47,30.51318409,30.51318409,29.91779509,akshare:index_option_50etf_qvix
2015-12-16,50ETF,30.28,30.3314605,30.3314605,30.02124919,akshare:index_option_50etf_qvix
2015-12-17,50ETF,29.27,29.93834555,29.93834555,28.88535947,akshare:index_option_50etf_qvix
2015-12-18,50ETF,26.08,26.74770543,26.74770543,25.26532342,akshare:index_option_50etf_qvix
2015-12-21,50ETF,26.61,26.08,27.16884754,25.64916704,akshare:index_option_50etf_qvix
2015-12-22,50ETF,27.69,27.12621786,27.84336346,27.12621786,akshare:index_option_50etf_qvix
2015-12-23,50ETF,28.04,27.97566547,28.20138051,27.97566547,akshare:index_option_50etf_qvix
2015-12-24,50ETF,27.19,27.47006675,27.47006675,26.44723994,akshare:index_option_50etf_qvix
2015-12-25,50ETF,26.28,27.14325445,27.14325445,26.19688687,akshare:index_option_50etf_qvix
2015-12-28,50ETF,28.13,28.02973404,28.99665622,28.02973404,akshare:index_option_50etf_qvix
2015-12-29,50ETF,27.28,27.33377871,27.33377871,27.1114884,akshare:index_option_50etf_qvix
2015-12-30,50ETF,27.46,27.28,27.64414488,27.05410174,akshare:index_option_50etf_qvix
2015-12-31,50ETF,27.95,27.78802733,28.21558413,27.78802733,akshare:index_option_50etf_qvix
2016-01-04,50ETF,33.44,33.36482693,34.02237691,33.36482693,akshare:index_option_50etf_qvix
2016-01-05,50ETF,32.18,32.95994274,32.95994274,32.0888003,akshare:index_option_50etf_qvix
2016-01-06,50ETF,31.51,31.78997815,31.78997815,31.29454903,akshare:index_option_50etf_qvix
2016-01-07,50ETF,23.33,24.24851524,24.24851524,22.65429041,akshare:index_option_50etf_qvix
2016-01-08,50ETF,35.22,35.16977064,35.39962619,35.16977064,akshare:index_option_50etf_qvix
2016-01-11,50ETF,33.81,34.69141874,34.69141874,33.68158074,akshare:index_option_50etf_qvix
2016-01-12,50ETF,35.91,35.15647091,36.19133118,35.15647091,akshare:index_option_50etf_qvix
2016-01-13,50ETF,34.72,35.37583202,35.37583202,34.34236707,akshare:index_option_50etf_qvix
2016-01-14,50ETF,37.8,37.18090833,38.20209314,37.18090833,akshare:index_option_50etf_qvix
2016-01-15,50ETF,35.49,35.58345136,35.58345136,34.80028952,akshare:index_option_50etf_qvix
2016-01-18,50ETF,37.24,36.90594859,37.92530064,36.90594859,akshare:index_option_50etf_qvix
2016-01-19,50ETF,37.35,37.24,37.72237306,36.69598252,akshare:index_option_50etf_qvix
2016-01-20,50ETF,36.81,37.35,37.72313039,35.88183854,akshare:index_option_50etf_qvix
2016-01-21,50ETF,35.12,35.15941261,35.15941261,34.21817615,akshare:index_option_50etf_qvix
2016-01-22,50ETF,34.87,35.12,35.27142339,33.95971641,akshare:index_option_50etf_qvix
2016-01-25,50ETF,34.74,34.87,35.18977267,34.66204077,akshare:index_option_50etf_qvix
2016-01-26,50ETF,32.02,32.05256828,32.05256828,31.30858085,akshare:index_option_50etf_qvix
2016-01-27,50ETF,38.46,37.90512001,39.32599295,37.90512001,akshare:index_option_50etf_qvix
2016-01-28,50ETF,37.67,38.07904495,38.07904495,37.19746875,akshare:index_option_50etf_qvix
2016-01-29,50ETF,38.95,38.36571428,39.03788454,38.36571428,akshare:index_option_50etf_qvix
2016-02-01,50ETF,36.37,37.28733201,37.28733201,35.65419962,akshare:index_option_50etf_qvix
2016-02-02,50ETF,35.14,35.22099372,35.22099372,34.54076966,akshare:index_option_50etf_qvix
2016-02-03,50ETF,34.8,34.96219973,34.96219973,34.2613113,akshare:index_option_50etf_qvix
2016-02-04,50ETF,34.52,34.8,35.01603551,33.69176994,akshare:index_option_50etf_qvix
2016-02-05,50ETF,35.38,34.69597641,35.64500027,34.69597641,akshare:index_option_50etf_qvix
2016-02-15,50ETF,37.39,36.9010474,37.6461655,36.9010474,akshare:index_option_50etf_qvix
2016-02-16,50ETF,36.65,36.92204754,36.92204754,36.63764293,akshare:index_option_50etf_qvix
2016-02-17,50ETF,35.5,35.6612484,35.6612484,35.42215447,akshare:index_option_50etf_qvix
2016-02-18,50ETF,33.79,34.13304495,34.13304495,32.99339972,akshare:index_option_50etf_qvix
2016-02-19,50ETF,32.22,33.04457533,33.04457533,32.02846995,akshare:index_option_50etf_qvix
2016-02-22,50ETF,31.44,31.62481446,31.62481446,30.45110979,akshare:index_option_50etf_qvix
2016-02-23,50ETF,32.38,31.75839,32.7528454,31.75839,akshare:index_option_50etf_qvix
2016-02-24,50ETF,32.48,32.38,33.03341731,32.09314433,akshare:index_option_50etf_qvix
2016-02-25,50ETF,33.85,33.63353085,34.80458735,33.63353085,akshare:index_option_50etf_qvix
2016-02-26,50ETF,32.53,33.34566569,33.34566569,31.99310161,akshare:index_option_50etf_qvix
2016-02-29,50ETF,32.63,32.53,33.21019135,32.46428403,akshare:index_option_50etf_qvix
2016-03-01,50ETF,31.51,31.54121375,31.54121375,31.38018846,akshare:index_option_50etf_qvix
2016-03-02,50ETF,33.15,33.11991978,33.87539871,33.11991978,akshare:index_option_50etf_qvix
2016-03-03,50ETF,33.12,33.15,33.44641481,32.64302488,akshare:index_option_50etf_qvix
2016-03-04,50ETF,33.01,33.12,33.32463279,32.99746718,akshare:index_option_50etf_qvix
2016-03-07,50ETF,33.82,33.6852167,34.44595191,33.6852167,akshare:index_option_50etf_qvix
2016-03-08,50ETF,33.42,33.82,34.12393928,32.98663884,akshare:index_option_50etf_qvix
2016-03-09,50ETF,33.47,33.42,33.93852257,33.20521199,akshare:index_option_50etf_qvix
2016-03-10,50ETF,33.64,33.47,34.39370447,33.4398045,akshare:index_option_50etf_qvix
2016-03-11,50ETF,33.64,33.64,34.10742009,33.21586059,akshare:index_option_50etf_qvix
2016-03-14,50ETF,33.28,33.45747952,33.45747952,32.78495515,akshare:index_option_50etf_qvix
2016-03-15,50ETF,32.64,33.24917729,33.24917729,32.36923088,akshare:index_option_50etf_qvix
2016-03-16,50ETF,31.89,32.64,32.8193808,31.80235245,akshare:index_option_50etf_qvix
2016-03-17,50ETF,31.25,31.55110526,31.55110526,30.50528894,akshare:index_option_50etf_qvix
2016-03-18,50ETF,31.16,31.25,31.9560345,30.87306283,akshare:index_option_50etf_qvix
2016-03-21,50ETF,31.56,31.34144467,31.6758727,31.34144467,akshare:index_option_50etf_qvix
2016-03-22,50ETF,33.11,32.80001994,33.50565979,32.80001994,akshare:index_option_50etf_qvix
2016-03-23,50ETF,34.04,33.34737981,34.34569375,33.34737981,akshare:index_option_50etf_qvix
2016-03-24,50ETF,32.9,33.53286699,33.53286699,32.40429597,akshare:index_option_50etf_qvix
2016-03-25,50ETF,30.98,31.7823173,31.7823173,30.08490855,akshare:index_option_50etf_qvix
2016-03-28,50ETF,31.1,30.98,31.71876312,30.71315599,akshare:index_option_50etf_qvix
2016-03-29,50ETF,31.21,31.1,32.07467156,30.34963477,akshare:index_option_50etf_qvix
2016-03-30,50ETF,30.87,30.95726075,30.95726075,30.14600804,akshare:index_option_50etf_qvix
2016-03-31,50ETF,30.96,30.87,31.61912132,30.12470488,akshare:index_option_50etf_qvix
2016-04-01,50ETF,30.5,30.53285298,30.53285298,29.57998812,akshare:index_option_50etf_qvix
2016-04-05,50ETF,30.19,30.27976128,30.27976128,29.61831695,akshare:index_option_50etf_qvix
2016-04-06,50ETF,29.96,30.19,30.2174005,29.45466702,akshare:index_option_50etf_qvix
2016-04-07,50ETF,28.8,28.87677665,28.87677665,28.64329078,akshare:index_option_50etf_qvix
2016-04-08,50ETF,27.66,27.79746074,27.79746074,26.71362579,akshare:index_option_50etf_qvix
2016-04-11,50ETF,27.63,27.66,27.86931968,27.32306123,akshare:index_option_50etf_qvix
2016-04-12,50ETF,26.65,27.14036675,27.14036675,25.66825895,akshare:index_option_50etf_qvix
2016-04-13,50ETF,26.5,26.65,26.73862898,26.19085826,akshare:index_option_50etf_qvix
2016-04-14,50ETF,26.06,26.27157786,26.27157786,25.93198823,akshare:index_option_50etf_qvix
2016-04-15,50ETF,26.05,26.06,26.23773771,25.52819736,akshare:index_option_50etf_qvix
2016-04-18,50ETF,26.19,26.12043573,26.27771848,26.12043573,akshare:index_option_50etf_qvix
2016-04-19,50ETF,25.49,25.76579509,25.76579509,24.58392669,akshare:index_option_50etf_qvix
2016-04-20,50ETF,25.62,25.49,26.59697569,24.79361935,akshare:index_option_50etf_qvix
2016-04-21,50ETF,25.05,25.62,25.94449574,24.54860945,akshare:index_option_50etf_qvix
2016-04-22,50ETF,24.52,24.84485713,24.84485713,23.79401874,akshare:index_option_50etf_qvix
2016-04-25,50ETF,25.16,25.06300128,25.5991077,25.06300128,akshare:index_option_50etf_qvix
2016-04-26,50ETF,25.53,25.16,25.62929035,25.15276669,akshare:index_option_50etf_qvix
2016-04-27,50ETF,25.47,25.53,25.55079925,24.59205181,akshare:index_option_50etf_qvix
2016-04-28,50ETF,24.4,25.26835761,25.26835761,24.06559303,akshare:index_option_50etf_qvix
2016-04-29,50ETF,23.58,23.79986825,23.79986825,23.43045113,akshare:index_option_50etf_qvix
2016-05-03,50ETF,23.41,23.58,23.70712612,22.63927621,akshare:index_option_50etf_qvix
2016-05-04,50ETF,22.86,23.23503334,23.23503334,22.43722816,akshare:index_option_50etf_qvix
2016-05-05,50ETF,22.53,22.86,22.99008289,21.95945161,akshare:index_option_50etf_qvix
2016-05-06,50ETF,23.49,23.32892512,23.79872771,23.32892512,akshare:index_option_50etf_qvix
2016-05-09,50ETF,26.11,25.69036549,27.04489829,25.69036549,akshare:index_option_50etf_qvix
2016-05-10,50ETF,24.89,25.12684116,25.12684116,24.06786774,akshare:index_option_50etf_qvix
2016-05-11,50ETF,23.47,23.52966511,23.52966511,22.80925807,akshare:index_option_50etf_qvix
2016-05-12,50ETF,23.45,23.47,24.05304589,23.15956502,akshare:index_option_50etf_qvix
2016-05-13,50ETF,22.79,22.83113203,22.83113203,22.26799931,akshare:index_option_50etf_qvix
2016-05-16,50ETF,22.5,22.79,23.30652776,21.8442736,akshare:index_option_50etf_qvix
2016-05-17,50ETF,22.03,22.41905539,22.41905539,21.08996644,akshare:index_option_50etf_qvix
2016-05-18,50ETF,22.13,22.03,22.97493974,21.85803187,akshare:index_option_50etf_qvix
2016-05-19,50ETF,21.42,21.64692886,21.64692886,20.51151728,akshare:index_option_50etf_qvix
2016-05-20,50ETF,20.54,21.42,21.4641557,20.25027415,akshare:index_option_50etf_qvix
2016-05-23,50ETF,19.82,20.17540568,20.17540568,19.23137934,akshare:index_option_50etf_qvix
2016-05-24,50ETF,19.64,19.69918974,19.69918974,19.48615944,akshare:index_option_50etf_qvix
2016-05-25,50ETF,20.28,19.96005569,20.87133598,19.96005569,akshare:index_option_50etf_qvix
2016-05-26,50ETF,18.9,19.15803984,19.15803984,18.18362424,akshare:index_option_50etf_qvix
2016-05-27,50ETF,18.37,18.9,19.3628939,18.16396829,akshare:index_option_50etf_qvix
2016-05-30,50ETF,18.57,18.53560404,19.08348355,18.53560404,akshare:index_option_50etf_qvix
2016-05-31,50ETF,21.51,21.19457658,22.35574808,21.19457658,akshare:index_option_50etf_qvix
2016-06-01,50ETF,20.86,21.08700033,21.08700033,19.95839402,akshare:index_option_50etf_qvix
2016-06-02,50ETF,20.69,20.743727,20.743727,19.96147022,akshare:index_option_50etf_qvix
2016-06-03,50ETF,20.79,20.75641492,21.4659519,20.75641492,akshare:index_option_50etf_qvix
2016-06-06,50ETF,20.88,20.79,20.96917531,19.97615139,akshare:index_option_50etf_qvix
2016-06-07,50ETF,20.67,20.88,21.31470925,20.33883805,akshare:index_option_50etf_qvix
2016-06-08,50ETF,21.01,20.67,21.37425939,20.31176997,akshare:index_option_50etf_qvix
2016-06-13,50ETF,23.06,22.75398222,23.96740875,22.75398222,akshare:index_option_50etf_qvix
2016-06-14,50ETF,21.88,21.96263882,21.96263882,21.54422869,akshare:index_option_50etf_qvix
2016-06-15,50ETF,19.7,20.61372089,20.61372089,18.73544426,akshare:index_option_50etf_qvix
2016-06-16,50ETF,19.34,19.60202437,19.60202437,19.24944259,akshare:index_option_50etf_qvix
2016-06-17,50ETF,18.49,19.10178677,19.10178677,18.06129533,akshare:index_option_50etf_qvix
2016-06-20,50ETF,19.33,19.25285809,20.11540953,19.25285809,akshare:index_option_50etf_qvix
2016-06-21,50ETF,19.24,19.33,19.45580621,18.89167676,akshare:index_option_50etf_qvix
2016-06-22,50ETF,19.84,19.80083044,20.45896227,19.80083044,akshare:index_option_50etf_qvix
2016-06-23,50ETF,20.34,20.31141695,21.24732559,20.31141695,akshare:index_option_50etf_qvix
2016-06-24,50ETF,20.71,20.39997631,21.02924305,20.39997631,akshare:index_option_50etf_qvix
2016-06-27,50ETF,20.43,20.71,21.31196265,19.78032414,akshare:index_option_50etf_qvix
2016-06-28,50ETF,19.67,20.43,20.54511453,19.5772487,akshare:index_option_50etf_qvix
2016-06-29,50ETF,19.23,19.74,19.81,19.04,akshare:index_option_50etf_qvix
2016-06-30,50ETF,18.58,19.21,19.27,18.44,akshare:index_option_50etf_qvix
2016-07-01,50ETF,18.21,18.79,18.79,18.21,akshare:index_option_50etf_qvix
2016-07-04,50ETF,18.27,19.04,19.08,18.24,akshare:index_option_50etf_qvix
2016-07-05,50ETF,18.64,18.73,18.84,18.55,akshare:index_option_50etf_qvix
2016-07-06,50ETF,18.65,18.95,18.99,18.59,akshare:index_option_50etf_qvix
2016-07-07,50ETF,19.3,18.77,19.3,18.77,akshare:index_option_50etf_qvix
2016-07-08,50ETF,19.3,19.44,19.58,19.27,akshare:index_option_50etf_qvix
2016-07-11,50ETF,19.0,19.85,19.88,18.95,akshare:index_option_50etf_qvix
2016-07-12,50ETF,18.91,19.15,19.18,18.42,akshare:index_option_50etf_qvix
2016-07-13,50ETF,19.69,19.44,19.91,19.4,akshare:index_option_50etf_qvix
2016-07-14,50ETF,19.49,19.87,20.05,19.44,akshare:index_option_50etf_qvix
2016-07-15,50ETF,19.55,19.64,19.79,19.4,akshare:index_option_50etf_qvix
2016-07-18,50ETF,20.31,20.41,20.47,20.15,akshare:index_option_50etf_qvix
2016-07-19,50ETF,20.4,20.43,20.54,20.17,akshare:index_option_50etf_qvix
2016-07-20,50ETF,20.22,20.38,20.5,20.02,akshare:index_option_50etf_qvix
2016-07-21,50ETF,20.27,20.37,20.76,20.15,akshare:index_option_50etf_qvix
2016-07-22,50ETF,20.0,20.42,20.45,19.95,akshare:index_option_50etf_qvix
2016-07-25,50ETF,19.87,20.86,20.93,19.81,akshare:index_option_50etf_qvix
2016-07-26,50ETF,19.46,20.15,20.2,19.42,akshare:index_option_50etf_qvix
2016-07-27,50ETF,20.32,19.65,21.29,19.45,akshare:index_option_50etf_qvix
2016-07-28,50ETF,18.89,20.06,20.33,18.88,akshare:index_option_50etf_qvix
2016-07-29,50ETF,18.75,19.14,19.15,18.66,akshare:index_option_50etf_qvix
2016-08-01,50ETF,18.76,19.54,19.54,18.75,akshare:index_option_50etf_qvix
2016-08-02,50ETF,18.29,18.9,19.01,18.25,akshare:index_option_50etf_qvix
2016-08-03,50ETF,17.84,18.58,18.58,17.8,akshare:index_option_50etf_qvix
2016-08-04,50ETF,17.45,18.01,18.01,17.45,akshare:index_option_50etf_qvix
2016-08-05,50ETF,17.11,17.72,17.72,17.06,akshare:index_option_50etf_qvix
2016-08-08,50ETF,17.01,17.82,18.08,16.99,akshare:index_option_50etf_qvix
2016-08-09,50ETF,16.64,17.18,17.19,16.51,akshare:index_option_50etf_qvix
2016-08-10,50ETF,16.65,16.8,16.9,16.65,akshare:index_option_50etf_qvix
2016-08-11,50ETF,16.8,16.85,17.26,16.65,akshare:index_option_50etf_qvix
2016-08-12,50ETF,17.69,16.92,17.73,16.79,akshare:index_option_50etf_qvix
2016-08-15,50ETF,20.19,17.55,20.5,17.45,akshare:index_option_50etf_qvix
2016-08-16,50ETF,19.36,21.45,21.56,19.29,akshare:index_option_50etf_qvix
2016-08-17,50ETF,19.34,19.63,19.8,19.21,akshare:index_option_50etf_qvix
2016-08-18,50ETF,19.48,19.51,19.95,19.37,akshare:index_option_50etf_qvix
2016-08-19,50ETF,19.45,19.37,20.57,19.31,akshare:index_option_50etf_qvix
2016-08-22,50ETF,19.73,20.07,20.48,19.67,akshare:index_option_50etf_qvix
2016-08-23,50ETF,19.42,19.8,20.02,19.31,akshare:index_option_50etf_qvix
2016-08-24,50ETF,19.47,19.74,19.74,19.31,akshare:index_option_50etf_qvix
2016-08-25,50ETF,19.71,19.78,20.21,19.7,akshare:index_option_50etf_qvix
2016-08-26,50ETF,19.6,20.03,20.03,19.43,akshare:index_option_50etf_qvix
2016-08-29,50ETF,20.12,20.39,20.42,20.11,akshare:index_option_50etf_qvix
2016-08-30,50ETF,20.1,20.15,20.36,19.93,akshare:index_option_50etf_qvix
2016-08-31,50ETF,20.47,20.5,20.5,20.16,akshare:index_option_50etf_qvix
2016-09-01,50ETF,20.53,20.64,20.8,20.48,akshare:index_option_50etf_qvix
2016-09-02,50ETF,20.38,20.53,20.53,20.24,akshare:index_option_50etf_qvix
2016-09-05,50ETF,20.34,21.05,21.05,20.33,akshare:index_option_50etf_qvix
2016-09-06,50ETF,20.14,20.45,20.45,20.1,akshare:index_option_50etf_qvix
2016-09-07,50ETF,20.12,20.32,20.41,20.03,akshare:index_option_50etf_qvix
2016-09-08,50ETF,19.66,20.17,20.17,19.65,akshare:index_option_50etf_qvix
2016-09-09,50ETF,18.6,19.83,19.83,18.56,akshare:index_option_50etf_qvix
2016-09-12,50ETF,19.31,19.84,20.05,19.31,akshare:index_option_50etf_qvix
2016-09-13,50ETF,17.55,19.0,19.0,17.32,akshare:index_option_50etf_qvix
2016-09-14,50ETF,17.63,17.59,17.82,17.55,akshare:index_option_50etf_qvix
2016-09-19,50ETF,17.45,18.6,18.6,17.43,akshare:index_option_50etf_qvix
2016-09-20,50ETF,17.06,17.64,17.69,17.0,akshare:index_option_50etf_qvix
2016-09-21,50ETF,17.35,17.22,17.35,16.96,akshare:index_option_50etf_qvix
2016-09-22,50ETF,16.26,17.43,17.52,16.26,akshare:index_option_50etf_qvix
2016-09-23,50ETF,15.81,16.17,16.43,15.8,akshare:index_option_50etf_qvix
2016-09-26,50ETF,16.3,16.47,16.6,16.02,akshare:index_option_50etf_qvix
2016-09-27,50ETF,16.5,16.88,17.01,16.34,akshare:index_option_50etf_qvix
2016-09-28,50ETF,16.59,16.6,16.68,16.45,akshare:index_option_50etf_qvix
2016-09-29,50ETF,15.44,16.5,16.5,15.42,akshare:index_option_50etf_qvix
2016-09-30,50ETF,16.31,15.5,16.33,15.49,akshare:index_option_50etf_qvix
2016-10-10,50ETF,16.78,18.29,18.29,16.75,akshare:index_option_50etf_qvix
2016-10-11,50ETF,16.13,16.92,16.93,16.1,akshare:index_option_50etf_qvix
2016-10-12,50ETF,16.08,16.31,16.31,16.06,akshare:index_option_50etf_qvix
2016-10-13,50ETF,15.78,16.31,16.31,15.77,akshare:index_option_50etf_qvix
2016-10-14,50ETF,15.21,15.94,15.97,15.21,akshare:index_option_50etf_qvix
2016-10-17,50ETF,14.88,15.76,15.86,14.82,akshare:index_option_50etf_qvix
2016-10-18,50ETF,15.24,15.01,15.25,14.47,akshare:index_option_50etf_qvix
2016-10-19,50ETF,15.64,15.55,15.73,15.44,akshare:index_option_50etf_qvix
2016-10-20,50ETF,15.19,15.7,15.7,15.19,akshare:index_option_50etf_qvix
2016-10-21,50ETF,14.97,15.21,15.39,14.93,akshare:index_option_50etf_qvix
2016-10-24,50ETF,15.91,15.71,16.94,15.53,akshare:index_option_50etf_qvix
2016-10-25,50ETF,16.14,16.12,16.48,15.92,akshare:index_option_50etf_qvix
2016-10-26,50ETF,16.37,16.27,16.74,16.27,akshare:index_option_50etf_qvix
2016-10-27,50ETF,15.97,16.58,16.58,15.75,akshare:index_option_50etf_qvix
2016-10-28,50ETF,16.11,16.15,16.75,16.04,akshare:index_option_50etf_qvix
2016-10-31,50ETF,16.11,16.67,16.78,16.1,akshare:index_option_50etf_qvix
2016-11-01,50ETF,16.35,16.31,16.44,16.09,akshare:index_option_50etf_qvix
2016-11-02,50ETF,16.68,16.77,16.78,16.38,akshare:index_option_50etf_qvix
2016-11-03,50ETF,17.74,16.77,18.28,16.77,akshare:index_option_50etf_qvix
2016-11-04,50ETF,17.86,18.02,18.34,17.84,akshare:index_option_50etf_qvix
2016-11-07,50ETF,19.01,18.43,19.34,18.36,akshare:index_option_50etf_qvix
2016-11-08,50ETF,18.59,19.27,19.38,18.57,akshare:index_option_50etf_qvix
2016-11-09,50ETF,18.37,18.71,19.73,18.23,akshare:index_option_50etf_qvix
2016-11-10,50ETF,17.03,18.42,18.46,16.93,akshare:index_option_50etf_qvix
2016-11-11,50ETF,16.27,16.72,16.94,16.19,akshare:index_option_50etf_qvix
2016-11-14,50ETF,17.0,16.76,17.38,16.75,akshare:index_option_50etf_qvix
2016-11-15,50ETF,16.92,17.16,17.27,16.89,akshare:index_option_50etf_qvix
2016-11-16,50ETF,16.6,17.14,17.15,16.59,akshare:index_option_50etf_qvix
2016-11-17,50ETF,16.24,16.69,16.78,16.23,akshare:index_option_50etf_qvix
2016-11-18,50ETF,15.87,16.25,16.25,14.25,akshare:index_option_50etf_qvix
2016-11-21,50ETF,15.65,16.31,16.35,15.61,akshare:index_option_50etf_qvix
2016-11-22,50ETF,16.14,15.9,16.22,15.65,akshare:index_option_50etf_qvix
2016-11-23,50ETF,16.35,16.45,16.87,16.28,akshare:index_option_50etf_qvix
2016-11-24,50ETF,16.13,16.34,16.6,16.03,akshare:index_option_50etf_qvix
2016-11-25,50ETF,16.03,16.61,16.68,15.92,akshare:index_option_50etf_qvix
2016-11-28,50ETF,15.62,14.63,16.01,14.16,akshare:index_option_50etf_qvix
2016-11-29,50ETF,14.86,15.51,16.26,13.72,akshare:index_option_50etf_qvix
2016-11-30,50ETF,16.39,16.57,17.84,16.35,akshare:index_option_50etf_qvix
2016-12-01,50ETF,15.83,16.39,17.01,15.77,akshare:index_option_50etf_qvix
2016-12-02,50ETF,16.22,16.01,16.22,15.86,akshare:index_option_50etf_qvix
2016-12-05,50ETF,16.32,17.34,17.34,16.24,akshare:index_option_50etf_qvix
2016-12-06,50ETF,15.67,16.45,16.64,15.62,akshare:index_option_50etf_qvix
2016-12-07,50ETF,15.15,15.82,16.28,15.15,akshare:index_option_50etf_qvix
2016-12-08,50ETF,14.15,15.28,15.45,14.08,akshare:index_option_50etf_qvix
2016-12-09,50ETF,14.55,14.32,15.14,13.67,akshare:index_option_50etf_qvix
2016-12-12,50ETF,15.44,15.1,15.65,14.02,akshare:index_option_50etf_qvix
2016-12-13,50ETF,15.43,15.62,16.1,15.38,akshare:index_option_50etf_qvix
2016-12-14,50ETF,15.85,15.54,15.86,15.33,akshare:index_option_50etf_qvix
2016-12-15,50ETF,17.17,16.07,17.24,14.86,akshare:index_option_50etf_qvix
2016-12-16,50ETF,16.48,17.96,18.38,16.44,akshare:index_option_50etf_qvix
2016-12-19,50ETF,16.97,17.39,17.6,16.68,akshare:index_option_50etf_qvix
2016-12-20,50ETF,18.42,17.24,18.44,16.85,akshare:index_option_50etf_qvix
2016-12-21,50ETF,17.38,18.55,18.64,17.08,akshare:index_option_50etf_qvix
2016-12-22,50ETF,17.66,17.53,18.02,17.29,akshare:index_option_50etf_qvix
2016-12-23,50ETF,17.51,17.79,17.9,17.43,akshare:index_option_50etf_qvix
2016-12-26,50ETF,17.63,18.3,19.15,17.58,akshare:index_option_50etf_qvix
2016-12-27,50ETF,18.41,17.86,18.46,17.72,akshare:index_option_50etf_qvix
2016-12-28,50ETF,18.28,18.54,18.74,18.26,akshare:index_option_50etf_qvix
2016-12-29,50ETF,17.34,18.18,18.18,17.31,akshare:index_option_50etf_qvix
2016-12-30,50ETF,17.22,17.48,17.55,17.1,akshare:index_option_50etf_qvix
2017-01-03,50ETF,15.86,17.8,18.0,15.69,akshare:index_option_50etf_qvix
2017-01-04,50ETF,14.74,15.94,16.05,14.72,akshare:index_option_50etf_qvix
2017-01-05,50ETF,14.73,15.2,15.2,14.5,akshare:index_option_50etf_qvix
2017-01-06,50ETF,14.49,14.86,14.86,14.25,akshare:index_option_50etf_qvix
2017-01-09,50ETF,14.12,14.97,14.99,14.11,akshare:index_option_50etf_qvix
2017-01-10,50ETF,13.83,14.3,14.33,13.68,akshare:index_option_50etf_qvix
2017-01-11,50ETF,13.78,14.04,14.04,13.6,akshare:index_option_50etf_qvix
2017-01-12,50ETF,13.79,14.11,14.19,13.76,akshare:index_option_50etf_qvix
2017-01-13,50ETF,13.29,13.94,13.97,13.11,akshare:index_option_50etf_qvix
2017-01-16,50ETF,13.34,13.82,14.04,12.8,akshare:index_option_50etf_qvix
2017-01-17,50ETF,12.32,13.54,13.54,12.28,akshare:index_option_50etf_qvix
2017-01-18,50ETF,12.07,12.43,12.55,12.06,akshare:index_option_50etf_qvix
2017-01-19,50ETF,12.08,12.58,12.59,12.08,akshare:index_option_50etf_qvix
2017-01-20,50ETF,11.7,12.26,12.26,11.64,akshare:index_option_50etf_qvix
2017-01-23,50ETF,11.66,12.16,12.16,11.63,akshare:index_option_50etf_qvix
2017-01-24,50ETF,11.63,11.95,12.1,11.51,akshare:index_option_50etf_qvix
2017-01-25,50ETF,11.43,11.82,12.04,11.41,akshare:index_option_50etf_qvix
2017-01-26,50ETF,11.32,11.58,12.12,10.94,akshare:index_option_50etf_qvix
2017-02-03,50ETF,12.43,12.91,13.23,12.1,akshare:index_option_50etf_qvix
2017-02-06,50ETF,12.51,13.01,13.56,11.91,akshare:index_option_50etf_qvix
2017-02-07,50ETF,11.92,12.7,12.7,11.88,akshare:index_option_50etf_qvix
2017-02-08,50ETF,12.78,12.09,12.78,11.38,akshare:index_option_50etf_qvix
2017-02-09,50ETF,12.63,12.91,17.72,12.26,akshare:index_option_50etf_qvix
2017-02-10,50ETF,12.44,12.78,12.78,12.43,akshare:index_option_50etf_qvix
2017-02-13,50ETF,12.04,12.96,12.96,12.04,akshare:index_option_50etf_qvix
2017-02-14,50ETF,11.37,12.21,15.4,11.29,akshare:index_option_50etf_qvix
2017-02-15,50ETF,11.1,11.44,11.52,10.92,akshare:index_option_50etf_qvix
2017-02-16,50ETF,11.19,11.2,11.33,10.94,akshare:index_option_50etf_qvix
2017-02-17,50ETF,11.64,11.28,15.26,11.04,akshare:index_option_50etf_qvix
2017-02-20,50ETF,12.05,12.09,12.16,11.71,akshare:index_option_50etf_qvix
2017-02-21,50ETF,12.29,12.19,13.58,12.14,akshare:index_option_50etf_qvix
2017-02-22,50ETF,11.87,12.36,12.48,11.87,akshare:index_option_50etf_qvix
2017-02-23,50ETF,11.06,11.85,15.67,11.05,akshare:index_option_50etf_qvix
2017-02-24,50ETF,11.24,11.13,11.41,10.96,akshare:index_option_50etf_qvix
2017-02-27,50ETF,12.1,11.6,12.14,11.55,akshare:index_option_50etf_qvix
2017-02-28,50ETF,11.94,12.18,12.18,11.75,akshare:index_option_50etf_qvix
2017-03-01,50ETF,11.72,12.11,12.11,11.59,akshare:index_option_50etf_qvix
2017-03-02,50ETF,12.03,11.82,12.25,11.62,akshare:index_option_50etf_qvix
2017-03-03,50ETF,11.34,12.24,12.37,11.33,akshare:index_option_50etf_qvix
2017-03-06,50ETF,11.79,11.95,12.35,11.05,akshare:index_option_50etf_qvix
2017-03-07,50ETF,11.6,11.28,11.91,10.87,akshare:index_option_50etf_qvix
2017-03-08,50ETF,10.82,11.7,11.85,10.8,akshare:index_option_50etf_qvix
2017-03-09,50ETF,10.57,10.87,11.1,10.31,akshare:index_option_50etf_qvix
2017-03-10,50ETF,10.29,10.73,10.79,10.28,akshare:index_option_50etf_qvix
2017-03-13,50ETF,10.63,10.78,11.01,10.33,akshare:index_option_50etf_qvix
2017-03-14,50ETF,10.78,10.69,11.38,10.37,akshare:index_option_50etf_qvix
2017-03-15,50ETF,11.49,10.87,11.5,10.41,akshare:index_option_50etf_qvix
2017-03-16,50ETF,10.34,10.88,11.19,10.31,akshare:index_option_50etf_qvix
2017-03-17,50ETF,10.12,10.48,10.62,9.96,akshare:index_option_50etf_qvix
2017-03-20,50ETF,10.1,10.54,10.95,10.09,akshare:index_option_50etf_qvix
2017-03-21,50ETF,10.11,10.33,10.41,9.91,akshare:index_option_50etf_qvix
2017-03-22,50ETF,10.1,10.32,10.66,10.06,akshare:index_option_50etf_qvix
2017-03-23,50ETF,9.45,10.13,10.17,9.19,akshare:index_option_50etf_qvix
2017-03-24,50ETF,9.43,9.6,9.68,9.16,akshare:index_option_50etf_qvix
2017-03-27,50ETF,10.25,9.94,10.41,9.79,akshare:index_option_50etf_qvix
2017-03-28,50ETF,10.35,10.35,10.53,10.1,akshare:index_option_50etf_qvix
2017-03-29,50ETF,10.04,10.39,10.45,9.86,akshare:index_option_50etf_qvix
2017-03-30,50ETF,9.93,10.16,10.51,9.92,akshare:index_option_50etf_qvix
2017-03-31,50ETF,9.65,10.0,10.19,9.65,akshare:index_option_50etf_qvix
2017-04-05,50ETF,10.07,10.62,10.62,10.07,akshare:index_option_50etf_qvix
2017-04-06,50ETF,10.09,10.34,10.48,10.06,akshare:index_option_50etf_qvix
2017-04-07,50ETF,10.05,10.19,10.19,9.94,akshare:index_option_50etf_qvix
2017-04-10,50ETF,10.12,10.53,10.53,10.08,akshare:index_option_50etf_qvix
2017-04-11,50ETF,9.98,10.15,10.39,9.9,akshare:index_option_50etf_qvix
2017-04-12,50ETF,9.97,10.13,10.22,9.97,akshare:index_option_50etf_qvix
2017-04-13,50ETF,9.99,10.12,10.3,9.98,akshare:index_option_50etf_qvix
2017-04-14,50ETF,10.42,10.08,10.64,10.07,akshare:index_option_50etf_qvix
2017-04-17,50ETF,10.25,10.78,11.42,10.21,akshare:index_option_50etf_qvix
2017-04-18,50ETF,10.31,10.36,10.47,10.22,akshare:index_option_50etf_qvix
2017-04-19,50ETF,10.67,10.37,11.28,10.33,akshare:index_option_50etf_qvix
2017-04-20,50ETF,10.19,10.77,10.83,10.16,akshare:index_option_50etf_qvix
2017-04-21,50ETF,9.72,10.37,10.37,9.57,akshare:index_option_50etf_qvix
2017-04-24,50ETF,10.07,9.99,12.53,9.99,akshare:index_option_50etf_qvix
2017-04-25,50ETF,9.67,10.4,10.4,9.64,akshare:index_option_50etf_qvix
2017-04-26,50ETF,9.29,9.86,10.49,9.12,akshare:index_option_50etf_qvix
2017-04-27,50ETF,9.1,9.43,9.67,9.06,akshare:index_option_50etf_qvix
2017-04-28,50ETF,9.13,9.1,9.36,9.06,akshare:index_option_50etf_qvix
2017-05-02,50ETF,9.09,9.48,9.58,9.03,akshare:index_option_50etf_qvix
2017-05-03,50ETF,9.06,9.06,9.27,8.99,akshare:index_option_50etf_qvix
2017-05-04,50ETF,9.0,9.17,9.43,8.89,akshare:index_option_50etf_qvix
2017-05-05,50ETF,9.29,9.1,10.17,9.04,akshare:index_option_50etf_qvix
2017-05-08,50ETF,9.25,9.63,9.86,9.22,akshare:index_option_50etf_qvix
2017-05-09,50ETF,8.84,9.43,9.43,8.83,akshare:index_option_50etf_qvix
2017-05-10,50ETF,8.38,8.98,9.58,8.28,akshare:index_option_50etf_qvix
2017-05-11,50ETF,8.31,8.54,8.84,8.31,akshare:index_option_50etf_qvix
2017-05-12,50ETF,8.75,8.4,9.03,7.95,akshare:index_option_50etf_qvix
2017-05-15,50ETF,8.87,9.17,9.19,8.86,akshare:index_option_50etf_qvix
2017-05-16,50ETF,8.67,8.96,9.08,8.67,akshare:index_option_50etf_qvix
2017-05-17,50ETF,8.56,8.8,8.92,8.56,akshare:index_option_50etf_qvix
2017-05-18,50ETF,8.49,8.62,8.79,8.3,akshare:index_option_50etf_qvix
2017-05-19,50ETF,8.64,8.54,8.76,8.42,akshare:index_option_50etf_qvix
2017-05-22,50ETF,8.47,8.94,9.08,8.35,akshare:index_option_50etf_qvix
2017-05-23,50ETF,8.59,8.49,8.74,8.18,akshare:index_option_50etf_qvix
2017-05-24,50ETF,8.7,8.64,9.59,8.59,akshare:index_option_50etf_qvix
2017-05-25,50ETF,12.35,8.8,13.01,8.56,akshare:index_option_50etf_qvix
2017-05-26,50ETF,10.88,12.47,13.4,10.8,akshare:index_option_50etf_qvix
2017-05-31,50ETF,12.03,12.25,13.17,11.6,akshare:index_option_50etf_qvix
2017-06-01,50ETF,12.12,12.57,12.89,12.1,akshare:index_option_50etf_qvix
2017-06-02,50ETF,12.9,12.89,13.44,12.75,akshare:index_option_50etf_qvix
2017-06-05,50ETF,12.46,13.46,13.46,12.37,akshare:index_option_50etf_qvix
2017-06-06,50ETF,12.48,12.56,12.89,12.26,akshare:index_option_50etf_qvix
2017-06-07,50ETF,13.83,12.73,13.95,12.57,akshare:index_option_50etf_qvix
2017-06-08,50ETF,14.23,13.94,14.38,13.81,akshare:index_option_50etf_qvix
2017-06-09,50ETF,15.09,14.39,15.57,14.35,akshare:index_option_50etf_qvix
2017-06-12,50ETF,15.45,15.58,16.33,15.24,akshare:index_option_50etf_qvix
2017-06-13,50ETF,15.09,15.6,15.76,15.09,akshare:index_option_50etf_qvix
2017-06-14,50ETF,14.49,15.33,15.44,14.24,akshare:index_option_50etf_qvix
2017-06-15,50ETF,13.9,14.7,14.74,13.76,akshare:index_option_50etf_qvix
2017-06-16,50ETF,13.28,14.0,14.09,13.26,akshare:index_option_50etf_qvix
2017-06-19,50ETF,13.69,13.8,13.86,13.25,akshare:index_option_50etf_qvix
2017-06-20,50ETF,13.99,13.9,14.28,13.83,akshare:index_option_50etf_qvix
2017-06-21,50ETF,13.37,14.21,14.48,13.31,akshare:index_option_50etf_qvix
2017-06-22,50ETF,13.61,13.37,14.8,13.07,akshare:index_option_50etf_qvix
2017-06-23,50ETF,13.9,13.78,14.04,13.35,akshare:index_option_50etf_qvix
2017-06-26,50ETF,15.38,15.06,15.72,15.05,akshare:index_option_50etf_qvix
2017-06-27,50ETF,14.86,15.64,15.65,14.79,akshare:index_option_50etf_qvix
2017-06-28,50ETF,15.04,15.1,15.26,14.91,akshare:index_option_50etf_qvix
2017-06-29,50ETF,14.47,14.94,15.16,14.47,akshare:index_option_50etf_qvix
2017-06-30,50ETF,14.4,14.65,14.84,14.34,akshare:index_option_50etf_qvix
2017-07-03,50ETF,14.07,14.86,14.9,14.05,akshare:index_option_50etf_qvix
2017-07-04,50ETF,13.3,14.2,14.24,13.29,akshare:index_option_50etf_qvix
2017-07-05,50ETF,14.22,13.47,14.3,13.32,akshare:index_option_50etf_qvix
2017-07-06,50ETF,13.82,14.37,14.51,13.68,akshare:index_option_50etf_qvix
2017-07-07,50ETF,13.88,13.92,14.11,13.85,akshare:index_option_50etf_qvix
2017-07-10,50ETF,13.9,14.35,14.4,13.86,akshare:index_option_50etf_qvix
2017-07-11,50ETF,13.73,14.49,14.59,13.68,akshare:index_option_50etf_qvix
2017-07-12,50ETF,14.78,13.84,14.86,13.81,akshare:index_option_50etf_qvix
2017-07-13,50ETF,14.78,14.95,15.09,14.63,akshare:index_option_50etf_qvix
2017-07-14,50ETF,15.76,15.97,16.24,15.62,akshare:index_option_50etf_qvix
2017-07-17,50ETF,17.35,16.67,17.88,16.12,akshare:index_option_50etf_qvix
2017-07-18,50ETF,16.92,17.59,18.09,16.91,akshare:index_option_50etf_qvix
2017-07-19,50ETF,16.99,17.18,17.45,16.3,akshare:index_option_50etf_qvix
2017-07-20,50ETF,17.2,17.25,20.31,17.14,akshare:index_option_50etf_qvix
2017-07-21,50ETF,16.15,17.38,17.76,16.08,akshare:index_option_50etf_qvix
2017-07-24,50ETF,15.71,16.9,16.9,15.57,akshare:index_option_50etf_qvix
2017-07-25,50ETF,15.38,16.02,16.39,15.36,akshare:index_option_50etf_qvix
2017-07-26,50ETF,15.93,15.57,15.96,15.36,akshare:index_option_50etf_qvix
2017-07-27,50ETF,15.88,16.08,16.51,15.86,akshare:index_option_50etf_qvix
2017-07-28,50ETF,15.57,16.02,16.31,15.52,akshare:index_option_50etf_qvix
2017-07-31,50ETF,15.75,16.19,16.26,15.63,akshare:index_option_50etf_qvix
2017-08-01,50ETF,15.06,15.85,15.93,15.05,akshare:index_option_50etf_qvix
2017-08-02,50ETF,14.82,15.28,15.86,14.76,akshare:index_option_50etf_qvix
2017-08-03,50ETF,15.27,15.64,16.81,15.2,akshare:index_option_50etf_qvix
2017-08-04,50ETF,14.94,15.38,15.68,14.92,akshare:index_option_50etf_qvix
2017-08-07,50ETF,15.37,15.6,15.67,15.24,akshare:index_option_50etf_qvix
2017-08-08,50ETF,14.99,15.51,15.68,14.99,akshare:index_option_50etf_qvix
2017-08-09,50ETF,14.25,15.17,15.32,14.25,akshare:index_option_50etf_qvix
2017-08-10,50ETF,13.68,14.44,14.5,13.53,akshare:index_option_50etf_qvix
2017-08-11,50ETF,14.6,14.02,14.8,13.87,akshare:index_option_50etf_qvix
2017-08-14,50ETF,14.27,15.26,15.36,14.02,akshare:index_option_50etf_qvix
2017-08-15,50ETF,14.0,14.43,14.43,13.99,akshare:index_option_50etf_qvix
2017-08-16,50ETF,13.92,14.18,14.45,13.8,akshare:index_option_50etf_qvix
2017-08-17,50ETF,13.69,14.01,14.03,13.64,akshare:index_option_50etf_qvix
2017-08-18,50ETF,13.46,14.18,14.62,13.42,akshare:index_option_50etf_qvix
2017-08-21,50ETF,13.1,13.91,14.1,13.09,akshare:index_option_50etf_qvix
2017-08-22,50ETF,12.46,13.26,14.85,12.41,akshare:index_option_50etf_qvix
2017-08-23,50ETF,13.11,12.57,13.41,12.57,akshare:index_option_50etf_qvix
2017-08-24,50ETF,12.78,13.24,13.29,12.74,akshare:index_option_50etf_qvix
2017-08-25,50ETF,13.83,12.97,14.85,12.7,akshare:index_option_50etf_qvix
2017-08-28,50ETF,14.32,14.57,15.64,14.12,akshare:index_option_50etf_qvix
2017-08-29,50ETF,14.94,15.09,18.42,14.71,akshare:index_option_50etf_qvix
2017-08-30,50ETF,14.67,14.98,15.19,14.66,akshare:index_option_50etf_qvix
2017-08-31,50ETF,14.59,14.81,15.02,14.56,akshare:index_option_50etf_qvix
2017-09-01,50ETF,14.5,14.89,14.95,14.5,akshare:index_option_50etf_qvix
2017-09-04,50ETF,15.01,15.01,15.19,14.81,akshare:index_option_50etf_qvix
2017-09-05,50ETF,14.99,15.21,15.35,14.94,akshare:index_option_50etf_qvix
2017-09-06,50ETF,15.22,15.18,15.3,14.88,akshare:index_option_50etf_qvix
2017-09-07,50ETF,14.71,15.37,15.42,14.69,akshare:index_option_50etf_qvix
2017-09-08,50ETF,14.46,14.94,14.95,14.41,akshare:index_option_50etf_qvix
2017-09-11,50ETF,15.11,14.99,15.23,14.78,akshare:index_option_50etf_qvix
2017-09-12,50ETF,15.17,15.37,15.5,15.08,akshare:index_option_50etf_qvix
2017-09-13,50ETF,15.31,15.31,15.55,15.2,akshare:index_option_50etf_qvix
2017-09-14,50ETF,14.06,15.46,15.5,13.95,akshare:index_option_50etf_qvix
2017-09-15,50ETF,13.62,14.3,14.34,13.61,akshare:index_option_50etf_qvix
2017-09-18,50ETF,13.7,14.2,14.38,13.51,akshare:index_option_50etf_qvix
2017-09-19,50ETF,12.94,13.92,13.95,12.93,akshare:index_option_50etf_qvix
2017-09-20,50ETF,12.81,13.13,13.18,12.8,akshare:index_option_50etf_qvix
2017-09-21,50ETF,12.75,13.01,13.2,12.54,akshare:index_option_50etf_qvix
2017-09-22,50ETF,12.59,12.9,13.07,12.58,akshare:index_option_50etf_qvix
2017-09-25,50ETF,12.82,13.03,13.32,12.8,akshare:index_option_50etf_qvix
2017-09-26,50ETF,12.73,13.03,13.14,12.54,akshare:index_option_50etf_qvix
2017-09-27,50ETF,12.31,12.89,13.09,12.22,akshare:index_option_50etf_qvix
2017-09-28,50ETF,10.53,12.16,12.2,10.53,akshare:index_option_50etf_qvix
2017-09-29,50ETF,11.12,10.72,11.15,10.67,akshare:index_option_50etf_qvix
2017-10-09,50ETF,11.58,13.56,14.22,11.47,akshare:index_option_50etf_qvix
2017-10-10,50ETF,11.64,11.78,12.04,11.51,akshare:index_option_50etf_qvix
2017-10-11,50ETF,11.06,11.77,11.92,10.86,akshare:index_option_50etf_qvix
2017-10-12,50ETF,10.68,11.19,11.33,10.6,akshare:index_option_50etf_qvix
2017-10-13,50ETF,10.66,10.84,10.92,10.6,akshare:index_option_50etf_qvix
2017-10-16,50ETF,10.55,11.06,11.13,10.39,akshare:index_option_50etf_qvix
2017-10-17,50ETF,10.66,11.17,11.17,10.57,akshare:index_option_50etf_qvix
2017-10-18,50ETF,10.26,10.67,10.82,10.21,akshare:index_option_50etf_qvix
2017-10-19,50ETF,10.46,10.24,10.54,10.19,akshare:index_option_50etf_qvix
2017-10-20,50ETF,10.46,10.68,10.72,10.16,akshare:index_option_50etf_qvix
2017-10-23,50ETF,10.33,10.96,10.96,10.28,akshare:index_option_50etf_qvix
2017-10-24,50ETF,11.59,10.58,11.73,10.55,akshare:index_option_50etf_qvix
2017-10-25,50ETF,11.35,11.73,12.15,11.25,akshare:index_option_50etf_qvix
2017-10-26,50ETF,11.16,11.58,11.74,11.12,akshare:index_option_50etf_qvix
2017-10-27,50ETF,10.72,11.67,12.05,10.61,akshare:index_option_50etf_qvix
2017-10-30,50ETF,11.59,11.27,11.72,11.19,akshare:index_option_50etf_qvix
2017-10-31,50ETF,10.93,11.72,11.84,10.85,akshare:index_option_50etf_qvix
2017-11-01,50ETF,10.62,11.09,11.11,10.54,akshare:index_option_50etf_qvix
2017-11-02,50ETF,10.57,10.82,10.92,10.5,akshare:index_option_50etf_qvix
2017-11-03,50ETF,10.41,10.69,10.82,10.38,akshare:index_option_50etf_qvix
2017-11-06,50ETF,10.67,10.89,11.05,10.52,akshare:index_option_50etf_qvix
2017-11-07,50ETF,10.41,10.79,12.83,10.3,akshare:index_option_50etf_qvix
2017-11-08,50ETF,10.76,10.8,11.25,10.72,akshare:index_option_50etf_qvix
2017-11-09,50ETF,10.86,10.88,11.2,10.86,akshare:index_option_50etf_qvix
2017-11-10,50ETF,11.43,11.13,11.78,11.06,akshare:index_option_50etf_qvix
2017-11-13,50ETF,11.52,11.82,12.91,11.5,akshare:index_option_50etf_qvix
2017-11-14,50ETF,12.21,12.65,12.9,12.21,akshare:index_option_50etf_qvix
2017-11-15,50ETF,12.31,12.27,12.58,12.26,akshare:index_option_50etf_qvix
2017-11-16,50ETF,12.03,12.32,12.51,11.99,akshare:index_option_50etf_qvix
2017-11-17,50ETF,12.65,12.14,12.86,12.14,akshare:index_option_50etf_qvix
2017-11-20,50ETF,14.56,13.36,14.69,13.36,akshare:index_option_50etf_qvix
2017-11-21,50ETF,14.54,14.5,16.18,14.5,akshare:index_option_50etf_qvix
2017-11-22,50ETF,15.36,14.83,17.39,14.52,akshare:index_option_50etf_qvix
2017-11-23,50ETF,16.1,16.04,16.54,14.92,akshare:index_option_50etf_qvix
2017-11-24,50ETF,16.92,16.41,17.14,16.26,akshare:index_option_50etf_qvix
2017-11-27,50ETF,18.02,17.67,18.5,17.61,akshare:index_option_50etf_qvix
2017-11-28,50ETF,15.06,15.04,15.68,14.87,akshare:index_option_50etf_qvix
2017-11-29,50ETF,15.68,15.4,16.38,15.0,akshare:index_option_50etf_qvix
2017-11-30,50ETF,16.8,15.83,16.87,15.55,akshare:index_option_50etf_qvix
2017-12-01,50ETF,17.99,17.09,18.3,16.98,akshare:index_option_50etf_qvix
2017-12-04,50ETF,16.03,18.65,18.97,15.94,akshare:index_option_50etf_qvix
2017-12-05,50ETF,15.33,16.24,16.24,14.28,akshare:index_option_50etf_qvix
2017-12-06,50ETF,16.24,15.47,17.28,15.46,akshare:index_option_50etf_qvix
2017-12-07,50ETF,15.75,16.37,17.18,15.7,akshare:index_option_50etf_qvix
2017-12-08,50ETF,15.03,15.87,16.54,14.98,akshare:index_option_50etf_qvix
2017-12-11,50ETF,14.68,15.68,15.88,14.63,akshare:index_option_50etf_qvix
2017-12-12,50ETF,15.24,14.86,15.33,14.76,akshare:index_option_50etf_qvix
2017-12-13,50ETF,15.15,15.35,15.63,14.82,akshare:index_option_50etf_qvix
2017-12-14,50ETF,15.0,15.34,15.7,14.92,akshare:index_option_50etf_qvix
2017-12-15,50ETF,15.18,15.15,16.01,14.94,akshare:index_option_50etf_qvix
2017-12-18,50ETF,15.35,15.83,15.88,15.28,akshare:index_option_50etf_qvix
2017-12-19,50ETF,15.12,15.48,15.6,14.86,akshare:index_option_50etf_qvix
2017-12-20,50ETF,15.31,15.32,15.72,15.27,akshare:index_option_50etf_qvix
2017-12-21,50ETF,14.76,15.5,15.63,14.76,akshare:index_option_50etf_qvix
2017-12-22,50ETF,14.69,14.97,15.17,14.68,akshare:index_option_50etf_qvix
2017-12-25,50ETF,15.32,15.42,15.72,14.87,akshare:index_option_50etf_qvix
2017-12-26,50ETF,15.13,15.49,15.68,14.85,akshare:index_option_50etf_qvix
2017-12-27,50ETF,16.79,15.12,16.79,14.99,akshare:index_option_50etf_qvix
2017-12-28,50ETF,15.51,16.71,16.81,15.23,akshare:index_option_50etf_qvix
2017-12-29,50ETF,14.27,15.7,15.7,14.13,akshare:index_option_50etf_qvix
2018-01-02,50ETF,15.03,16.1,16.1,14.73,akshare:index_option_50etf_qvix
2018-01-03,50ETF,14.81,15.4,15.46,14.53,akshare:index_option_50etf_qvix
2018-01-04,50ETF,14.67,14.96,15.07,14.53,akshare:index_option_50etf_qvix
2018-01-05,50ETF,14.45,14.78,14.98,14.42,akshare:index_option_50etf_qvix
2018-01-08,50ETF,14.81,15.04,15.32,14.75,akshare:index_option_50etf_qvix
2018-01-09,50ETF,14.27,14.98,15.01,14.26,akshare:index_option_50etf_qvix
2018-01-10,50ETF,14.64,14.46,14.73,14.29,akshare:index_option_50etf_qvix
2018-01-11,50ETF,14.95,14.87,15.65,14.78,akshare:index_option_50etf_qvix
2018-01-12,50ETF,14.32,15.15,15.22,14.32,akshare:index_option_50etf_qvix
2018-01-15,50ETF,15.46,14.92,15.72,14.83,akshare:index_option_50etf_qvix
2018-01-16,50ETF,15.99,15.61,16.1,15.61,akshare:index_option_50etf_qvix
2018-01-17,50ETF,16.9,16.29,18.64,16.22,akshare:index_option_50etf_qvix
2018-01-18,50ETF,18.89,16.96,18.91,16.85,akshare:index_option_50etf_qvix
2018-01-19,50ETF,18.88,19.12,19.58,17.99,akshare:index_option_50etf_qvix
2018-01-22,50ETF,18.88,19.8,19.87,18.8,akshare:index_option_50etf_qvix
2018-01-23,50ETF,19.28,20.18,20.18,18.48,akshare:index_option_50etf_qvix
2018-01-24,50ETF,21.04,19.7,21.2,19.61,akshare:index_option_50etf_qvix
2018-01-25,50ETF,18.78,20.98,21.08,18.71,akshare:index_option_50etf_qvix
2018-01-26,50ETF,17.11,18.81,19.12,16.95,akshare:index_option_50etf_qvix
2018-01-29,50ETF,18.49,17.91,18.58,16.99,akshare:index_option_50etf_qvix
2018-01-30,50ETF,16.08,18.83,18.9,15.78,akshare:index_option_50etf_qvix
2018-01-31,50ETF,17.15,16.32,17.44,16.21,akshare:index_option_50etf_qvix
2018-02-01,50ETF,16.79,17.34,17.63,16.77,akshare:index_option_50etf_qvix
2018-02-02,50ETF,17.03,17.19,18.15,16.84,akshare:index_option_50etf_qvix
2018-02-05,50ETF,18.55,18.39,19.1,18.04,akshare:index_option_50etf_qvix
2018-02-06,50ETF,22.2,19.53,22.62,19.47,akshare:index_option_50etf_qvix
2018-02-07,50ETF,24.06,21.64,24.3,20.15,akshare:index_option_50etf_qvix
2018-02-08,50ETF,25.67,24.29,26.54,24.29,akshare:index_option_50etf_qvix
2018-02-09,50ETF,33.06,27.0,38.34,27.0,akshare:index_option_50etf_qvix
2018-02-12,50ETF,28.19,35.23,35.56,24.82,akshare:index_option_50etf_qvix
2018-02-13,50ETF,27.53,28.39,28.39,25.4,akshare:index_option_50etf_qvix
2018-02-14,50ETF,27.32,27.72,27.75,26.14,akshare:index_option_50etf_qvix
2018-02-22,50ETF,27.07,27.32,27.66,27.07,akshare:index_option_50etf_qvix
2018-02-23,50ETF,23.97,26.98,26.98,23.97,akshare:index_option_50etf_qvix
2018-02-26,50ETF,24.32,23.98,24.9,23.92,akshare:index_option_50etf_qvix
2018-02-27,50ETF,25.59,24.35,25.7,24.2,akshare:index_option_50etf_qvix
2018-02-28,50ETF,25.97,24.6,25.99,24.6,akshare:index_option_50etf_qvix
2018-03-01,50ETF,24.08,25.98,25.98,24.0,akshare:index_option_50etf_qvix
2018-03-02,50ETF,23.6,24.08,24.2,23.5,akshare:index_option_50etf_qvix
2018-03-05,50ETF,22.17,23.6,23.7,22.07,akshare:index_option_50etf_qvix
2018-03-06,50ETF,21.15,22.15,22.17,21.07,akshare:index_option_50etf_qvix
2018-03-07,50ETF,21.85,21.17,21.98,21.12,akshare:index_option_50etf_qvix
2018-03-08,50ETF,20.93,21.84,21.84,20.93,akshare:index_option_50etf_qvix
2018-03-09,50ETF,20.38,20.92,20.98,20.3,akshare:index_option_50etf_qvix
2018-03-12,50ETF,21.29,20.36,21.45,20.3,akshare:index_option_50etf_qvix
2018-03-13,50ETF,21.69,21.3,21.8,21.02,akshare:index_option_50etf_qvix
2018-03-14,50ETF,20.81,21.78,21.97,20.23,akshare:index_option_50etf_qvix
2018-03-15,50ETF,20.17,20.71,20.91,19.98,akshare:index_option_50etf_qvix
2018-03-16,50ETF,20.59,20.7,20.72,19.77,akshare:index_option_50etf_qvix
2018-03-19,50ETF,20.81,20.73,20.99,20.58,akshare:index_option_50etf_qvix
2018-03-20,50ETF,20.59,21.22,21.34,20.31,akshare:index_option_50etf_qvix
2018-03-21,50ETF,21.11,20.86,21.11,20.21,akshare:index_option_50etf_qvix
2018-03-22,50ETF,20.57,20.95,21.62,20.35,akshare:index_option_50etf_qvix
2018-03-23,50ETF,23.15,21.2,23.15,21.2,akshare:index_option_50etf_qvix
2018-03-26,50ETF,23.11,24.7,25.52,22.56,akshare:index_option_50etf_qvix
2018-03-27,50ETF,21.79,23.27,23.27,21.52,akshare:index_option_50etf_qvix
2018-03-28,50ETF,21.4,21.92,22.48,21.06,akshare:index_option_50etf_qvix
2018-03-29,50ETF,25.38,25.5,25.97,24.43,akshare:index_option_50etf_qvix
2018-03-30,50ETF,24.85,25.34,26.01,24.43,akshare:index_option_50etf_qvix
2018-04-02,50ETF,24.47,25.3,25.5,24.22,akshare:index_option_50etf_qvix
2018-04-03,50ETF,24.38,25.13,25.16,24.12,akshare:index_option_50etf_qvix
2018-04-04,50ETF,24.1,24.36,24.4,23.6,akshare:index_option_50etf_qvix
2018-04-09,50ETF,24.66,24.71,24.73,24.58,akshare:index_option_50etf_qvix
2018-04-10,50ETF,23.01,24.66,24.77,22.65,akshare:index_option_50etf_qvix
2018-04-11,50ETF,23.21,23.3,23.36,22.86,akshare:index_option_50etf_qvix
2018-04-12,50ETF,23.69,23.39,23.8,23.2,akshare:index_option_50etf_qvix
2018-04-13,50ETF,23.79,23.4,23.8,23.2,akshare:index_option_50etf_qvix
2018-04-16,50ETF,25.25,25.1,25.65,25.0,akshare:index_option_50etf_qvix
2018-04-17,50ETF,25.32,25.25,25.89,25.12,akshare:index_option_50etf_qvix
2018-04-18,50ETF,24.9,25.2,25.47,24.86,akshare:index_option_50etf_qvix
2018-04-19,50ETF,23.3,25.15,25.15,23.27,akshare:index_option_50etf_qvix
2018-04-20,50ETF,22.6,23.65,23.71,22.37,akshare:index_option_50etf_qvix
2018-04-23,50ETF,22.51,23.4,23.4,22.49,akshare:index_option_50etf_qvix
2018-04-24,50ETF,22.56,22.71,22.93,21.09,akshare:index_option_50etf_qvix
2018-04-25,50ETF,22.3,22.95,23.97,22.23,akshare:index_option_50etf_qvix
2018-04-26,50ETF,22.6,22.3,22.9,22.2,akshare:index_option_50etf_qvix
2018-04-27,50ETF,23.39,22.85,24.37,22.49,akshare:index_option_50etf_qvix
2018-05-02,50ETF,25.13,24.93,25.25,24.84,akshare:index_option_50etf_qvix
2018-05-03,50ETF,25.3,25.26,25.68,24.76,akshare:index_option_50etf_qvix
2018-05-04,50ETF,25.66,25.5,25.86,25.43,akshare:index_option_50etf_qvix
2018-05-07,50ETF,25.46,26.44,26.6,25.34,akshare:index_option_50etf_qvix
2018-05-08,50ETF,24.13,25.54,25.59,24.06,akshare:index_option_50etf_qvix
2018-05-09,50ETF,23.68,24.37,24.44,23.5,akshare:index_option_50etf_qvix
2018-05-10,50ETF,22.27,23.68,23.68,22.26,akshare:index_option_50etf_qvix
2018-05-11,50ETF,21.78,22.4,22.47,21.68,akshare:index_option_50etf_qvix
2018-05-14,50ETF,20.52,22.31,22.43,20.51,akshare:index_option_50etf_qvix
2018-05-15,50ETF,19.57,20.76,20.8,19.09,akshare:index_option_50etf_qvix
2018-05-16,50ETF,20.16,19.88,20.16,19.2,akshare:index_option_50etf_qvix
2018-05-17,50ETF,18.78,19.99,20.13,18.72,akshare:index_option_50etf_qvix
2018-05-18,50ETF,18.36,18.82,18.82,16.97,akshare:index_option_50etf_qvix
2018-05-21,50ETF,17.95,18.78,19.12,17.54,akshare:index_option_50etf_qvix
2018-05-22,50ETF,17.91,18.16,18.32,17.23,akshare:index_option_50etf_qvix
2018-05-23,50ETF,18.57,17.8,18.59,17.51,akshare:index_option_50etf_qvix
2018-05-24,50ETF,17.98,17.84,18.62,17.22,akshare:index_option_50etf_qvix
2018-05-25,50ETF,17.99,18.02,18.37,17.56,akshare:index_option_50etf_qvix
2018-05-28,50ETF,18.2,18.43,18.77,17.89,akshare:index_option_50etf_qvix
2018-05-29,50ETF,18.8,18.57,19.02,18.42,akshare:index_option_50etf_qvix
2018-05-30,50ETF,21.47,19.09,21.47,19.09,akshare:index_option_50etf_qvix
2018-05-31,50ETF,20.27,20.83,21.16,19.76,akshare:index_option_50etf_qvix
2018-06-01,50ETF,20.47,20.42,20.62,20.25,akshare:index_option_50etf_qvix
2018-06-04,50ETF,19.52,20.55,20.61,19.08,akshare:index_option_50etf_qvix
2018-06-05,50ETF,18.74,19.57,19.64,18.54,akshare:index_option_50etf_qvix
2018-06-06,50ETF,18.86,19.1,19.1,18.57,akshare:index_option_50etf_qvix
2018-06-07,50ETF,18.23,18.87,18.87,18.0,akshare:index_option_50etf_qvix
2018-06-08,50ETF,19.24,18.23,19.76,18.23,akshare:index_option_50etf_qvix
2018-06-11,50ETF,20.04,19.95,20.26,19.35,akshare:index_option_50etf_qvix
2018-06-12,50ETF,18.94,20.35,20.35,18.85,akshare:index_option_50etf_qvix
2018-06-13,50ETF,19.25,19.19,19.28,18.91,akshare:index_option_50etf_qvix
2018-06-14,50ETF,19.62,19.56,19.99,18.91,akshare:index_option_50etf_qvix
2018-06-15,50ETF,20.02,19.84,20.35,19.47,akshare:index_option_50etf_qvix
2018-06-19,50ETF,23.67,21.99,25.08,21.72,akshare:index_option_50etf_qvix
2018-06-20,50ETF,21.14,23.82,23.82,21.09,akshare:index_option_50etf_qvix
2018-06-21,50ETF,19.86,21.3,21.4,19.34,akshare:index_option_50etf_qvix
2018-06-22,50ETF,19.39,20.1,20.6,19.37,akshare:index_option_50etf_qvix
2018-06-25,50ETF,20.49,20.19,20.49,19.54,akshare:index_option_50etf_qvix
2018-06-26,50ETF,20.6,21.13,22.76,20.2,akshare:index_option_50etf_qvix
2018-06-27,50ETF,22.15,21.06,22.64,20.41,akshare:index_option_50etf_qvix
2018-06-28,50ETF,22.9,22.97,24.19,22.41,akshare:index_option_50etf_qvix
2018-06-29,50ETF,21.16,22.91,23.23,20.81,akshare:index_option_50etf_qvix
2018-07-02,50ETF,26.38,23.43,27.01,23.32,akshare:index_option_50etf_qvix
2018-07-03,50ETF,25.93,25.55,27.62,25.0,akshare:index_option_50etf_qvix
2018-07-04,50ETF,27.12,26.48,27.57,26.48,akshare:index_option_50etf_qvix
2018-07-05,50ETF,27.43,27.4,28.19,26.6,akshare:index_option_50etf_qvix
2018-07-06,50ETF,25.72,27.06,28.0,25.64,akshare:index_option_50etf_qvix
2018-07-09,50ETF,22.74,26.11,26.11,22.71,akshare:index_option_50etf_qvix
2018-07-10,50ETF,22.83,23.65,24.44,22.74,akshare:index_option_50etf_qvix
2018-07-11,50ETF,25.52,26.19,27.61,25.43,akshare:index_option_50etf_qvix
2018-07-12,50ETF,23.35,25.57,25.57,22.58,akshare:index_option_50etf_qvix
2018-07-13,50ETF,23.52,23.95,24.64,23.52,akshare:index_option_50etf_qvix
2018-07-16,50ETF,23.46,24.6,24.64,23.46,akshare:index_option_50etf_qvix
2018-07-17,50ETF,22.9,23.97,24.46,22.86,akshare:index_option_50etf_qvix
2018-07-18,50ETF,21.86,22.62,22.62,21.07,akshare:index_option_50etf_qvix
2018-07-19,50ETF,20.73,21.45,21.45,20.27,akshare:index_option_50etf_qvix
2018-07-20,50ETF,21.3,22.52,22.93,20.51,akshare:index_option_50etf_qvix
2018-07-23,50ETF,21.37,22.96,23.0,21.21,akshare:index_option_50etf_qvix
2018-07-24,50ETF,23.3,23.6,23.85,23.07,akshare:index_option_50etf_qvix
2018-07-25,50ETF,23.28,23.7,24.16,23.25,akshare:index_option_50etf_qvix
2018-07-26,50ETF,22.61,23.53,23.57,22.59,akshare:index_option_50etf_qvix
2018-07-27,50ETF,21.68,22.88,23.26,21.6,akshare:index_option_50etf_qvix
2018-07-30,50ETF,22.02,22.6,22.64,21.83,akshare:index_option_50etf_qvix
2018-07-31,50ETF,21.94,22.38,22.45,21.94,akshare:index_option_50etf_qvix
2018-08-01,50ETF,23.8,22.47,24.05,21.95,akshare:index_option_50etf_qvix
2018-08-02,50ETF,24.73,24.2,26.22,24.09,akshare:index_option_50etf_qvix
2018-08-03,50ETF,24.89,25.17,25.8,24.55,akshare:index_option_50etf_qvix
2018-08-06,50ETF,25.73,25.69,26.34,24.81,akshare:index_option_50etf_qvix
2018-08-07,50ETF,25.28,25.6,26.19,25.04,akshare:index_option_50etf_qvix
2018-08-08,50ETF,25.43,25.43,25.92,25.34,akshare:index_option_50etf_qvix
2018-08-09,50ETF,25.32,25.76,25.87,24.87,akshare:index_option_50etf_qvix
2018-08-10,50ETF,24.53,25.35,25.7,24.35,akshare:index_option_50etf_qvix
2018-08-13,50ETF,25.33,25.86,26.43,24.98,akshare:index_option_50etf_qvix
2018-08-14,50ETF,25.19,25.45,25.82,25.11,akshare:index_option_50etf_qvix
2018-08-15,50ETF,25.92,25.55,26.37,25.45,akshare:index_option_50etf_qvix
2018-08-16,50ETF,26.17,27.0,28.06,26.01,akshare:index_option_50etf_qvix
2018-08-17,50ETF,26.35,26.06,26.77,25.86,akshare:index_option_50etf_qvix
2018-08-20,50ETF,26.3,27.23,27.39,26.29,akshare:index_option_50etf_qvix
2018-08-21,50ETF,23.95,26.53,26.56,23.92,akshare:index_option_50etf_qvix
2018-08-22,50ETF,22.97,24.28,24.35,22.9,akshare:index_option_50etf_qvix
2018-08-23,50ETF,21.97,22.97,22.97,21.6,akshare:index_option_50etf_qvix
2018-08-24,50ETF,21.91,22.24,22.37,21.08,akshare:index_option_50etf_qvix
2018-08-27,50ETF,22.03,22.32,22.68,21.95,akshare:index_option_50etf_qvix
2018-08-28,50ETF,22.21,22.21,22.43,21.86,akshare:index_option_50etf_qvix
2018-08-29,50ETF,22.7,22.59,22.81,22.45,akshare:index_option_50etf_qvix
2018-08-30,50ETF,22.72,22.68,23.02,22.05,akshare:index_option_50etf_qvix
2018-08-31,50ETF,22.42,23.28,23.48,22.41,akshare:index_option_50etf_qvix
2018-09-03,50ETF,23.03,22.46,23.03,22.46,akshare:index_option_50etf_qvix
2018-09-04,50ETF,22.1,23.03,23.17,21.98,akshare:index_option_50etf_qvix
2018-09-05,50ETF,23.25,22.37,23.37,22.35,akshare:index_option_50etf_qvix
2018-09-06,50ETF,23.84,23.87,24.09,23.39,akshare:index_option_50etf_qvix
2018-09-07,50ETF,23.39,23.78,23.94,23.21,akshare:index_option_50etf_qvix
2018-09-10,50ETF,24.54,23.39,24.74,23.39,akshare:index_option_50etf_qvix
2018-09-11,50ETF,23.96,24.63,24.69,23.9,akshare:index_option_50etf_qvix
2018-09-12,50ETF,23.65,23.96,24.23,23.65,akshare:index_option_50etf_qvix
2018-09-13,50ETF,23.1,23.73,23.9,23.0,akshare:index_option_50etf_qvix
2018-09-14,50ETF,21.58,23.25,23.25,21.45,akshare:index_option_50etf_qvix
2018-09-17,50ETF,20.94,22.41,22.42,20.94,akshare:index_option_50etf_qvix
2018-09-18,50ETF,20.37,21.13,21.14,19.57,akshare:index_option_50etf_qvix
2018-09-19,50ETF,19.19,20.55,20.62,18.83,akshare:index_option_50etf_qvix
2018-09-20,50ETF,18.39,19.35,19.35,18.39,akshare:index_option_50etf_qvix
2018-09-21,50ETF,19.25,18.75,19.35,18.35,akshare:index_option_50etf_qvix
2018-09-25,50ETF,20.47,20.93,21.3,20.44,akshare:index_option_50etf_qvix
2018-09-26,50ETF,21.11,20.76,22.01,20.36,akshare:index_option_50etf_qvix
2018-09-27,50ETF,20.6,21.56,21.56,20.52,akshare:index_option_50etf_qvix
2018-09-28,50ETF,21.78,20.75,22.01,20.58,akshare:index_option_50etf_qvix
2018-10-08,50ETF,24.4,26.0,27.23,24.23,akshare:index_option_50etf_qvix
2018-10-09,50ETF,23.11,24.05,24.05,22.94,akshare:index_option_50etf_qvix
2018-10-10,50ETF,23.12,23.22,23.22,22.56,akshare:index_option_50etf_qvix
2018-10-11,50ETF,25.56,25.37,25.7,24.04,akshare:index_option_50etf_qvix
2018-10-12,50ETF,25.83,26.5,26.71,25.35,akshare:index_option_50etf_qvix
2018-10-15,50ETF,26.85,26.75,27.11,26.56,akshare:index_option_50etf_qvix
2018-10-16,50ETF,26.38,26.88,26.88,25.37,akshare:index_option_50etf_qvix
2018-10-17,50ETF,26.53,25.9,27.36,25.87,akshare:index_option_50etf_qvix
2018-10-18,50ETF,28.08,26.84,28.27,26.84,akshare:index_option_50etf_qvix
2018-10-19,50ETF,26.04,28.5,29.07,25.62,akshare:index_option_50etf_qvix
2018-10-22,50ETF,26.15,26.83,26.85,25.41,akshare:index_option_50etf_qvix
2018-10-23,50ETF,27.46,26.63,27.67,26.45,akshare:index_option_50etf_qvix
2018-10-24,50ETF,27.44,27.92,28.49,27.08,akshare:index_option_50etf_qvix
2018-10-25,50ETF,28.47,29.6,29.86,28.34,akshare:index_option_50etf_qvix
2018-10-26,50ETF,29.37,28.68,29.98,28.67,akshare:index_option_50etf_qvix
2018-10-29,50ETF,31.81,31.5,32.12,31.5,akshare:index_option_50etf_qvix
2018-10-30,50ETF,31.79,32.22,32.78,31.79,akshare:index_option_50etf_qvix
2018-10-31,50ETF,31.1,32.27,32.61,31.01,akshare:index_option_50etf_qvix
2018-11-01,50ETF,29.06,29.44,29.51,28.47,akshare:index_option_50etf_qvix
2018-11-02,50ETF,28.28,29.38,29.4,28.28,akshare:index_option_50etf_qvix
2018-11-05,50ETF,30.13,29.79,30.36,29.79,akshare:index_option_50etf_qvix
2018-11-06,50ETF,30.84,30.47,30.91,30.47,akshare:index_option_50etf_qvix
2018-11-07,50ETF,30.9,30.92,31.08,30.73,akshare:index_option_50etf_qvix
2018-11-08,50ETF,30.43,30.73,30.94,30.42,akshare:index_option_50etf_qvix
2018-11-09,50ETF,31.01,31.04,31.57,30.89,akshare:index_option_50etf_qvix
2018-11-12,50ETF,31.33,31.83,32.04,31.19,akshare:index_option_50etf_qvix
2018-11-13,50ETF,30.59,31.88,31.89,30.49,akshare:index_option_50etf_qvix
2018-11-14,50ETF,30.04,30.9,30.93,30.04,akshare:index_option_50etf_qvix
2018-11-15,50ETF,29.33,30.49,30.49,29.12,akshare:index_option_50etf_qvix
2018-11-16,50ETF,28.68,29.61,29.61,28.45,akshare:index_option_50etf_qvix
2018-11-19,50ETF,28.13,29.64,29.67,28.13,akshare:index_option_50etf_qvix
2018-11-20,50ETF,27.24,28.54,28.59,27.04,akshare:index_option_50etf_qvix
2018-11-21,50ETF,27.13,27.54,27.73,26.99,akshare:index_option_50etf_qvix
2018-11-22,50ETF,26.35,27.41,27.54,26.26,akshare:index_option_50etf_qvix
2018-11-23,50ETF,25.62,26.52,26.52,25.34,akshare:index_option_50etf_qvix
2018-11-26,50ETF,25.76,26.63,26.75,25.34,akshare:index_option_50etf_qvix
2018-11-27,50ETF,24.88,25.98,26.03,24.87,akshare:index_option_50etf_qvix
2018-11-28,50ETF,24.19,25.11,25.11,23.85,akshare:index_option_50etf_qvix
2018-11-29,50ETF,24.33,24.15,24.38,23.68,akshare:index_option_50etf_qvix
2018-11-30,50ETF,24.9,24.13,24.95,23.68,akshare:index_option_50etf_qvix
2018-12-03,50ETF,22.82,24.26,24.62,22.81,akshare:index_option_50etf_qvix
2018-12-04,50ETF,20.83,22.23,22.26,20.76,akshare:index_option_50etf_qvix
2018-12-05,50ETF,20.78,20.92,21.24,20.71,akshare:index_option_50etf_qvix
2018-12-06,50ETF,20.94,20.49,21.22,20.49,akshare:index_option_50etf_qvix
2018-12-07,50ETF,19.91,21.0,21.05,19.8,akshare:index_option_50etf_qvix
2018-12-10,50ETF,20.36,20.5,20.65,19.83,akshare:index_option_50etf_qvix
2018-12-11,50ETF,20.33,20.47,20.47,20.03,akshare:index_option_50etf_qvix
2018-12-12,50ETF,20.17,20.44,20.44,20.02,akshare:index_option_50etf_qvix
2018-12-13,50ETF,19.2,20.27,20.27,19.15,akshare:index_option_50etf_qvix
2018-12-14,50ETF,19.44,19.41,19.67,19.23,akshare:index_option_50etf_qvix
2018-12-17,50ETF,20.33,20.21,21.0,20.21,akshare:index_option_50etf_qvix
2018-12-18,50ETF,20.64,20.58,21.12,20.52,akshare:index_option_50etf_qvix
2018-12-19,50ETF,20.75,20.91,20.99,20.54,akshare:index_option_50etf_qvix
2018-12-20,50ETF,23.2,21.5,24.0,21.47,akshare:index_option_50etf_qvix
2018-12-21,50ETF,23.78,23.39,25.33,23.36,akshare:index_option_50etf_qvix
2018-12-24,50ETF,22.83,25.94,26.05,22.8,akshare:index_option_50etf_qvix
2018-12-25,50ETF,23.85,23.8,24.49,23.49,akshare:index_option_50etf_qvix
2018-12-26,50ETF,23.38,24.01,24.7,23.38,akshare:index_option_50etf_qvix
2018-12-27,50ETF,23.13,23.81,23.9,23.07,akshare:index_option_50etf_qvix
2018-12-28,50ETF,22.71,23.08,23.08,22.64,akshare:index_option_50etf_qvix
2019-01-02,50ETF,22.22,23.48,23.48,22.13,akshare:index_option_50etf_qvix
2019-01-03,50ETF,21.68,22.37,22.37,21.33,akshare:index_option_50etf_qvix
2019-01-04,50ETF,21.2,22.28,22.33,21.19,akshare:index_option_50etf_qvix
2019-01-07,50ETF,21.61,21.79,22.17,21.49,akshare:index_option_50etf_qvix
2019-01-08,50ETF,20.69,21.67,21.7,20.55,akshare:index_option_50etf_qvix
2019-01-09,50ETF,18.87,20.43,20.43,18.67,akshare:index_option_50etf_qvix
2019-01-10,50ETF,18.52,19.07,19.13,18.27,akshare:index_option_50etf_qvix
2019-01-11,50ETF,18.15,18.49,18.5,17.92,akshare:index_option_50etf_qvix
2019-01-14,50ETF,18.45,18.45,18.94,18.33,akshare:index_option_50etf_qvix
2019-01-15,50ETF,17.61,18.46,18.46,17.35,akshare:index_option_50etf_qvix
2019-01-16,50ETF,16.6,17.78,17.78,16.55,akshare:index_option_50etf_qvix
2019-01-17,50ETF,17.21,16.71,17.21,16.57,akshare:index_option_50etf_qvix
2019-01-18,50ETF,17.67,17.12,17.92,16.97,akshare:index_option_50etf_qvix
2019-01-21,50ETF,18.93,18.52,19.92,18.38,akshare:index_option_50etf_qvix
2019-01-22,50ETF,17.46,19.21,19.3,17.39,akshare:index_option_50etf_qvix
2019-01-23,50ETF,16.9,17.84,17.89,16.84,akshare:index_option_50etf_qvix
2019-01-24,50ETF,15.39,16.6,16.73,15.33,akshare:index_option_50etf_qvix
2019-01-25,50ETF,15.02,15.42,15.47,14.77,akshare:index_option_50etf_qvix
2019-01-28,50ETF,16.54,15.97,16.59,15.97,akshare:index_option_50etf_qvix
2019-01-29,50ETF,17.81,16.9,17.86,16.89,akshare:index_option_50etf_qvix
2019-01-30,50ETF,18.3,18.19,18.85,18.16,akshare:index_option_50etf_qvix
2019-01-31,50ETF,18.03,18.42,18.47,17.77,akshare:index_option_50etf_qvix
2019-02-01,50ETF,18.63,19.09,19.33,18.63,akshare:index_option_50etf_qvix
2019-02-11,50ETF,19.05,21.0,21.0,19.02,akshare:index_option_50etf_qvix
2019-02-12,50ETF,18.54,19.17,19.34,18.39,akshare:index_option_50etf_qvix
2019-02-13,50ETF,20.0,18.7,20.17,18.63,akshare:index_option_50etf_qvix
2019-02-14,50ETF,21.95,22.28,23.29,21.91,akshare:index_option_50etf_qvix
2019-02-15,50ETF,20.32,23.12,23.32,19.99,akshare:index_option_50etf_qvix
2019-02-18,50ETF,21.99,21.3,22.13,21.22,akshare:index_option_50etf_qvix
2019-02-19,50ETF,22.86,23.61,23.61,22.6,akshare:index_option_50etf_qvix
2019-02-20,50ETF,23.65,24.15,24.43,22.93,akshare:index_option_50etf_qvix
2019-02-21,50ETF,22.58,24.82,24.87,21.83,akshare:index_option_50etf_qvix
2019-02-22,50ETF,22.36,23.84,23.98,22.02,akshare:index_option_50etf_qvix
2019-02-25,50ETF,32.8,24.1,23.8,34.21,akshare:index_option_50etf_qvix
2019-02-26,50ETF,30.98,34.3,36.51,30.06,akshare:index_option_50etf_qvix
2019-02-27,50ETF,30.93,30.95,31.75,30.41,akshare:index_option_50etf_qvix
2019-02-28,50ETF,29.13,31.08,31.09,28.85,akshare:index_option_50etf_qvix
2019-03-01,50ETF,27.32,28.6,28.6,27.26,akshare:index_option_50etf_qvix
2019-03-04,50ETF,29.6,28.63,32.69,28.63,akshare:index_option_50etf_qvix
2019-03-05,50ETF,30.52,29.91,30.74,29.91,akshare:index_option_50etf_qvix
2019-03-06,50ETF,31.51,30.55,32.07,30.55,akshare:index_option_50etf_qvix
2019-03-07,50ETF,32.65,31.89,32.65,31.89,akshare:index_option_50etf_qvix
2019-03-08,50ETF,33.02,32.51,33.56,31.82,akshare:index_option_50etf_qvix
2019-03-11,50ETF,30.11,33.17,33.54,28.9,akshare:index_option_50etf_qvix
2019-03-12,50ETF,30.11,30.27,31.21,29.55,akshare:index_option_50etf_qvix
2019-03-13,50ETF,30.0,30.4,30.95,29.6,akshare:index_option_50etf_qvix
2019-03-14,50ETF,28.2,30.1,30.4,27.4,akshare:index_option_50etf_qvix
2019-03-15,50ETF,27.19,28.34,28.34,26.86,akshare:index_option_50etf_qvix
2019-03-18,50ETF,27.39,29.67,30.41,27.39,akshare:index_option_50etf_qvix
2019-03-19,50ETF,29.85,29.2,30.22,29.2,akshare:index_option_50etf_qvix
2019-03-20,50ETF,29.37,29.78,30.05,29.17,akshare:index_option_50etf_qvix
2019-03-21,50ETF,30.17,29.65,30.55,29.5,akshare:index_option_50etf_qvix
2019-03-22,50ETF,29.63,30.48,30.92,29.71,akshare:index_option_50etf_qvix
2019-03-25,50ETF,27.7,31.5,31.5,27.55,akshare:index_option_50etf_qvix
2019-03-26,50ETF,27.18,28.83,28.85,27.0,akshare:index_option_50etf_qvix
2019-03-27,50ETF,26.3,27.74,27.74,26.21,akshare:index_option_50etf_qvix
2019-03-28,50ETF,25.5,26.1,26.13,25.5,akshare:index_option_50etf_qvix
2019-03-29,50ETF,27.33,26.43,29.47,25.85,akshare:index_option_50etf_qvix
2019-04-01,50ETF,29.41,29.32,31.11,29.05,akshare:index_option_50etf_qvix
2019-04-02,50ETF,29.92,30.57,31.02,29.1,akshare:index_option_50etf_qvix
2019-04-03,50ETF,29.41,29.76,30.41,29.2,akshare:index_option_50etf_qvix
2019-04-04,50ETF,31.0,30.15,31.88,30.15,akshare:index_option_50etf_qvix
2019-04-08,50ETF,32.5,34.03,34.03,31.84,akshare:index_option_50etf_qvix
2019-04-09,50ETF,31.06,33.24,33.24,30.86,akshare:index_option_50etf_qvix
2019-04-10,50ETF,31.21,31.31,31.31,30.38,akshare:index_option_50etf_qvix
2019-04-11,50ETF,31.0,31.59,32.0,30.71,akshare:index_option_50etf_qvix
2019-04-12,50ETF,28.16,31.13,31.13,28.07,akshare:index_option_50etf_qvix
2019-04-15,50ETF,28.13,30.37,30.73,28.09,akshare:index_option_50etf_qvix
2019-04-16,50ETF,28.38,28.23,29.14,27.46,akshare:index_option_50etf_qvix
2019-04-17,50ETF,28.7,28.46,29.89,28.42,akshare:index_option_50etf_qvix
2019-04-18,50ETF,28.71,29.18,29.7,28.63,akshare:index_option_50etf_qvix
2019-04-19,50ETF,28.4,29.89,29.89,27.97,akshare:index_option_50etf_qvix
2019-04-22,50ETF,29.5,30.43,30.43,29.1,akshare:index_option_50etf_qvix
2019-04-23,50ETF,27.64,29.89,29.89,27.64,akshare:index_option_50etf_qvix
2019-04-24,50ETF,27.07,27.61,28.17,26.7,akshare:index_option_50etf_qvix
2019-04-25,50ETF,26.74,27.15,27.16,26.37,akshare:index_option_50etf_qvix
2019-04-26,50ETF,25.94,26.97,26.99,25.91,akshare:index_option_50etf_qvix
2019-04-29,50ETF,25.39,26.9,27.08,25.34,akshare:index_option_50etf_qvix
2019-04-30,50ETF,25.59,25.77,26.45,25.43,akshare:index_option_50etf_qvix
2019-05-06,50ETF,29.41,28.63,32.1,28.17,akshare:index_option_50etf_qvix
2019-05-07,50ETF,26.24,28.96,28.96,26.11,akshare:index_option_50etf_qvix
2019-05-08,50ETF,27.2,27.82,28.08,26.14,akshare:index_option_50etf_qvix
2019-05-09,50ETF,29.04,27.15,30.76,27.15,akshare:index_option_50etf_qvix
2019-05-10,50ETF,29.04,28.88,31.51,28.36,akshare:index_option_50etf_qvix
2019-05-13,50ETF,27.73,30.0,30.0,27.73,akshare:index_option_50etf_qvix
2019-05-14,50ETF,26.68,28.38,28.66,26.65,akshare:index_option_50etf_qvix
2019-05-15,50ETF,25.09,26.64,26.64,24.44,akshare:index_option_50etf_qvix
2019-05-16,50ETF,23.93,24.7,24.7,23.81,akshare:index_option_50etf_qvix
2019-05-17,50ETF,23.75,23.7,24.49,23.4,akshare:index_option_50etf_qvix
2019-05-20,50ETF,23.21,23.56,25.17,23.21,akshare:index_option_50etf_qvix
2019-05-21,50ETF,22.47,23.3,23.3,22.35,akshare:index_option_50etf_qvix
2019-05-22,50ETF,21.55,22.6,22.7,21.3,akshare:index_option_50etf_qvix
2019-05-23,50ETF,22.17,21.97,22.6,21.67,akshare:index_option_50etf_qvix
2019-05-24,50ETF,21.76,21.95,22.07,21.24,akshare:index_option_50etf_qvix
2019-05-27,50ETF,23.09,23.1,23.42,22.66,akshare:index_option_50etf_qvix
2019-05-28,50ETF,22.25,23.44,23.44,22.01,akshare:index_option_50etf_qvix
2019-05-29,50ETF,21.55,22.57,22.9,20.48,akshare:index_option_50etf_qvix
2019-05-30,50ETF,21.78,22.05,22.59,21.43,akshare:index_option_50etf_qvix
2019-05-31,50ETF,22.37,22.19,22.49,21.74,akshare:index_option_50etf_qvix
2019-06-03,50ETF,23.15,23.48,23.87,22.52,akshare:index_option_50etf_qvix
2019-06-04,50ETF,23.68,23.38,23.8,23.38,akshare:index_option_50etf_qvix
2019-06-05,50ETF,23.33,23.6,23.92,23.19,akshare:index_option_50etf_qvix
2019-06-06,50ETF,23.41,23.52,23.94,23.1,akshare:index_option_50etf_qvix
2019-06-10,50ETF,22.3,24.21,24.21,22.15,akshare:index_option_50etf_qvix
2019-06-11,50ETF,21.62,22.2,22.49,20.44,akshare:index_option_50etf_qvix
2019-06-12,50ETF,21.66,21.85,22.16,21.41,akshare:index_option_50etf_qvix
2019-06-13,50ETF,20.87,21.53,21.72,20.87,akshare:index_option_50etf_qvix
2019-06-14,50ETF,21.15,21.0,21.5,20.82,akshare:index_option_50etf_qvix
2019-06-17,50ETF,21.09,21.98,21.98,20.87,akshare:index_option_50etf_qvix
2019-06-18,50ETF,20.3,21.14,21.38,20.3,akshare:index_option_50etf_qvix
2019-06-19,50ETF,19.55,21.13,21.33,19.32,akshare:index_option_50etf_qvix
2019-06-20,50ETF,23.12,19.6,25.96,19.35,akshare:index_option_50etf_qvix
2019-06-21,50ETF,25.27,25.77,25.94,24.38,akshare:index_option_50etf_qvix
2019-06-24,50ETF,26.22,26.14,26.8,25.79,akshare:index_option_50etf_qvix
2019-06-25,50ETF,26.31,26.31,27.11,25.51,akshare:index_option_50etf_qvix
2019-06-26,50ETF,26.02,26.51,26.69,25.56,akshare:index_option_50etf_qvix
2019-06-27,50ETF,26.99,24.59,26.99,25.72,akshare:index_option_50etf_qvix
2019-06-28,50ETF,27.95,27.2,28.0,27.0,akshare:index_option_50etf_qvix
2019-07-01,50ETF,25.69,29.42,29.42,25.38,akshare:index_option_50etf_qvix
2019-07-02,50ETF,24.78,25.68,25.68,24.57,akshare:index_option_50etf_qvix
2019-07-03,50ETF,23.8,25.09,25.09,23.5,akshare:index_option_50etf_qvix
2019-07-04,50ETF,23.38,23.87,23.91,22.97,akshare:index_option_50etf_qvix
2019-07-05,50ETF,24.07,23.36,24.09,23.1,akshare:index_option_50etf_qvix
2019-07-08,50ETF,23.31,24.34,25.2,23.03,akshare:index_option_50etf_qvix
2019-07-09,50ETF,22.29,23.29,23.29,22.01,akshare:index_option_50etf_qvix
2019-07-10,50ETF,22.36,22.48,22.62,22.15,akshare:index_option_50etf_qvix
2019-07-11,50ETF,22.7,22.49,22.77,22.12,akshare:index_option_50etf_qvix
2019-07-12,50ETF,22.58,22.82,22.86,22.27,akshare:index_option_50etf_qvix
2019-07-15,50ETF,22.68,23.21,23.21,22.31,akshare:index_option_50etf_qvix
2019-07-16,50ETF,23.01,22.79,23.02,22.67,akshare:index_option_50etf_qvix
2019-07-17,50ETF,22.57,23.28,23.37,22.38,akshare:index_option_50etf_qvix
2019-07-18,50ETF,22.41,22.62,22.84,22.25,akshare:index_option_50etf_qvix
2019-07-19,50ETF,23.33,22.5,23.34,22.28,akshare:index_option_50etf_qvix
2019-07-22,50ETF,22.05,24.3,24.3,21.96,akshare:index_option_50etf_qvix
2019-07-23,50ETF,20.76,21.9,21.91,20.51,akshare:index_option_50etf_qvix
2019-07-24,50ETF,19.78,20.75,20.75,19.45,akshare:index_option_50etf_qvix
2019-07-25,50ETF,18.16,18.9,18.9,17.7,akshare:index_option_50etf_qvix
2019-07-26,50ETF,18.49,18.2,18.76,18.2,akshare:index_option_50etf_qvix
2019-07-29,50ETF,19.58,19.58,19.6,19.11,akshare:index_option_50etf_qvix
2019-07-30,50ETF,19.63,19.61,19.68,19.28,akshare:index_option_50etf_qvix
2019-07-31,50ETF,19.98,19.78,20.04,19.54,akshare:index_option_50etf_qvix
2019-08-01,50ETF,17.99,20.03,20.03,17.99,akshare:index_option_50etf_qvix
2019-08-02,50ETF,18.68,18.83,19.88,18.65,akshare:index_option_50etf_qvix
2019-08-05,50ETF,20.59,19.33,20.59,18.89,akshare:index_option_50etf_qvix
2019-08-06,50ETF,22.21,22.8,25.32,21.54,akshare:index_option_50etf_qvix
2019-08-07,50ETF,21.28,21.55,21.88,20.68,akshare:index_option_50etf_qvix
2019-08-08,50ETF,20.77,20.89,20.9,20.19,akshare:index_option_50etf_qvix
2019-08-09,50ETF,20.147,20.6,20.69,20.17,akshare:index_option_50etf_qvix
2019-08-12,50ETF,20.46,20.33,20.56,20.03,akshare:index_option_50etf_qvix
2019-08-13,50ETF,20.38,20.64,20.67,20.28,akshare:index_option_50etf_qvix
2019-08-14,50ETF,19.798,19.95,20.03,19.69,akshare:index_option_50etf_qvix
2019-08-15,50ETF,20.45,20.51,20.84,19.89,akshare:index_option_50etf_qvix
2019-08-16,50ETF,20.34,20.52,20.88,20.18,akshare:index_option_50etf_qvix
2019-08-19,50ETF,21.04,21.12,21.33,20.6,akshare:index_option_50etf_qvix
2019-08-20,50ETF,20.83,21.03,21.72,20.65,akshare:index_option_50etf_qvix
2019-08-21,50ETF,19.99,20.84,20.88,19.79,akshare:index_option_50etf_qvix
2019-08-22,50ETF,19.8,19.98,20.1,19.49,akshare:index_option_50etf_qvix
2019-08-23,50ETF,20.07,19.67,20.42,19.53,akshare:index_option_50etf_qvix
2019-08-26,50ETF,21.23,21.6,21.62,21.07,akshare:index_option_50etf_qvix
2019-08-27,50ETF,20.18,20.0,20.23,19.9,akshare:index_option_50etf_qvix
2019-08-28,50ETF,19.97,20.11,20.33,19.88,akshare:index_option_50etf_qvix
2019-08-29,50ETF,19.13,19.49,19.83,19.12,akshare:index_option_50etf_qvix
2019-08-30,50ETF,19.26,18.89,19.26,18.6,akshare:index_option_50etf_qvix
2019-09-02,50ETF,18.48,19.34,19.34,18.48,akshare:index_option_50etf_qvix
2019-09-03,50ETF,18.44,18.6,18.6,18.3,akshare:index_option_50etf_qvix
2019-09-04,50ETF,17.99,18.1,18.15,17.9,akshare:index_option_50etf_qvix
2019-09-05,50ETF,18.77,18.34,21.17,18.34,akshare:index_option_50etf_qvix
2019-09-06,50ETF,19.28,19.44,19.46,18.95,akshare:index_option_50etf_qvix
2019-09-09,50ETF,20.4,21.37,21.37,19.83,akshare:index_option_50etf_qvix
2019-09-10,50ETF,20.22,20.75,20.75,19.99,akshare:index_option_50etf_qvix
2019-09-11,50ETF,19.79,20.04,20.09,19.62,akshare:index_option_50etf_qvix
2019-09-12,50ETF,19.59,19.8,19.83,19.19,akshare:index_option_50etf_qvix
2019-09-16,50ETF,18.72,19.58,19.86,18.59,akshare:index_option_50etf_qvix
2019-09-17,50ETF,18.34,18.2,18.7,18.16,akshare:index_option_50etf_qvix
2019-09-18,50ETF,17.9,18.13,18.16,17.45,akshare:index_option_50etf_qvix
2019-09-19,50ETF,17.65,17.51,17.79,17.25,akshare:index_option_50etf_qvix
2019-09-20,50ETF,17.01,17.57,17.57,17.0,akshare:index_option_50etf_qvix
2019-09-23,50ETF,17.05,17.31,17.93,17.05,akshare:index_option_50etf_qvix
2019-09-24,50ETF,16.63,16.77,16.95,16.47,akshare:index_option_50etf_qvix
2019-09-25,50ETF,16.88,16.75,16.88,16.56,akshare:index_option_50etf_qvix
2019-09-26,50ETF,17.14,16.83,17.15,16.53,akshare:index_option_50etf_qvix
2019-09-27,50ETF,17.53,17.49,18.28,17.46,akshare:index_option_50etf_qvix
2019-09-30,50ETF,17.76,18.75,19.0,17.46,akshare:index_option_50etf_qvix
2019-10-08,50ETF,16.32,19.32,19.32,16.32,akshare:index_option_50etf_qvix
2019-10-09,50ETF,16.0,16.3,16.43,15.86,akshare:index_option_50etf_qvix
2019-10-10,50ETF,16.19,16.02,16.56,15.94,akshare:index_option_50etf_qvix
2019-10-11,50ETF,16.24,16.19,17.0,15.77,akshare:index_option_50etf_qvix
2019-10-14,50ETF,15.69,17.35,17.35,15.63,akshare:index_option_50etf_qvix
2019-10-15,50ETF,15.22,15.61,15.68,15.03,akshare:index_option_50etf_qvix
2019-10-16,50ETF,14.48,15.23,15.61,14.35,akshare:index_option_50etf_qvix
2019-10-17,50ETF,15.4,14.68,15.4,14.68,akshare:index_option_50etf_qvix
2019-10-18,50ETF,15.38,15.62,16.2,14.92,akshare:index_option_50etf_qvix
2019-10-21,50ETF,14.5,15.38,15.39,14.43,akshare:index_option_50etf_qvix
2019-10-22,50ETF,14.34,14.35,14.69,14.21,akshare:index_option_50etf_qvix
2019-10-23,50ETF,14.52,14.42,14.65,14.24,akshare:index_option_50etf_qvix
2019-10-24,50ETF,13.85,14.0,14.19,13.66,akshare:index_option_50etf_qvix
2019-10-25,50ETF,13.61,14.15,14.28,13.53,akshare:index_option_50etf_qvix
2019-10-28,50ETF,13.97,14.38,14.6,13.91,akshare:index_option_50etf_qvix
2019-10-29,50ETF,14.13,14.18,14.43,13.93,akshare:index_option_50etf_qvix
2019-10-30,50ETF,14.39,14.27,14.43,14.11,akshare:index_option_50etf_qvix
2019-10-31,50ETF,14.67,14.46,14.76,14.36,akshare:index_option_50etf_qvix
2019-11-01,50ETF,14.45,14.82,14.88,13.98,akshare:index_option_50etf_qvix
2019-11-04,50ETF,14.8,14.85,15.2,14.33,akshare:index_option_50etf_qvix
2019-11-05,50ETF,15.11,14.95,16.36,14.93,akshare:index_option_50etf_qvix
2019-11-06,50ETF,14.9,15.27,15.53,14.82,akshare:index_option_50etf_qvix
2019-11-07,50ETF,15.04,15.04,15.51,14.88,akshare:index_option_50etf_qvix
2019-11-08,50ETF,15.19,15.59,15.73,15.13,akshare:index_option_50etf_qvix
2019-11-11,50ETF,15.44,15.16,15.55,14.98,akshare:index_option_50etf_qvix
2019-11-12,50ETF,14.88,15.46,15.52,14.86,akshare:index_option_50etf_qvix
2019-11-13,50ETF,15.13,14.98,15.28,14.98,akshare:index_option_50etf_qvix
2019-11-14,50ETF,15.39,15.24,15.42,15.12,akshare:index_option_50etf_qvix
2019-11-15,50ETF,15.41,15.54,16.03,15.38,akshare:index_option_50etf_qvix
2019-11-18,50ETF,14.62,16.11,16.11,14.62,akshare:index_option_50etf_qvix
2019-11-19,50ETF,14.17,14.78,14.78,13.72,akshare:index_option_50etf_qvix
2019-11-20,50ETF,13.75,13.85,14.1,13.45,akshare:index_option_50etf_qvix
2019-11-21,50ETF,13.96,13.9,14.31,13.54,akshare:index_option_50etf_qvix
2019-11-22,50ETF,14.45,13.98,14.59,13.45,akshare:index_option_50etf_qvix
2019-11-25,50ETF,14.42,14.95,15.12,14.41,akshare:index_option_50etf_qvix
2019-11-26,50ETF,14.44,14.35,14.73,14.05,akshare:index_option_50etf_qvix
2019-11-27,50ETF,14.27,14.78,14.78,14.06,akshare:index_option_50etf_qvix
2019-11-28,50ETF,13.84,14.2,14.25,13.84,akshare:index_option_50etf_qvix
2019-11-29,50ETF,14.04,13.91,14.74,13.52,akshare:index_option_50etf_qvix
2019-12-02,50ETF,13.74,14.52,14.67,13.72,akshare:index_option_50etf_qvix
2019-12-03,50ETF,13.66,13.96,14.06,13.58,akshare:index_option_50etf_qvix
2019-12-04,50ETF,13.58,13.85,14.11,13.5,akshare:index_option_50etf_qvix
2019-12-05,50ETF,12.91,13.4,13.56,12.8,akshare:index_option_50etf_qvix
2019-12-06,50ETF,12.46,12.68,12.71,12.41,akshare:index_option_50etf_qvix
2019-12-09,50ETF,12.6,13.0,13.0,12.57,akshare:index_option_50etf_qvix
2019-12-10,50ETF,12.58,12.63,12.78,12.5,akshare:index_option_50etf_qvix
2019-12-11,50ETF,12.37,12.76,12.76,12.37,akshare:index_option_50etf_qvix
2019-12-12,50ETF,12.52,12.43,12.52,12.35,akshare:index_option_50etf_qvix
2019-12-13,50ETF,14.02,12.57,14.38,12.38,akshare:index_option_50etf_qvix
2019-12-16,50ETF,13.48,14.14,14.14,13.18,akshare:index_option_50etf_qvix
2019-12-17,50ETF,14.17,13.64,15.76,13.51,akshare:index_option_50etf_qvix
2019-12-18,50ETF,14.46,14.26,15.22,14.12,akshare:index_option_50etf_qvix
2019-12-19,50ETF,15.11,14.75,15.18,14.63,akshare:index_option_50etf_qvix
2019-12-20,50ETF,14.8,15.54,15.71,14.71,akshare:index_option_50etf_qvix
2019-12-23,50ETF,14.3,15.13,15.33,13.94,akshare:index_option_50etf_qvix
2019-12-24,50ETF,13.47,14.52,14.54,13.47,akshare:index_option_50etf_qvix
2019-12-25,50ETF,13.53,13.25,13.62,13.24,akshare:index_option_50etf_qvix
2019-12-26,50ETF,13.28,13.68,13.85,13.12,akshare:index_option_50etf_qvix
2019-12-27,50ETF,13.69,13.52,14.38,13.52,akshare:index_option_50etf_qvix
2019-12-30,50ETF,14.76,14.14,15.14,13.89,akshare:index_option_50etf_qvix
2019-12-31,50ETF,15.25,15.05,15.58,15.05,akshare:index_option_50etf_qvix
2020-01-02,50ETF,15.52,16.1,17.11,15.51,akshare:index_option_50etf_qvix
2020-01-03,50ETF,15.29,15.9,16.0,15.14,akshare:index_option_50etf_qvix
2020-01-06,50ETF,16.02,15.82,16.46,15.57,akshare:index_option_50etf_qvix
2020-01-07,50ETF,16.35,16.25,16.6,16.08,akshare:index_option_50etf_qvix
2020-01-08,50ETF,16.21,16.39,16.7,16.2,akshare:index_option_50etf_qvix
2020-01-09,50ETF,15.78,16.6,16.6,15.78,akshare:index_option_50etf_qvix
2020-01-10,50ETF,15.44,16.06,16.23,15.43,akshare:index_option_50etf_qvix
2020-01-13,50ETF,15.25,15.93,15.96,15.2,akshare:index_option_50etf_qvix
2020-01-14,50ETF,14.88,15.47,15.61,14.77,akshare:index_option_50etf_qvix
2020-01-15,50ETF,14.8,15.16,15.16,14.58,akshare:index_option_50etf_qvix
2020-01-16,50ETF,14.14,14.87,15.07,13.68,akshare:index_option_50etf_qvix
2020-01-17,50ETF,13.72,14.0,14.13,13.54,akshare:index_option_50etf_qvix
2020-01-20,50ETF,14.4,14.8,14.8,14.07,akshare:index_option_50etf_qvix
2020-01-21,50ETF,15.88,14.85,16.17,14.61,akshare:index_option_50etf_qvix
2020-01-22,50ETF,15.19,16.49,20.01,15.19,akshare:index_option_50etf_qvix
2020-01-23,50ETF,17.37,16.18,19.0,15.55,akshare:index_option_50etf_qvix
2020-02-03,50ETF,32.46,30.1,32.86,26.05,akshare:index_option_50etf_qvix
2020-02-04,50ETF,23.4,25.69,26.81,23.4,akshare:index_option_50etf_qvix
2020-02-05,50ETF,21.04,23.62,23.67,20.92,akshare:index_option_50etf_qvix
2020-02-06,50ETF,21.01,20.94,21.72,19.91,akshare:index_option_50etf_qvix
2020-02-07,50ETF,22.26,21.85,22.41,21.07,akshare:index_option_50etf_qvix
2020-02-10,50ETF,21.87,23.42,23.42,21.86,akshare:index_option_50etf_qvix
2020-02-11,50ETF,20.03,22.13,22.13,19.92,akshare:index_option_50etf_qvix
2020-02-12,50ETF,19.3,20.44,20.44,19.0,akshare:index_option_50etf_qvix
2020-02-13,50ETF,19.69,19.32,20.04,19.0,akshare:index_option_50etf_qvix
2020-02-14,50ETF,18.78,19.98,19.98,18.71,akshare:index_option_50etf_qvix
2020-02-17,50ETF,18.96,19.63,19.85,18.08,akshare:index_option_50etf_qvix
2020-02-18,50ETF,19.04,18.95,20.01,18.7,akshare:index_option_50etf_qvix
2020-02-19,50ETF,19.35,19.39,19.51,18.89,akshare:index_option_50etf_qvix
2020-02-20,50ETF,19.57,19.21,20.03,19.07,akshare:index_option_50etf_qvix
2020-02-21,50ETF,20.77,20.0,22.05,19.94,akshare:index_option_50etf_qvix
2020-02-24,50ETF,22.45,21.7,22.62,21.18,akshare:index_option_50etf_qvix
2020-02-25,50ETF,23.13,24.5,24.57,22.74,akshare:index_option_50etf_qvix
2020-02-26,50ETF,23.85,24.14,24.58,23.29,akshare:index_option_50etf_qvix
2020-02-27,50ETF,20.54,24.25,24.25,20.26,akshare:index_option_50etf_qvix
2020-02-28,50ETF,24.14,22.15,24.14,21.22,akshare:index_option_50etf_qvix
2020-03-02,50ETF,21.44,23.77,23.77,20.78,akshare:index_option_50etf_qvix
2020-03-03,50ETF,20.89,21.54,21.54,20.3,akshare:index_option_50etf_qvix
2020-03-04,50ETF,21.08,20.79,21.48,20.63,akshare:index_option_50etf_qvix
2020-03-05,50ETF,21.45,21.42,21.83,21.06,akshare:index_option_50etf_qvix
2020-03-06,50ETF,22.73,21.99,22.73,21.98,akshare:index_option_50etf_qvix
2020-03-09,50ETF,28.65,24.91,28.65,24.7,akshare:index_option_50etf_qvix
2020-03-10,50ETF,27.82,27.07,29.83,26.41,akshare:index_option_50etf_qvix
2020-03-11,50ETF,27.69,27.94,28.16,27.24,akshare:index_option_50etf_qvix
2020-03-12,50ETF,30.5,29.05,31.75,29.05,akshare:index_option_50etf_qvix
2020-03-13,50ETF,37.42,38.44,38.87,33.03,akshare:index_option_50etf_qvix
2020-03-16,50ETF,40.57,38.1,40.63,35.17,akshare:index_option_50etf_qvix
2020-03-17,50ETF,40.15,38.5,43.98,38.03,akshare:index_option_50etf_qvix
2020-03-18,50ETF,35.29,40.06,40.06,29.88,akshare:index_option_50etf_qvix
2020-03-19,50ETF,37.0,38.0,42.1,35.81,akshare:index_option_50etf_qvix
2020-03-20,50ETF,32.84,35.18,36.15,31.79,akshare:index_option_50etf_qvix
2020-03-23,50ETF,38.28,43.15,43.15,37.39,akshare:index_option_50etf_qvix
2020-03-24,50ETF,35.29,35.64,37.06,34.0,akshare:index_option_50etf_qvix
2020-03-25,50ETF,34.64,36.8,36.8,33.79,akshare:index_option_50etf_qvix
2020-03-26,50ETF,33.67,34.45,34.45,32.99,akshare:index_option_50etf_qvix
2020-03-27,50ETF,34.39,33.69,34.39,32.97,akshare:index_option_50etf_qvix
2020-03-30,50ETF,33.92,35.41,35.41,33.92,akshare:index_option_50etf_qvix
2020-03-31,50ETF,31.44,32.88,32.88,31.04,akshare:index_option_50etf_qvix
2020-04-01,50ETF,29.59,31.37,31.37,28.83,akshare:index_option_50etf_qvix
2020-04-02,50ETF,27.95,29.56,29.56,27.95,akshare:index_option_50etf_qvix
2020-04-03,50ETF,28.98,28.15,29.44,27.83,akshare:index_option_50etf_qvix
2020-04-07,50ETF,26.7,28.95,28.95,26.65,akshare:index_option_50etf_qvix
2020-04-08,50ETF,24.88,26.8,26.8,24.78,akshare:index_option_50etf_qvix
2020-04-09,50ETF,23.61,24.6,24.6,23.43,akshare:index_option_50etf_qvix
2020-04-10,50ETF,22.71,23.54,23.58,22.06,akshare:index_option_50etf_qvix
2020-04-13,50ETF,21.08,23.31,23.31,21.08,akshare:index_option_50etf_qvix
2020-04-14,50ETF,20.27,21.01,21.01,19.4,akshare:index_option_50etf_qvix
2020-04-15,50ETF,20.95,20.24,21.29,19.87,akshare:index_option_50etf_qvix
2020-04-16,50ETF,20.62,21.19,21.19,20.35,akshare:index_option_50etf_qvix
2020-04-17,50ETF,20.7,21.5,21.63,20.43,akshare:index_option_50etf_qvix
2020-04-20,50ETF,20.93,21.55,21.55,20.81,akshare:index_option_50etf_qvix
2020-04-21,50ETF,20.86,21.14,22.09,20.43,akshare:index_option_50etf_qvix
2020-04-22,50ETF,20.57,21.24,21.28,20.55,akshare:index_option_50etf_qvix
2020-04-23,50ETF,19.21,19.79,20.12,19.11,akshare:index_option_50etf_qvix
2020-04-24,50ETF,18.94,19.57,19.58,18.9,akshare:index_option_50etf_qvix
2020-04-27,50ETF,18.64,19.84,19.84,18.59,akshare:index_option_50etf_qvix
2020-04-28,50ETF,18.7,18.8,19.72,18.52,akshare:index_option_50etf_qvix
2020-04-29,50ETF,19.66,19.16,20.04,18.99,akshare:index_option_50etf_qvix
2020-04-30,50ETF,21.47,20.16,21.57,20.16,akshare:index_option_50etf_qvix
2020-05-06,50ETF,20.72,23.47,23.47,20.48,akshare:index_option_50etf_qvix
2020-05-07,50ETF,19.69,21.11,21.11,19.68,akshare:index_option_50etf_qvix
2020-05-08,50ETF,18.81,19.7,19.7,18.8,akshare:index_option_50etf_qvix
2020-05-11,50ETF,19.28,19.83,19.83,18.77,akshare:index_option_50etf_qvix
2020-05-12,50ETF,19.42,19.7,19.7,19.01,akshare:index_option_50etf_qvix
2020-05-13,50ETF,19.26,19.87,19.87,19.15,akshare:index_option_50etf_qvix
2020-05-14,50ETF,19.26,19.83,19.83,18.61,akshare:index_option_50etf_qvix
2020-05-15,50ETF,18.89,19.43,19.51,18.79,akshare:index_option_50etf_qvix
2020-05-18,50ETF,18.39,18.55,18.88,18.13,akshare:index_option_50etf_qvix
2020-05-19,50ETF,17.89,18.46,18.46,17.65,akshare:index_option_50etf_qvix
2020-05-20,50ETF,17.95,17.61,17.95,17.3,akshare:index_option_50etf_qvix
2020-05-21,50ETF,18.71,18.07,18.71,17.62,akshare:index_option_50etf_qvix
2020-05-22,50ETF,21.0,20.9,23.5,20.8,akshare:index_option_50etf_qvix
2020-05-25,50ETF,19.42,22.28,22.76,19.25,akshare:index_option_50etf_qvix
2020-05-26,50ETF,18.96,19.85,19.85,18.38,akshare:index_option_50etf_qvix
2020-05-27,50ETF,19.67,19.07,19.79,18.89,akshare:index_option_50etf_qvix
2020-05-28,50ETF,19.64,19.29,21.17,18.8,akshare:index_option_50etf_qvix
2020-05-29,50ETF,19.91,20.55,20.55,19.79,akshare:index_option_50etf_qvix
2020-06-01,50ETF,18.06,19.08,19.08,17.86,akshare:index_option_50etf_qvix
2020-06-02,50ETF,17.59,18.36,18.51,17.55,akshare:index_option_50etf_qvix
2020-06-03,50ETF,18.08,17.76,19.03,17.69,akshare:index_option_50etf_qvix
2020-06-04,50ETF,18.21,18.38,18.66,18.06,akshare:index_option_50etf_qvix
2020-06-05,50ETF,17.55,18.16,18.19,17.52,akshare:index_option_50etf_qvix
2020-06-08,50ETF,17.56,18.1,18.25,17.44,akshare:index_option_50etf_qvix
2020-06-09,50ETF,17.63,17.7,17.79,17.44,akshare:index_option_50etf_qvix
2020-06-10,50ETF,18.04,17.84,18.11,17.68,akshare:index_option_50etf_qvix
2020-06-11,50ETF,18.52,18.09,19.01,17.85,akshare:index_option_50etf_qvix
2020-06-12,50ETF,18.15,19.5,19.6,17.94,akshare:index_option_50etf_qvix
2020-06-15,50ETF,19.6,19.17,19.6,18.24,akshare:index_option_50etf_qvix
2020-06-16,50ETF,17.54,18.97,18.97,17.35,akshare:index_option_50etf_qvix
2020-06-17,50ETF,17.94,17.82,18.24,17.65,akshare:index_option_50etf_qvix
2020-06-18,50ETF,18.13,18.3,18.5,17.75,akshare:index_option_50etf_qvix
2020-06-19,50ETF,18.39,18.27,18.73,17.88,akshare:index_option_50etf_qvix
2020-06-22,50ETF,19.7,19.45,20.22,18.79,akshare:index_option_50etf_qvix
2020-06-23,50ETF,19.91,20.34,20.69,19.89,akshare:index_option_50etf_qvix
2020-06-24,50ETF,20.0,19.9,21.0,19.8,akshare:index_option_50etf_qvix
2020-06-29,50ETF,18.84,21.0,21.0,18.84,akshare:index_option_50etf_qvix
2020-06-30,50ETF,17.98,18.63,18.63,17.55,akshare:index_option_50etf_qvix
2020-07-01,50ETF,18.81,18.12,19.19,17.76,akshare:index_option_50etf_qvix
2020-07-02,50ETF,22.53,19.11,23.46,19.11,akshare:index_option_50etf_qvix
2020-07-03,50ETF,25.01,24.56,27.82,23.32,akshare:index_option_50etf_qvix
2020-07-06,50ETF,37.69,29.43,39.09,29.43,akshare:index_option_50etf_qvix
2020-07-07,50ETF,35.55,45.67,51.25,33.75,akshare:index_option_50etf_qvix
2020-07-08,50ETF,33.2,34.0,32.2,35.0,akshare:index_option_50etf_qvix
2020-07-09,50ETF,32.0,33.0,34.4,31.5,akshare:index_option_50etf_qvix
2020-07-10,50ETF,31.0,31.3,32.0,30.5,akshare:index_option_50etf_qvix
2020-07-13,50ETF,30.0,31.0,31.5,29.8,akshare:index_option_50etf_qvix
2020-07-14,50ETF,29.8,29.97,32.0,29.24,akshare:index_option_50etf_qvix
2020-07-15,50ETF,30.3,30.26,31.07,29.34,akshare:index_option_50etf_qvix
2020-07-16,50ETF,32.76,30.7,32.76,30.34,akshare:index_option_50etf_qvix
2020-07-17,50ETF,28.0,32.48,32.72,27.59,akshare:index_option_50etf_qvix
2020-07-20,50ETF,28.81,28.91,29.97,26.41,akshare:index_option_50etf_qvix
2020-07-21,50ETF,27.28,29.8,29.8,27.1,akshare:index_option_50etf_qvix
2020-07-22,50ETF,26.96,27.54,29.8,26.29,akshare:index_option_50etf_qvix
2020-07-23,50ETF,27.87,27.45,29.89,27.0,akshare:index_option_50etf_qvix
2020-07-24,50ETF,31.34,28.83,32.11,28.68,akshare:index_option_50etf_qvix
2020-07-27,50ETF,29.71,31.15,31.41,29.7,akshare:index_option_50etf_qvix
2020-07-28,50ETF,28.9,29.31,29.55,28.88,akshare:index_option_50etf_qvix
2020-07-29,50ETF,29.49,29.24,30.37,29.15,akshare:index_option_50etf_qvix
2020-07-30,50ETF,29.57,29.88,30.35,29.56,akshare:index_option_50etf_qvix
2020-07-31,50ETF,30.72,30.03,31.53,30.03,akshare:index_option_50etf_qvix
2020-08-03,50ETF,31.84,32.19,32.56,31.64,akshare:index_option_50etf_qvix
2020-08-04,50ETF,32.05,32.1,32.3,31.69,akshare:index_option_50etf_qvix
2020-08-05,50ETF,31.41,31.71,32.2,31.1,akshare:index_option_50etf_qvix
2020-08-06,50ETF,31.65,31.76,32.2,30.97,akshare:index_option_50etf_qvix
2020-08-07,50ETF,30.78,32.03,32.13,30.75,akshare:index_option_50etf_qvix
2020-08-10,50ETF,30.7,32.0,32.2,30.46,akshare:index_option_50etf_qvix
2020-08-11,50ETF,29.67,30.67,30.7,29.5,akshare:index_option_50etf_qvix
2020-08-12,50ETF,29.26,29.89,30.0,29.16,akshare:index_option_50etf_qvix
2020-08-13,50ETF,28.75,29.13,29.83,28.62,akshare:index_option_50etf_qvix
2020-08-14,50ETF,28.12,28.78,28.79,27.72,akshare:index_option_50etf_qvix
2020-08-17,50ETF,31.25,29.22,32.29,28.76,akshare:index_option_50etf_qvix
2020-08-18,50ETF,31.0,31.86,32.02,30.45,akshare:index_option_50etf_qvix
2020-08-19,50ETF,29.79,31.97,31.97,29.47,akshare:index_option_50etf_qvix
2020-08-20,50ETF,29.08,30.41,30.52,29.06,akshare:index_option_50etf_qvix
2020-08-21,50ETF,28.92,29.21,29.21,28.45,akshare:index_option_50etf_qvix
2020-08-24,50ETF,27.92,30.12,30.12,27.7,akshare:index_option_50etf_qvix
2020-08-25,50ETF,27.54,27.12,27.82,27.12,akshare:index_option_50etf_qvix
2020-08-26,50ETF,28.61,27.87,28.76,27.18,akshare:index_option_50etf_qvix
2020-08-27,50ETF,26.54,28.14,28.25,26.43,akshare:index_option_50etf_qvix
2020-08-28,50ETF,27.07,26.61,27.23,25.77,akshare:index_option_50etf_qvix
2020-08-31,50ETF,26.65,27.95,28.89,26.65,akshare:index_option_50etf_qvix
2020-09-01,50ETF,26.64,26.79,26.9,26.3,akshare:index_option_50etf_qvix
2020-09-02,50ETF,27.1,27.12,27.54,26.67,akshare:index_option_50etf_qvix
2020-09-03,50ETF,27.37,27.53,27.69,27.08,akshare:index_option_50etf_qvix
2020-09-04,50ETF,27.09,27.79,28.94,26.96,akshare:index_option_50etf_qvix
2020-09-07,50ETF,27.51,27.89,28.35,26.7,akshare:index_option_50etf_qvix
2020-09-08,50ETF,26.89,27.49,27.54,26.68,akshare:index_option_50etf_qvix
2020-09-09,50ETF,26.8,27.49,28.0,26.68,akshare:index_option_50etf_qvix
2020-09-10,50ETF,25.96,27.57,27.62,25.88,akshare:index_option_50etf_qvix
2020-09-11,50ETF,24.74,26.02,26.29,24.58,akshare:index_option_50etf_qvix
2020-09-14,50ETF,23.31,25.47,25.47,23.13,akshare:index_option_50etf_qvix
2020-09-15,50ETF,22.7,23.43,23.47,22.35,akshare:index_option_50etf_qvix
2020-09-16,50ETF,21.98,22.74,22.78,21.76,akshare:index_option_50etf_qvix
2020-09-17,50ETF,21.97,22.11,22.42,21.55,akshare:index_option_50etf_qvix
2020-09-18,50ETF,23.29,21.7,23.69,20.97,akshare:index_option_50etf_qvix
2020-09-21,50ETF,23.8,23.0,24.5,22.6,akshare:index_option_50etf_qvix
2020-09-22,50ETF,23.93,24.6,25.0,23.83,akshare:index_option_50etf_qvix
2020-09-23,50ETF,23.39,23.24,23.71,23.2,akshare:index_option_50etf_qvix
2020-09-24,50ETF,24.61,23.42,25.33,23.42,akshare:index_option_50etf_qvix
2020-09-25,50ETF,24.79,24.49,25.18,24.1,akshare:index_option_50etf_qvix
2020-09-28,50ETF,26.35,25.64,26.46,25.45,akshare:index_option_50etf_qvix
2020-09-29,50ETF,27.63,26.49,27.75,26.49,akshare:index_option_50etf_qvix
2020-09-30,50ETF,28.28,27.97,28.36,26.8,akshare:index_option_50etf_qvix
2020-10-09,50ETF,22.89,28.11,28.11,22.79,akshare:index_option_50etf_qvix
2020-10-12,50ETF,25.09,23.82,25.84,22.81,akshare:index_option_50etf_qvix
2020-10-13,50ETF,24.51,25.03,25.1,24.05,akshare:index_option_50etf_qvix
2020-10-14,50ETF,23.71,24.75,24.75,23.67,akshare:index_option_50etf_qvix
2020-10-15,50ETF,24.22,23.92,24.5,23.92,akshare:index_option_50etf_qvix
2020-10-16,50ETF,24.0,24.6,24.61,23.82,akshare:index_option_50etf_qvix
2020-10-19,50ETF,23.05,24.93,25.19,22.89,akshare:index_option_50etf_qvix
2020-10-20,50ETF,22.46,23.33,23.33,21.85,akshare:index_option_50etf_qvix
2020-10-21,50ETF,22.66,22.62,23.0,22.23,akshare:index_option_50etf_qvix
2020-10-22,50ETF,22.74,23.0,23.57,22.61,akshare:index_option_50etf_qvix
2020-10-23,50ETF,23.1,22.98,23.94,22.87,akshare:index_option_50etf_qvix
2020-10-26,50ETF,23.04,24.29,24.92,22.84,akshare:index_option_50etf_qvix
2020-10-27,50ETF,24.09,24.08,24.14,22.92,akshare:index_option_50etf_qvix
2020-10-28,50ETF,22.81,23.2,23.58,22.63,akshare:index_option_50etf_qvix
2020-10-29,50ETF,22.72,24.01,24.18,22.68,akshare:index_option_50etf_qvix
2020-10-30,50ETF,23.73,23.15,24.14,22.86,akshare:index_option_50etf_qvix
2020-11-02,50ETF,24.59,24.21,24.8,23.77,akshare:index_option_50etf_qvix
2020-11-03,50ETF,24.45,24.25,24.47,24.02,akshare:index_option_50etf_qvix
2020-11-04,50ETF,22.85,24.76,24.86,22.79,akshare:index_option_50etf_qvix
2020-11-05,50ETF,23.04,24.5,25.0,22.84,akshare:index_option_50etf_qvix
2020-11-06,50ETF,21.98,22.5,22.7,21.83,akshare:index_option_50etf_qvix
2020-11-09,50ETF,23.24,22.9,24.38,22.44,akshare:index_option_50etf_qvix
2020-11-10,50ETF,23.02,24.15,24.15,22.54,akshare:index_option_50etf_qvix
2020-11-11,50ETF,22.38,23.2,23.21,22.33,akshare:index_option_50etf_qvix
2020-11-12,50ETF,21.95,22.56,22.56,21.72,akshare:index_option_50etf_qvix
2020-11-13,50ETF,21.15,22.18,22.3,21.13,akshare:index_option_50etf_qvix
2020-11-16,50ETF,21.12,21.92,21.92,20.94,akshare:index_option_50etf_qvix
2020-11-17,50ETF,20.91,21.0,21.19,20.45,akshare:index_option_50etf_qvix
2020-11-18,50ETF,21.55,21.07,21.67,20.85,akshare:index_option_50etf_qvix
2020-11-19,50ETF,21.79,21.83,21.86,21.56,akshare:index_option_50etf_qvix
2020-11-20,50ETF,20.83,22.16,22.16,20.83,akshare:index_option_50etf_qvix
2020-11-23,50ETF,22.14,21.6,23.27,21.02,akshare:index_option_50etf_qvix
2020-11-24,50ETF,21.35,22.24,22.71,21.22,akshare:index_option_50etf_qvix
2020-11-25,50ETF,20.83,21.74,22.35,20.83,akshare:index_option_50etf_qvix
2020-11-26,50ETF,19.96,20.88,20.88,19.69,akshare:index_option_50etf_qvix
2020-11-27,50ETF,20.77,20.16,20.8,19.91,akshare:index_option_50etf_qvix
2020-11-30,50ETF,21.16,21.74,24.3,20.94,akshare:index_option_50etf_qvix
2020-12-01,50ETF,23.77,21.41,24.38,20.97,akshare:index_option_50etf_qvix
2020-12-02,50ETF,24.14,24.29,26.08,23.38,akshare:index_option_50etf_qvix
2020-12-03,50ETF,23.96,24.11,24.72,23.91,akshare:index_option_50etf_qvix
2020-12-04,50ETF,23.05,23.99,23.99,22.81,akshare:index_option_50etf_qvix
2020-12-07,50ETF,21.76,22.8,23.09,21.64,akshare:index_option_50etf_qvix
2020-12-08,50ETF,21.0,21.76,21.94,20.57,akshare:index_option_50etf_qvix
2020-12-09,50ETF,19.98,20.93,20.93,19.86,akshare:index_option_50etf_qvix
2020-12-10,50ETF,19.02,20.13,20.13,18.87,akshare:index_option_50etf_qvix
2020-12-11,50ETF,19.64,19.02,20.65,18.73,akshare:index_option_50etf_qvix
2020-12-14,50ETF,18.71,20.26,20.26,18.53,akshare:index_option_50etf_qvix
2020-12-15,50ETF,18.66,18.8,18.92,18.44,akshare:index_option_50etf_qvix
2020-12-16,50ETF,18.7,18.71,19.11,18.48,akshare:index_option_50etf_qvix
2020-12-17,50ETF,19.05,18.79,19.56,18.14,akshare:index_option_50etf_qvix
2020-12-18,50ETF,18.52,19.04,19.29,18.52,akshare:index_option_50etf_qvix
2020-12-21,50ETF,20.25,19.15,20.5,19.15,akshare:index_option_50etf_qvix
2020-12-22,50ETF,19.46,19.4,20.12,19.29,akshare:index_option_50etf_qvix
2020-12-23,50ETF,19.26,19.57,19.7,19.12,akshare:index_option_50etf_qvix
2020-12-24,50ETF,18.54,19.31,19.52,18.45,akshare:index_option_50etf_qvix
2020-12-25,50ETF,18.16,18.68,18.83,18.1,akshare:index_option_50etf_qvix
2020-12-28,50ETF,18.56,18.95,19.23,18.44,akshare:index_option_50etf_qvix
2020-12-29,50ETF,19.02,19.0,19.38,18.86,akshare:index_option_50etf_qvix
2020-12-30,50ETF,19.13,19.24,19.58,19.09,akshare:index_option_50etf_qvix
2020-12-31,50ETF,20.26,19.52,22.0,19.52,akshare:index_option_50etf_qvix
2021-01-04,50ETF,21.0,21.46,22.21,20.66,akshare:index_option_50etf_qvix
2021-01-05,50ETF,20.84,20.88,21.2,20.28,akshare:index_option_50etf_qvix
2021-01-06,50ETF,22.59,22.0,23.9,21.51,akshare:index_option_50etf_qvix
2021-01-07,50ETF,26.1,23.6,26.1,23.45,akshare:index_option_50etf_qvix
2021-01-08,50ETF,26.08,27.93,29.34,25.61,akshare:index_option_50etf_qvix
2021-01-11,50ETF,23.44,26.84,26.86,23.44,akshare:index_option_50etf_qvix
2021-01-12,50ETF,24.97,23.46,25.01,22.36,akshare:index_option_50etf_qvix
2021-01-13,50ETF,24.38,25.9,27.57,24.12,akshare:index_option_50etf_qvix
2021-01-14,50ETF,23.94,24.59,24.95,23.81,akshare:index_option_50etf_qvix
2021-01-15,50ETF,22.12,24.13,24.16,22.07,akshare:index_option_50etf_qvix
2021-01-18,50ETF,22.56,23.04,23.59,21.96,akshare:index_option_50etf_qvix
2021-01-19,50ETF,22.78,22.79,23.15,22.27,akshare:index_option_50etf_qvix
2021-01-20,50ETF,22.5,22.82,23.03,22.3,akshare:index_option_50etf_qvix
2021-01-21,50ETF,23.29,22.6,24.41,22.43,akshare:index_option_50etf_qvix
2021-01-22,50ETF,22.18,23.65,23.65,21.92,akshare:index_option_50etf_qvix
2021-01-25,50ETF,22.97,23.36,23.51,22.51,akshare:index_option_50etf_qvix
2021-01-26,50ETF,22.97,23.13,24.18,22.76,akshare:index_option_50etf_qvix
2021-01-27,50ETF,22.48,23.17,23.55,22.22,akshare:index_option_50etf_qvix
2021-01-28,50ETF,24.34,23.61,24.69,23.61,akshare:index_option_50etf_qvix
2021-01-29,50ETF,24.53,24.35,26.26,23.7,akshare:index_option_50etf_qvix
2021-02-01,50ETF,25.04,25.71,26.28,24.96,akshare:index_option_50etf_qvix
2021-02-02,50ETF,23.19,25.24,25.24,23.02,akshare:index_option_50etf_qvix
2021-02-03,50ETF,22.01,23.56,23.59,21.91,akshare:index_option_50etf_qvix
2021-02-04,50ETF,23.04,22.47,23.98,22.02,akshare:index_option_50etf_qvix
2021-02-05,50ETF,23.53,23.22,24.25,23.13,akshare:index_option_50etf_qvix
2021-02-08,50ETF,23.93,24.71,24.85,23.91,akshare:index_option_50etf_qvix
2021-02-09,50ETF,23.54,24.28,24.56,23.54,akshare:index_option_50etf_qvix
2021-02-10,50ETF,24.98,23.91,25.46,23.91,akshare:index_option_50etf_qvix
2021-02-18,50ETF,24.56,27.0,27.0,23.14,akshare:index_option_50etf_qvix
2021-02-19,50ETF,22.44,24.83,24.92,22.44,akshare:index_option_50etf_qvix
2021-02-22,50ETF,24.59,23.4,24.59,22.66,akshare:index_option_50etf_qvix
2021-02-23,50ETF,23.89,24.89,24.89,22.84,akshare:index_option_50etf_qvix
2021-02-24,50ETF,24.84,23.7,27.4,23.64,akshare:index_option_50etf_qvix
2021-02-25,50ETF,23.18,24.3,24.37,23.07,akshare:index_option_50etf_qvix
2021-02-26,50ETF,24.26,23.47,25.24,22.58,akshare:index_option_50etf_qvix
2021-03-01,50ETF,24.34,25.91,26.13,24.01,akshare:index_option_50etf_qvix
2021-03-02,50ETF,23.71,24.19,25.01,22.78,akshare:index_option_50etf_qvix
2021-03-03,50ETF,23.33,25.0,26.67,22.86,akshare:index_option_50etf_qvix
2021-03-04,50ETF,25.08,23.59,26.09,23.59,akshare:index_option_50etf_qvix
2021-03-05,50ETF,26.96,26.52,28.41,25.53,akshare:index_option_50etf_qvix
2021-03-08,50ETF,27.73,26.24,28.2,25.56,akshare:index_option_50etf_qvix
2021-03-09,50ETF,27.17,27.81,30.67,26.58,akshare:index_option_50etf_qvix
2021-03-10,50ETF,26.07,27.15,27.49,26.02,akshare:index_option_50etf_qvix
2021-03-11,50ETF,24.07,25.9,25.9,23.68,akshare:index_option_50etf_qvix
2021-03-12,50ETF,22.56,23.96,24.37,22.51,akshare:index_option_50etf_qvix
2021-03-15,50ETF,23.26,23.3,24.0,22.98,akshare:index_option_50etf_qvix
2021-03-16,50ETF,22.47,23.29,23.8,22.11,akshare:index_option_50etf_qvix
2021-03-17,50ETF,22.71,22.69,23.15,22.17,akshare:index_option_50etf_qvix
2021-03-18,50ETF,22.26,22.8,23.0,22.16,akshare:index_option_50etf_qvix
2021-03-19,50ETF,22.77,23.08,23.33,22.25,akshare:index_option_50etf_qvix
2021-03-22,50ETF,22.03,23.48,23.48,21.85,akshare:index_option_50etf_qvix
2021-03-23,50ETF,21.24,21.94,22.47,21.13,akshare:index_option_50etf_qvix
2021-03-24,50ETF,21.65,21.8,22.68,21.55,akshare:index_option_50etf_qvix
2021-03-25,50ETF,21.36,22.9,23.58,21.05,akshare:index_option_50etf_qvix
2021-03-26,50ETF,20.19,20.98,20.98,19.98,akshare:index_option_50etf_qvix
2021-03-29,50ETF,20.29,20.75,20.9,20.04,akshare:index_option_50etf_qvix
2021-03-30,50ETF,20.23,20.43,20.89,19.93,akshare:index_option_50etf_qvix
2021-03-31,50ETF,19.89,20.36,20.65,19.87,akshare:index_option_50etf_qvix
2021-04-01,50ETF,19.14,19.85,19.9,18.98,akshare:index_option_50etf_qvix
2021-04-02,50ETF,19.27,19.5,19.87,19.26,akshare:index_option_50etf_qvix
2021-04-06,50ETF,19.59,20.25,20.38,19.54,akshare:index_option_50etf_qvix
2021-04-07,50ETF,18.93,19.69,19.69,18.87,akshare:index_option_50etf_qvix
2021-04-08,50ETF,18.59,19.32,19.43,18.42,akshare:index_option_50etf_qvix
2021-04-09,50ETF,18.52,18.93,19.37,18.5,akshare:index_option_50etf_qvix
2021-04-12,50ETF,19.31,19.45,19.84,18.95,akshare:index_option_50etf_qvix
2021-04-13,50ETF,19.43,19.51,19.69,18.48,akshare:index_option_50etf_qvix
2021-04-14,50ETF,19.17,19.34,19.71,18.78,akshare:index_option_50etf_qvix
2021-04-15,50ETF,19.38,19.85,20.96,19.25,akshare:index_option_50etf_qvix
2021-04-16,50ETF,18.91,19.56,19.94,18.79,akshare:index_option_50etf_qvix
2021-04-19,50ETF,19.54,19.85,19.85,19.13,akshare:index_option_50etf_qvix
2021-04-20,50ETF,19.51,19.72,19.94,19.4,akshare:index_option_50etf_qvix
2021-04-21,50ETF,19.68,19.79,20.02,19.41,akshare:index_option_50etf_qvix
2021-04-22,50ETF,19.61,19.75,19.97,19.51,akshare:index_option_50etf_qvix
2021-04-23,50ETF,19.69,19.74,20.06,19.69,akshare:index_option_50etf_qvix
2021-04-26,50ETF,20.6,20.32,20.6,20.2,akshare:index_option_50etf_qvix
2021-04-27,50ETF,20.01,20.3,20.47,19.62,akshare:index_option_50etf_qvix
2021-04-28,50ETF,19.54,20.58,20.71,19.37,akshare:index_option_50etf_qvix
2021-04-29,50ETF,19.61,19.69,20.24,19.42,akshare:index_option_50etf_qvix
2021-04-30,50ETF,19.5,20.02,20.41,19.44,akshare:index_option_50etf_qvix
2021-05-06,50ETF,19.24,20.61,20.61,19.03,akshare:index_option_50etf_qvix
2021-05-07,50ETF,19.07,19.1,19.51,18.52,akshare:index_option_50etf_qvix
2021-05-10,50ETF,18.98,19.5,19.63,18.91,akshare:index_option_50etf_qvix
2021-05-11,50ETF,19.19,19.52,20.46,18.71,akshare:index_option_50etf_qvix
2021-05-12,50ETF,19.42,19.33,19.7,19.22,akshare:index_option_50etf_qvix
2021-05-13,50ETF,19.44,19.76,20.43,19.43,akshare:index_option_50etf_qvix
2021-05-14,50ETF,19.62,19.54,19.88,19.0,akshare:index_option_50etf_qvix
2021-05-17,50ETF,20.41,20.28,21.44,20.18,akshare:index_option_50etf_qvix
2021-05-18,50ETF,20.04,20.64,20.83,19.76,akshare:index_option_50etf_qvix
2021-05-19,50ETF,19.52,20.08,20.08,19.39,akshare:index_option_50etf_qvix
2021-05-20,50ETF,19.39,19.72,19.93,19.16,akshare:index_option_50etf_qvix
2021-05-21,50ETF,19.18,19.62,19.92,18.92,akshare:index_option_50etf_qvix
2021-05-24,50ETF,19.3,19.83,20.06,19.09,akshare:index_option_50etf_qvix
2021-05-25,50ETF,20.61,19.07,21.27,18.94,akshare:index_option_50etf_qvix
2021-05-26,50ETF,20.75,21.24,21.76,20.54,akshare:index_option_50etf_qvix
2021-05-27,50ETF,21.0,20.24,21.63,19.79,akshare:index_option_50etf_qvix
2021-05-28,50ETF,22.48,22.74,23.81,22.45,akshare:index_option_50etf_qvix
2021-05-31,50ETF,22.95,23.52,23.52,22.56,akshare:index_option_50etf_qvix
2021-06-01,50ETF,22.71,23.44,23.48,22.59,akshare:index_option_50etf_qvix
2021-06-02,50ETF,21.37,23.17,23.25,21.37,akshare:index_option_50etf_qvix
2021-06-03,50ETF,20.53,21.45,21.72,20.53,akshare:index_option_50etf_qvix
2021-06-04,50ETF,20.74,20.66,22.16,20.01,akshare:index_option_50etf_qvix
2021-06-07,50ETF,21.28,21.61,21.66,21.01,akshare:index_option_50etf_qvix
2021-06-08,50ETF,21.77,21.33,22.0,21.22,akshare:index_option_50etf_qvix
2021-06-09,50ETF,20.95,21.96,22.0,20.57,akshare:index_option_50etf_qvix
2021-06-10,50ETF,20.15,21.2,21.2,20.09,akshare:index_option_50etf_qvix
2021-06-11,50ETF,20.31,20.52,20.65,20.2,akshare:index_option_50etf_qvix
2021-06-15,50ETF,19.89,21.4,21.4,19.79,akshare:index_option_50etf_qvix
2021-06-16,50ETF,20.78,20.12,20.84,19.86,akshare:index_option_50etf_qvix
2021-06-17,50ETF,19.76,21.18,21.28,19.32,akshare:index_option_50etf_qvix
2021-06-18,50ETF,19.75,20.02,20.37,19.33,akshare:index_option_50etf_qvix
2021-06-21,50ETF,20.09,20.62,21.18,20.06,akshare:index_option_50etf_qvix
2021-06-22,50ETF,19.64,20.26,20.28,19.37,akshare:index_option_50etf_qvix
2021-06-23,50ETF,18.28,19.77,19.78,18.19,akshare:index_option_50etf_qvix
2021-06-24,50ETF,19.3,19.12,19.8,19.0,akshare:index_option_50etf_qvix
2021-06-25,50ETF,19.02,19.25,19.33,18.54,akshare:index_option_50etf_qvix
2021-06-28,50ETF,18.47,19.08,19.25,18.38,akshare:index_option_50etf_qvix
2021-06-29,50ETF,18.35,18.64,18.74,18.29,akshare:index_option_50etf_qvix
2021-06-30,50ETF,18.93,18.65,19.13,18.47,akshare:index_option_50etf_qvix
2021-07-01,50ETF,18.37,19.39,19.56,18.31,akshare:index_option_50etf_qvix
2021-07-02,50ETF,19.64,18.83,20.16,18.83,akshare:index_option_50etf_qvix
2021-07-05,50ETF,18.69,20.53,20.62,18.69,akshare:index_option_50etf_qvix
2021-07-06,50ETF,18.38,18.72,19.3,18.37,akshare:index_option_50etf_qvix
2021-07-07,50ETF,17.66,18.63,18.63,17.64,akshare:index_option_50etf_qvix
2021-07-08,50ETF,18.45,17.89,19.01,17.78,akshare:index_option_50etf_qvix
2021-07-09,50ETF,18.39,18.83,20.02,18.33,akshare:index_option_50etf_qvix
2021-07-12,50ETF,19.02,19.46,19.76,18.94,akshare:index_option_50etf_qvix
2021-07-13,50ETF,18.63,19.2,19.2,18.61,akshare:index_option_50etf_qvix
2021-07-14,50ETF,18.62,18.8,19.3,18.47,akshare:index_option_50etf_qvix
2021-07-15,50ETF,18.45,18.87,18.98,17.97,akshare:index_option_50etf_qvix
2021-07-16,50ETF,18.32,18.7,18.79,18.12,akshare:index_option_50etf_qvix
2021-07-19,50ETF,18.56,19.3,19.78,18.39,akshare:index_option_50etf_qvix
2021-07-20,50ETF,18.91,19.04,19.41,18.75,akshare:index_option_50etf_qvix
2021-07-21,50ETF,18.31,18.98,18.98,18.27,akshare:index_option_50etf_qvix
2021-07-22,50ETF,18.27,18.64,18.69,17.95,akshare:index_option_50etf_qvix
2021-07-23,50ETF,18.14,18.38,18.5,18.03,akshare:index_option_50etf_qvix
2021-07-26,50ETF,21.36,19.53,23.9,19.53,akshare:index_option_50etf_qvix
2021-07-27,50ETF,23.46,21.77,23.8,19.88,akshare:index_option_50etf_qvix
2021-07-28,50ETF,21.96,23.4,25.97,21.58,akshare:index_option_50etf_qvix
2021-07-29,50ETF,21.22,22.9,22.9,20.86,akshare:index_option_50etf_qvix
2021-07-30,50ETF,20.72,21.96,21.96,20.45,akshare:index_option_50etf_qvix
2021-08-02,50ETF,20.67,21.72,21.9,20.19,akshare:index_option_50etf_qvix
2021-08-03,50ETF,19.67,20.98,20.98,19.66,akshare:index_option_50etf_qvix
2021-08-04,50ETF,19.83,19.93,20.03,19.62,akshare:index_option_50etf_qvix
2021-08-05,50ETF,19.64,20.12,20.15,19.5,akshare:index_option_50etf_qvix
2021-08-06,50ETF,19.15,19.76,19.76,19.15,akshare:index_option_50etf_qvix
2021-08-09,50ETF,19.14,19.76,19.76,19.14,akshare:index_option_50etf_qvix
2021-08-10,50ETF,19.55,19.21,19.55,19.0,akshare:index_option_50etf_qvix
2021-08-11,50ETF,19.36,19.79,20.59,19.23,akshare:index_option_50etf_qvix
2021-08-12,50ETF,19.34,19.48,19.69,19.21,akshare:index_option_50etf_qvix
2021-08-13,50ETF,19.29,19.61,19.67,19.23,akshare:index_option_50etf_qvix
2021-08-16,50ETF,19.76,19.98,20.04,19.29,akshare:index_option_50etf_qvix
2021-08-17,50ETF,20.81,19.86,21.28,19.56,akshare:index_option_50etf_qvix
2021-08-18,50ETF,19.7,20.96,21.34,19.57,akshare:index_option_50etf_qvix
2021-08-19,50ETF,20.5,20.03,20.89,20.03,akshare:index_option_50etf_qvix
2021-08-20,50ETF,22.51,21.4,23.87,21.11,akshare:index_option_50etf_qvix
2021-08-23,50ETF,21.38,22.78,23.14,20.96,akshare:index_option_50etf_qvix
2021-08-24,50ETF,20.13,21.21,21.21,19.95,akshare:index_option_50etf_qvix
2021-08-25,50ETF,20.12,20.6,20.68,19.95,akshare:index_option_50etf_qvix
2021-08-26,50ETF,20.82,20.25,20.85,19.72,akshare:index_option_50etf_qvix
2021-08-27,50ETF,20.43,20.45,20.68,19.88,akshare:index_option_50etf_qvix
2021-08-30,50ETF,21.24,21.09,21.48,20.66,akshare:index_option_50etf_qvix
2021-08-31,50ETF,21.18,21.42,22.42,20.85,akshare:index_option_50etf_qvix
2021-09-01,50ETF,21.11,21.34,21.83,20.78,akshare:index_option_50etf_qvix
2021-09-02,50ETF,21.6,21.56,22.03,21.56,akshare:index_option_50etf_qvix
2021-09-03,50ETF,21.39,21.0,22.62,21.0,akshare:index_option_50etf_qvix
2021-09-06,50ETF,21.08,22.0,22.11,20.96,akshare:index_option_50etf_qvix
2021-09-07,50ETF,21.37,21.6,21.6,20.94,akshare:index_option_50etf_qvix
2021-09-08,50ETF,21.48,21.56,21.96,21.35,akshare:index_option_50etf_qvix
2021-09-09,50ETF,21.27,21.78,21.78,21.0,akshare:index_option_50etf_qvix
2021-09-10,50ETF,20.91,21.46,21.6,20.89,akshare:index_option_50etf_qvix
2021-09-13,50ETF,21.26,21.7,21.87,21.02,akshare:index_option_50etf_qvix
2021-09-14,50ETF,20.77,21.46,21.5,20.62,akshare:index_option_50etf_qvix
2021-09-15,50ETF,21.1,21.18,21.23,20.77,akshare:index_option_50etf_qvix
2021-09-16,50ETF,21.85,21.27,22.19,20.86,akshare:index_option_50etf_qvix
2021-09-17,50ETF,20.08,22.26,22.68,19.89,akshare:index_option_50etf_qvix
2021-09-22,50ETF,21.88,22.21,22.99,21.44,akshare:index_option_50etf_qvix
2021-09-23,50ETF,21.0,21.55,21.58,20.6,akshare:index_option_50etf_qvix
2021-09-24,50ETF,19.86,21.08,21.08,19.55,akshare:index_option_50etf_qvix
2021-09-27,50ETF,20.22,20.12,20.6,19.23,akshare:index_option_50etf_qvix
2021-09-28,50ETF,20.76,20.83,21.18,20.44,akshare:index_option_50etf_qvix
2021-09-29,50ETF,21.49,21.61,21.94,21.21,akshare:index_option_50etf_qvix
2021-09-30,50ETF,21.63,22.03,22.15,21.25,akshare:index_option_50etf_qvix
2021-10-08,50ETF,19.83,22.15,22.15,19.68,akshare:index_option_50etf_qvix
2021-10-11,50ETF,19.45,20.63,20.63,19.43,akshare:index_option_50etf_qvix
2021-10-12,50ETF,19.3,19.86,19.86,19.26,akshare:index_option_50etf_qvix
2021-10-13,50ETF,19.46,19.59,19.78,18.99,akshare:index_option_50etf_qvix
2021-10-14,50ETF,19.21,19.59,19.66,19.09,akshare:index_option_50etf_qvix
2021-10-15,50ETF,18.86,19.51,19.6,18.85,akshare:index_option_50etf_qvix
2021-10-18,50ETF,19.8,19.67,20.44,19.45,akshare:index_option_50etf_qvix
2021-10-19,50ETF,18.81,19.59,19.59,18.61,akshare:index_option_50etf_qvix
2021-10-20,50ETF,18.79,18.57,19.43,18.54,akshare:index_option_50etf_qvix
2021-10-21,50ETF,19.12,18.8,19.25,18.64,akshare:index_option_50etf_qvix
2021-10-22,50ETF,19.09,19.44,20.0,18.83,akshare:index_option_50etf_qvix
2021-10-25,50ETF,19.56,19.56,20.0,19.3,akshare:index_option_50etf_qvix
2021-10-26,50ETF,19.37,19.84,20.24,19.31,akshare:index_option_50etf_qvix
2021-10-27,50ETF,19.15,19.88,19.88,19.05,akshare:index_option_50etf_qvix
2021-10-28,50ETF,19.74,20.1,20.55,19.57,akshare:index_option_50etf_qvix
2021-10-29,50ETF,19.5,19.84,20.05,19.35,akshare:index_option_50etf_qvix
2021-11-01,50ETF,19.83,20.0,20.2,19.12,akshare:index_option_50etf_qvix
2021-11-02,50ETF,20.81,20.03,21.34,19.47,akshare:index_option_50etf_qvix
2021-11-03,50ETF,21.08,20.86,21.46,20.15,akshare:index_option_50etf_qvix
2021-11-04,50ETF,19.95,20.89,20.89,19.84,akshare:index_option_50etf_qvix
2021-11-05,50ETF,19.46,20.26,20.3,19.31,akshare:index_option_50etf_qvix
2021-11-08,50ETF,20.12,20.37,20.53,19.57,akshare:index_option_50etf_qvix
2021-11-09,50ETF,20.14,20.16,20.49,19.7,akshare:index_option_50etf_qvix
2021-11-10,50ETF,18.71,19.17,20.6,18.46,akshare:index_option_50etf_qvix
2021-11-11,50ETF,19.53,20.4,20.4,19.06,akshare:index_option_50etf_qvix
2021-11-12,50ETF,19.27,19.66,19.66,19.16,akshare:index_option_50etf_qvix
2021-11-15,50ETF,19.48,19.98,19.98,19.41,akshare:index_option_50etf_qvix
2021-11-16,50ETF,19.33,19.84,19.84,19.2,akshare:index_option_50etf_qvix
2021-11-17,50ETF,19.21,19.6,19.65,18.93,akshare:index_option_50etf_qvix
2021-11-18,50ETF,19.11,19.58,19.79,18.87,akshare:index_option_50etf_qvix
2021-11-19,50ETF,18.84,18.46,19.0,17.96,akshare:index_option_50etf_qvix
2021-11-22,50ETF,18.5,18.5,18.9,18.45,akshare:index_option_50etf_qvix
2021-11-23,50ETF,18.35,18.61,18.83,18.12,akshare:index_option_50etf_qvix
2021-11-24,50ETF,17.91,18.53,18.53,17.87,akshare:index_option_50etf_qvix
2021-11-25,50ETF,18.36,19.34,19.34,18.31,akshare:index_option_50etf_qvix
2021-11-26,50ETF,18.44,18.74,18.86,18.14,akshare:index_option_50etf_qvix
2021-11-29,50ETF,18.73,19.11,19.19,18.59,akshare:index_option_50etf_qvix
2021-11-30,50ETF,18.52,18.75,18.83,18.04,akshare:index_option_50etf_qvix
2021-12-01,50ETF,18.26,18.8,18.84,18.12,akshare:index_option_50etf_qvix
2021-12-02,50ETF,17.71,17.9,17.95,17.62,akshare:index_option_50etf_qvix
2021-12-03,50ETF,17.12,17.83,18.0,17.12,akshare:index_option_50etf_qvix
2021-12-06,50ETF,17.34,17.91,17.91,17.3,akshare:index_option_50etf_qvix
2021-12-07,50ETF,17.46,17.8,17.91,17.27,akshare:index_option_50etf_qvix
2021-12-08,50ETF,18.66,17.71,18.78,17.53,akshare:index_option_50etf_qvix
2021-12-09,50ETF,19.67,18.87,22.19,18.79,akshare:index_option_50etf_qvix
2021-12-10,50ETF,18.8,19.5,19.74,18.57,akshare:index_option_50etf_qvix
2021-12-13,50ETF,19.26,20.0,21.45,18.86,akshare:index_option_50etf_qvix
2021-12-14,50ETF,18.62,19.21,19.21,18.39,akshare:index_option_50etf_qvix
2021-12-15,50ETF,18.03,18.88,18.88,17.85,akshare:index_option_50etf_qvix
2021-12-16,50ETF,18.01,18.38,18.4,17.73,akshare:index_option_50etf_qvix
2021-12-17,50ETF,17.82,18.27,18.27,17.64,akshare:index_option_50etf_qvix
2021-12-20,50ETF,18.59,18.31,18.8,17.61,akshare:index_option_50etf_qvix
2021-12-21,50ETF,17.85,18.7,18.7,17.54,akshare:index_option_50etf_qvix
2021-12-22,50ETF,17.66,18.09,18.18,17.45,akshare:index_option_50etf_qvix
2021-12-23,50ETF,15.2,16.7,16.74,15.06,akshare:index_option_50etf_qvix
2021-12-24,50ETF,16.02,15.97,16.48,15.76,akshare:index_option_50etf_qvix
2021-12-27,50ETF,16.5,16.66,16.99,16.36,akshare:index_option_50etf_qvix
2021-12-28,50ETF,16.44,16.52,16.81,16.2,akshare:index_option_50etf_qvix
2021-12-29,50ETF,18.13,16.76,18.44,16.76,akshare:index_option_50etf_qvix
2021-12-30,50ETF,17.32,18.26,18.26,16.94,akshare:index_option_50etf_qvix
2021-12-31,50ETF,17.6,17.4,18.3,17.1,akshare:index_option_50etf_qvix
2022-01-04,50ETF,18.11,18.7,19.23,17.93,akshare:index_option_50etf_qvix
2022-01-05,50ETF,18.51,18.2,18.84,17.88,akshare:index_option_50etf_qvix
2022-01-06,50ETF,18.76,19.0,19.98,18.55,akshare:index_option_50etf_qvix
2022-01-07,50ETF,18.01,18.73,18.74,17.81,akshare:index_option_50etf_qvix
2022-01-10,50ETF,18.11,18.4,19.41,18.06,akshare:index_option_50etf_qvix
2022-01-11,50ETF,18.05,18.6,18.62,17.95,akshare:index_option_50etf_qvix
2022-01-12,50ETF,17.45,18.0,18.1,17.4,akshare:index_option_50etf_qvix
2022-01-13,50ETF,18.87,17.61,18.99,17.39,akshare:index_option_50etf_qvix
2022-01-14,50ETF,19.34,19.4,20.26,18.74,akshare:index_option_50etf_qvix
2022-01-17,50ETF,18.67,19.66,19.66,18.44,akshare:index_option_50etf_qvix
2022-01-18,50ETF,17.92,19.0,19.12,17.87,akshare:index_option_50etf_qvix
2022-01-19,50ETF,18.15,18.3,18.4,17.75,akshare:index_option_50etf_qvix
2022-01-20,50ETF,18.05,17.65,18.32,17.45,akshare:index_option_50etf_qvix
2022-01-21,50ETF,18.34,18.31,18.83,18.14,akshare:index_option_50etf_qvix
2022-01-24,50ETF,19.22,19.34,19.65,18.88,akshare:index_option_50etf_qvix
2022-01-25,50ETF,21.42,19.15,21.92,19.02,akshare:index_option_50etf_qvix
2022-01-26,50ETF,20.51,20.23,21.98,19.76,akshare:index_option_50etf_qvix
2022-01-27,50ETF,21.11,21.18,22.11,20.52,akshare:index_option_50etf_qvix
2022-01-28,50ETF,25.19,21.41,25.33,20.5,akshare:index_option_50etf_qvix
2022-02-07,50ETF,19.67,23.46,23.46,19.42,akshare:index_option_50etf_qvix
2022-02-08,50ETF,18.72,19.87,19.96,18.69,akshare:index_option_50etf_qvix
2022-02-09,50ETF,17.99,19.13,19.13,17.9,akshare:index_option_50etf_qvix
2022-02-10,50ETF,17.52,18.22,18.29,17.52,akshare:index_option_50etf_qvix
2022-02-11,50ETF,17.19,17.83,17.86,17.13,akshare:index_option_50etf_qvix
2022-02-14,50ETF,18.05,18.15,18.61,17.79,akshare:index_option_50etf_qvix
2022-02-15,50ETF,17.99,18.36,18.4,17.69,akshare:index_option_50etf_qvix
2022-02-16,50ETF,17.08,17.96,17.96,16.96,akshare:index_option_50etf_qvix
2022-02-17,50ETF,17.03,17.28,17.28,16.63,akshare:index_option_50etf_qvix
2022-02-18,50ETF,16.67,17.43,17.43,16.45,akshare:index_option_50etf_qvix
2022-02-21,50ETF,16.62,17.38,17.38,16.49,akshare:index_option_50etf_qvix
2022-02-22,50ETF,17.75,17.29,17.38,17.05,akshare:index_option_50etf_qvix
2022-02-23,50ETF,16.77,17.44,17.44,16.67,akshare:index_option_50etf_qvix
2022-02-24,50ETF,18.8,17.26,19.84,16.83,akshare:index_option_50etf_qvix
2022-02-25,50ETF,17.81,17.87,18.18,16.81,akshare:index_option_50etf_qvix
2022-02-28,50ETF,18.15,18.35,19.4,18.14,akshare:index_option_50etf_qvix
2022-03-01,50ETF,16.93,16.99,17.41,16.77,akshare:index_option_50etf_qvix
2022-03-02,50ETF,16.88,17.2,17.39,16.83,akshare:index_option_50etf_qvix
2022-03-03,50ETF,17.46,16.71,17.57,16.56,akshare:index_option_50etf_qvix
2022-03-04,50ETF,17.371,18.094,18.564,17.273,akshare:index_option_50etf_qvix
2022-03-07,50ETF,21.12,18.48,21.35,18.48,akshare:index_option_50etf_qvix
2022-03-08,50ETF,22.71,20.87,23.52,20.56,akshare:index_option_50etf_qvix
2022-03-09,50ETF,24.85,22.14,29.54,21.43,akshare:index_option_50etf_qvix
2022-03-10,50ETF,21.5,22.5,22.75,20.71,akshare:index_option_50etf_qvix
2022-03-11,50ETF,22.672,23.097,25.269,21.732,akshare:index_option_50etf_qvix
2022-03-14,50ETF,26.35,24.15,26.52,23.9,akshare:index_option_50etf_qvix
2022-03-15,50ETF,29.42,28.63,32.07,26.54,akshare:index_option_50etf_qvix
2022-03-16,50ETF,25.49,30.18,31.2,22.18,akshare:index_option_50etf_qvix
2022-03-17,50ETF,23.18,24.7,25.22,23.0,akshare:index_option_50etf_qvix
2022-03-18,50ETF,22.89,23.44,23.44,22.22,akshare:index_option_50etf_qvix
2022-03-21,50ETF,22.35,23.19,23.83,22.15,akshare:index_option_50etf_qvix
2022-03-22,50ETF,21.09,22.54,22.74,20.56,akshare:index_option_50etf_qvix
2022-03-23,50ETF,19.55,21.28,21.3,19.49,akshare:index_option_50etf_qvix
2022-03-24,50ETF,19.08,20.23,20.23,19.06,akshare:index_option_50etf_qvix
2022-03-25,50ETF,21.14,18.96,21.45,18.96,akshare:index_option_50etf_qvix
2022-03-28,50ETF,22.92,23.98,26.51,22.41,akshare:index_option_50etf_qvix
2022-03-29,50ETF,23.26,22.57,23.72,22.14,akshare:index_option_50etf_qvix
2022-03-30,50ETF,21.33,22.44,22.44,21.19,akshare:index_option_50etf_qvix
2022-03-31,50ETF,21.13,21.49,21.84,21.13,akshare:index_option_50etf_qvix
2022-04-01,50ETF,20.68,21.7,21.99,20.68,akshare:index_option_50etf_qvix
2022-04-06,50ETF,20.29,21.94,21.94,20.27,akshare:index_option_50etf_qvix
2022-04-07,50ETF,21.15,20.66,21.68,20.6,akshare:index_option_50etf_qvix
2022-04-08,50ETF,20.54,21.37,21.89,20.51,akshare:index_option_50etf_qvix
2022-04-11,50ETF,23.29,21.26,23.73,21.06,akshare:index_option_50etf_qvix
2022-04-12,50ETF,22.09,23.17,24.17,21.43,akshare:index_option_50etf_qvix
2022-04-13,50ETF,21.99,22.46,22.62,21.48,akshare:index_option_50etf_qvix
2022-04-14,50ETF,21.0,21.85,21.94,20.9,akshare:index_option_50etf_qvix
2022-04-15,50ETF,21.08,21.25,21.71,20.91,akshare:index_option_50etf_qvix
2022-04-18,50ETF,21.75,21.99,23.01,21.62,akshare:index_option_50etf_qvix
2022-04-19,50ETF,21.68,21.93,22.55,21.46,akshare:index_option_50etf_qvix
2022-04-20,50ETF,23.08,21.95,23.43,21.92,akshare:index_option_50etf_qvix
2022-04-21,50ETF,25.01,23.55,25.79,22.86,akshare:index_option_50etf_qvix
2022-04-22,50ETF,23.98,26.43,27.06,23.3,akshare:index_option_50etf_qvix
2022-04-25,50ETF,31.18,27.5,31.18,26.52,akshare:index_option_50etf_qvix
2022-04-26,50ETF,27.93,30.63,32.03,26.33,akshare:index_option_50etf_qvix
2022-04-27,50ETF,25.56,27.9,28.65,25.1,akshare:index_option_50etf_qvix
2022-04-28,50ETF,22.84,25.96,26.23,22.59,akshare:index_option_50etf_qvix
2022-04-29,50ETF,22.08,22.8,23.78,21.81,akshare:index_option_50etf_qvix
2022-05-05,50ETF,23.39,24.34,24.34,23.18,akshare:index_option_50etf_qvix
2022-05-06,50ETF,24.91,24.68,25.94,24.37,akshare:index_option_50etf_qvix
2022-05-09,50ETF,25.28,26.06,26.42,25.26,akshare:index_option_50etf_qvix
2022-05-10,50ETF,25.13,26.79,27.33,24.36,akshare:index_option_50etf_qvix
2022-05-11,50ETF,24.06,25.19,25.32,23.82,akshare:index_option_50etf_qvix
2022-05-12,50ETF,24.54,24.46,24.93,24.18,akshare:index_option_50etf_qvix
2022-05-13,50ETF,23.81,23.97,24.5,23.7,akshare:index_option_50etf_qvix
2022-05-16,50ETF,24.1,24.48,24.88,24.07,akshare:index_option_50etf_qvix
2022-05-17,50ETF,22.96,24.35,24.35,22.73,akshare:index_option_50etf_qvix
2022-05-18,50ETF,22.25,23.11,23.27,22.18,akshare:index_option_50etf_qvix
2022-05-19,50ETF,22.2,22.91,23.08,22.1,akshare:index_option_50etf_qvix
2022-05-20,50ETF,22.06,22.3,22.3,21.35,akshare:index_option_50etf_qvix
2022-05-23,50ETF,21.46,22.0,22.99,21.26,akshare:index_option_50etf_qvix
2022-05-24,50ETF,21.53,21.79,21.79,21.23,akshare:index_option_50etf_qvix
2022-05-25,50ETF,21.29,22.16,22.21,21.17,akshare:index_option_50etf_qvix
2022-05-26,50ETF,20.91,21.72,21.92,20.82,akshare:index_option_50etf_qvix
2022-05-27,50ETF,20.32,20.69,20.69,20.1,akshare:index_option_50etf_qvix
2022-05-30,50ETF,20.64,20.88,20.88,20.39,akshare:index_option_50etf_qvix
2022-05-31,50ETF,21.1,20.9,21.27,20.7,akshare:index_option_50etf_qvix
2022-06-01,50ETF,20.82,21.3,21.42,20.77,akshare:index_option_50etf_qvix
2022-06-02,50ETF,20.71,20.97,21.28,20.71,akshare:index_option_50etf_qvix
2022-06-06,50ETF,21.28,21.64,21.77,21.13,akshare:index_option_50etf_qvix
2022-06-07,50ETF,21.63,21.44,22.12,21.43,akshare:index_option_50etf_qvix
2022-06-08,50ETF,21.97,22.01,22.42,21.29,akshare:index_option_50etf_qvix
2022-06-09,50ETF,21.37,22.02,22.51,21.23,akshare:index_option_50etf_qvix
2022-06-10,50ETF,21.04,21.45,21.59,20.99,akshare:index_option_50etf_qvix
2022-06-13,50ETF,21.47,21.46,21.94,21.15,akshare:index_option_50etf_qvix
2022-06-14,50ETF,21.58,21.56,22.31,21.19,akshare:index_option_50etf_qvix
2022-06-15,50ETF,22.75,21.87,24.32,21.79,akshare:index_option_50etf_qvix
2022-06-16,50ETF,21.65,22.97,23.07,21.53,akshare:index_option_50etf_qvix
2022-06-17,50ETF,22.35,21.88,22.92,21.86,akshare:index_option_50etf_qvix
2022-06-20,50ETF,22.24,23.09,23.19,22.17,akshare:index_option_50etf_qvix
2022-06-21,50ETF,21.72,22.36,22.73,21.46,akshare:index_option_50etf_qvix
2022-06-22,50ETF,20.58,22.08,22.08,20.58,akshare:index_option_50etf_qvix
2022-06-23,50ETF,20.28,20.6,20.82,20.23,akshare:index_option_50etf_qvix
2022-06-24,50ETF,20.03,20.46,21.17,20.03,akshare:index_option_50etf_qvix
2022-06-27,50ETF,22.0,21.88,23.07,21.74,akshare:index_option_50etf_qvix
2022-06-28,50ETF,21.82,22.32,22.54,21.7,akshare:index_option_50etf_qvix
2022-06-29,50ETF,21.99,22.05,23.09,21.93,akshare:index_option_50etf_qvix
2022-06-30,50ETF,23.329,22.224,23.789,22.224,akshare:index_option_50etf_qvix
2022-07-01,50ETF,22.868,23.828,24.179,22.486,akshare:index_option_50etf_qvix
2022-07-04,50ETF,23.11,23.34,23.75,22.77,akshare:index_option_50etf_qvix
2022-07-05,50ETF,23.032,23.423,23.465,22.407,akshare:index_option_50etf_qvix
2022-07-06,50ETF,22.76,23.183,23.389,22.653,akshare:index_option_50etf_qvix
2022-07-07,50ETF,22.293,23.048,23.121,22.293,akshare:index_option_50etf_qvix
2022-07-08,50ETF,21.59,22.03,22.07,21.59,akshare:index_option_50etf_qvix
2022-07-11,50ETF,21.97,22.65,22.8,21.92,akshare:index_option_50etf_qvix
2022-07-12,50ETF,21.35,22.21,22.21,21.29,akshare:index_option_50etf_qvix
2022-07-13,50ETF,21.015,21.639,21.641,20.732,akshare:index_option_50etf_qvix
2022-07-14,50ETF,20.67,21.17,21.31,20.49,akshare:index_option_50etf_qvix
2022-07-15,50ETF,21.176,21.062,21.176,20.08,akshare:index_option_50etf_qvix
2022-07-18,50ETF,21.2,21.73,21.96,20.81,akshare:index_option_50etf_qvix
2022-07-19,50ETF,20.94,21.37,21.54,20.55,akshare:index_option_50etf_qvix
2022-07-20,50ETF,20.15,20.84,20.98,20.11,akshare:index_option_50etf_qvix
2022-07-21,50ETF,20.355,20.474,20.474,19.717,akshare:index_option_50etf_qvix
2022-07-22,50ETF,19.918,20.445,20.836,19.465,akshare:index_option_50etf_qvix
2022-07-25,50ETF,20.407,20.749,20.749,20.125,akshare:index_option_50etf_qvix
2022-07-26,50ETF,19.376,20.252,20.252,19.225,akshare:index_option_50etf_qvix
2022-07-27,50ETF,19.648,19.533,19.746,19.24,akshare:index_option_50etf_qvix
2022-07-28,50ETF,19.7,19.98,19.99,19.1,akshare:index_option_50etf_qvix
2022-07-29,50ETF,21.31,20.28,21.69,19.44,akshare:index_option_50etf_qvix
2022-08-01,50ETF,21.57,22.36,22.82,21.14,akshare:index_option_50etf_qvix
2022-08-02,50ETF,25.36,22.88,25.768,22.88,akshare:index_option_50etf_qvix
2022-08-03,50ETF,23.47,23.61,25.51,23.0,akshare:index_option_50etf_qvix
2022-08-04,50ETF,21.33,23.12,23.19,21.33,akshare:index_option_50etf_qvix
2022-08-05,50ETF,19.557,21.247,21.28,19.557,akshare:index_option_50etf_qvix
2022-08-08,50ETF,19.71,20.4,20.4,19.7,akshare:index_option_50etf_qvix
2022-08-09,50ETF,19.45,20.14,20.14,19.45,akshare:index_option_50etf_qvix
2022-08-10,50ETF,19.917,19.676,20.322,19.624,akshare:index_option_50etf_qvix
2022-08-11,50ETF,20.006,19.796,20.062,19.139,akshare:index_option_50etf_qvix
2022-08-12,50ETF,19.174,20.164,20.164,19.149,akshare:index_option_50etf_qvix
2022-08-15,50ETF,19.43,19.879,20.107,19.279,akshare:index_option_50etf_qvix
2022-08-16,50ETF,19.167,19.686,19.76,18.962,akshare:index_option_50etf_qvix
2022-08-17,50ETF,18.918,19.24,19.424,18.478,akshare:index_option_50etf_qvix
2022-08-18,50ETF,19.488,18.859,19.498,18.798,akshare:index_option_50etf_qvix
2022-08-19,50ETF,18.76,19.54,19.54,18.38,akshare:index_option_50etf_qvix
2022-08-22,50ETF,18.349,19.581,19.581,18.157,akshare:index_option_50etf_qvix
2022-08-23,50ETF,18.027,18.566,18.655,17.46,akshare:index_option_50etf_qvix
2022-08-24,50ETF,18.92,17.94,19.28,17.44,akshare:index_option_50etf_qvix
2022-08-25,50ETF,17.85,18.64,18.75,17.54,akshare:index_option_50etf_qvix
2022-08-26,50ETF,17.01815914,17.2,17.98531028,16.97924787,akshare:index_option_50etf_qvix
2022-08-29,50ETF,17.687,18.325,18.5,17.687,akshare:index_option_50etf_qvix
2022-08-30,50ETF,17.416,17.78,18.398,17.36,akshare:index_option_50etf_qvix
2022-08-31,50ETF,17.566,17.931,18.029,16.786,akshare:index_option_50etf_qvix
2022-09-01,50ETF,17.853,17.849,18.17,17.604,akshare:index_option_50etf_qvix
2022-09-02,50ETF,18.29,17.724,19.326,17.724,akshare:index_option_50etf_qvix
2022-09-05,50ETF,19.14,19.41,20.4,19.11,akshare:index_option_50etf_qvix
2022-09-06,50ETF,18.098,18.986,19.256,17.908,akshare:index_option_50etf_qvix
2022-09-07,50ETF,17.95,18.48,18.68,17.85,akshare:index_option_50etf_qvix
2022-09-08,50ETF,17.493,17.835,17.935,17.32,akshare:index_option_50etf_qvix
2022-09-09,50ETF,16.964,17.547,17.547,16.917,akshare:index_option_50etf_qvix
2022-09-13,50ETF,17.174,17.993,18.215,17.149,akshare:index_option_50etf_qvix
2022-09-14,50ETF,17.241,17.933,17.933,17.067,akshare:index_option_50etf_qvix
2022-09-15,50ETF,17.59,17.056,18.231,16.846,akshare:index_option_50etf_qvix
2022-09-16,50ETF,19.0,18.04,19.2,18.01,akshare:index_option_50etf_qvix
2022-09-19,50ETF,18.97,19.61,19.84,18.64,akshare:index_option_50etf_qvix
2022-09-20,50ETF,18.49,18.84,18.91,18.18,akshare:index_option_50etf_qvix
2022-09-21,50ETF,19.42,18.63,19.92,18.61,akshare:index_option_50etf_qvix
2022-09-22,50ETF,19.63,20.04,20.91,19.38,akshare:index_option_50etf_qvix
2022-09-23,50ETF,19.2,19.73,20.19,18.64,akshare:index_option_50etf_qvix
2022-09-26,50ETF,20.11,20.12,20.47,19.25,akshare:index_option_50etf_qvix
2022-09-27,50ETF,18.88,20.07,20.49,18.72,akshare:index_option_50etf_qvix
2022-09-28,50ETF,19.56,19.32,19.63,18.64,akshare:index_option_50etf_qvix
2022-09-29,50ETF,20.39411041,19.91886339,22.27795966,19.23262273,akshare:index_option_50etf_qvix
2022-09-30,50ETF,19.13,19.83,20.53,19.13,akshare:index_option_50etf_qvix
2022-10-10,50ETF,20.53,20.25,20.84,19.21,akshare:index_option_50etf_qvix
2022-10-11,50ETF,20.01,20.45,20.74,19.92,akshare:index_option_50etf_qvix
2022-10-12,50ETF,20.82,20.48,21.77,19.73,akshare:index_option_50etf_qvix
2022-10-13,50ETF,21.07,20.81,21.68,20.81,akshare:index_option_50etf_qvix
2022-10-14,50ETF,19.36,20.86,20.86,19.05,akshare:index_option_50etf_qvix
2022-10-17,50ETF,19.19,20.05,20.35,19.19,akshare:index_option_50etf_qvix
2022-10-18,50ETF,19.918,20.445,20.836,19.465,akshare:index_option_50etf_qvix
2022-10-19,50ETF,19.06,18.84,19.15,18.19,akshare:index_option_50etf_qvix
2022-10-20,50ETF,19.98,19.51,20.11,18.95,akshare:index_option_50etf_qvix
2022-10-21,50ETF,20.38,20.11,21.41,19.8,akshare:index_option_50etf_qvix
2022-10-24,50ETF,24.64,21.29,25.2,20.89,akshare:index_option_50etf_qvix
2022-10-25,50ETF,22.9,24.83,26.04,22.08,akshare:index_option_50etf_qvix
2022-10-26,50ETF,21.11,23.02,23.18,20.4,akshare:index_option_50etf_qvix
2022-10-27,50ETF,21.06551721,20.75186595,21.43160109,19.91951445,akshare:index_option_50etf_qvix
2022-10-28,50ETF,24.03,23.45,24.03,22.91,akshare:index_option_50etf_qvix
2022-10-31,50ETF,26.78,26.2,26.78,24.96,akshare:index_option_50etf_qvix
2022-11-01,50ETF,23.33,26.08,26.08,23.19,akshare:index_option_50etf_qvix
2022-11-02,50ETF,22.09,24.2,24.2,22.04,akshare:index_option_50etf_qvix
2022-11-03,50ETF,22.24,22.44,23.1,22.2,akshare:index_option_50etf_qvix
2022-11-04,50ETF,22.24,22.33,22.75,21.5,akshare:index_option_50etf_qvix
2022-11-07,50ETF,23.01,23.15,23.79,22.34,akshare:index_option_50etf_qvix
2022-11-08,50ETF,22.35,23.52,23.52,21.92,akshare:index_option_50etf_qvix
2022-11-09,50ETF,22.18,22.3,22.43,21.71,akshare:index_option_50etf_qvix
2022-11-10,50ETF,22.33,22.47,22.84,22.21,akshare:index_option_50etf_qvix
2022-11-11,50ETF,21.81,22.8,23.15,21.79,akshare:index_option_50etf_qvix
2022-11-14,50ETF,22.93,23.03,23.48,22.67,akshare:index_option_50etf_qvix
2022-11-15,50ETF,23.16,23.07,23.91,22.96,akshare:index_option_50etf_qvix
2022-11-16,50ETF,22.91,23.49,23.49,22.47,akshare:index_option_50etf_qvix
2022-11-17,50ETF,22.37,23.03,23.03,22.11,akshare:index_option_50etf_qvix
2022-11-18,50ETF,21.78,22.65,22.65,21.41,akshare:index_option_50etf_qvix
2022-11-21,50ETF,22.0,22.73,22.73,21.5,akshare:index_option_50etf_qvix
2022-11-22,50ETF,21.99,21.6,22.12,20.92,akshare:index_option_50etf_qvix
2022-11-23,50ETF,22.08,22.22,22.42,21.68,akshare:index_option_50etf_qvix
2022-11-24,50ETF,21.88829295,22.16540976,22.37606786,21.81531095,akshare:index_option_50etf_qvix
2022-11-25,50ETF,21.25084989,21.98192813,22.23499063,21.25084989,akshare:index_option_50etf_qvix
2022-11-28,50ETF,22.91,22.38,24.49,22.38,akshare:index_option_50etf_qvix
2022-11-29,50ETF,24.04,22.44,24.63,22.35,akshare:index_option_50etf_qvix
2022-11-30,50ETF,23.55,24.04,24.36,23.18,akshare:index_option_50etf_qvix
2022-12-01,50ETF,23.8,24.0,24.3,23.2,akshare:index_option_50etf_qvix
2022-12-02,50ETF,21.55,22.31,22.57,21.33,akshare:index_option_50etf_qvix
2022-12-05,50ETF,22.2,22.48,22.57,21.81,akshare:index_option_50etf_qvix
2022-12-06,50ETF,21.8,22.16,22.87,21.64,akshare:index_option_50etf_qvix
2022-12-07,50ETF,21.78,22.0,22.25,21.32,akshare:index_option_50etf_qvix
2022-12-08,50ETF,21.36,21.92,21.92,21.29,akshare:index_option_50etf_qvix
2022-12-09,50ETF,20.96,21.38,21.47,20.89,akshare:index_option_50etf_qvix
2022-12-12,50ETF,21.49,22.14,22.14,21.35,akshare:index_option_50etf_qvix
2022-12-13,50ETF,21.03,20.87,21.03,20.44,akshare:index_option_50etf_qvix
2022-12-14,50ETF,20.68,20.87,21.03,20.44,akshare:index_option_50etf_qvix
2022-12-15,50ETF,19.8,21.01,21.01,19.66,akshare:index_option_50etf_qvix
2022-12-16,50ETF,19.44,19.92,20.0,19.34,akshare:index_option_50etf_qvix
2022-12-19,50ETF,19.95,19.76,20.25,19.43,akshare:index_option_50etf_qvix
2022-12-20,50ETF,20.25,19.91,20.83,19.79,akshare:index_option_50etf_qvix
2022-12-21,50ETF,19.82,20.23,20.29,19.64,akshare:index_option_50etf_qvix
2022-12-22,50ETF,18.95,19.72,19.72,18.87,akshare:index_option_50etf_qvix
2022-12-23,50ETF,19.56,19.3,20.2,18.59,akshare:index_option_50etf_qvix
2022-12-26,50ETF,19.51,19.89,20.33,19.13,akshare:index_option_50etf_qvix
2022-12-27,50ETF,18.85,19.4,19.52,18.77,akshare:index_option_50etf_qvix
2022-12-28,50ETF,18.26,18.82,19.16,18.26,akshare:index_option_50etf_qvix
2022-12-29,50ETF,17.94050355,18.32408224,18.82397576,17.91639868,akshare:index_option_50etf_qvix
2022-12-30,50ETF,17.2,17.76,17.83,17.14,akshare:index_option_50etf_qvix
2023-01-03,50ETF,17.23,17.88,18.42,17.22,akshare:index_option_50etf_qvix
2023-01-04,50ETF,17.17,17.37,17.65,17.04,akshare:index_option_50etf_qvix
2023-01-05,50ETF,17.73,17.26,18.06,17.23,akshare:index_option_50etf_qvix
2023-01-06,50ETF,17.94,17.78,18.04,17.72,akshare:index_option_50etf_qvix
2023-01-09,50ETF,19.43,18.82,19.55,18.69,akshare:index_option_50etf_qvix
2023-01-10,50ETF,19.3,19.54,19.73,19.25,akshare:index_option_50etf_qvix
2023-01-11,50ETF,19.41,19.27,19.65,19.27,akshare:index_option_50etf_qvix
2023-01-12,50ETF,18.98,19.12,19.3,18.66,akshare:index_option_50etf_qvix
2023-01-13,50ETF,17.71,18.95,18.95,17.68,akshare:index_option_50etf_qvix
2023-01-16,50ETF,19.28,18.58,21.21,18.47,akshare:index_option_50etf_qvix
2023-01-17,50ETF,18.7,18.68,18.79,18.39,akshare:index_option_50etf_qvix
2023-01-18,50ETF,19.47,19.11,19.54,18.52,akshare:index_option_50etf_qvix
2023-01-19,50ETF,20.46,19.6,21.08,19.26,akshare:index_option_50etf_qvix
2023-01-20,50ETF,20.63,21.3,21.84,20.11,akshare:index_option_50etf_qvix
2023-01-30,50ETF,19.37,19.75,19.92,18.43,akshare:index_option_50etf_qvix
2023-01-31,50ETF,19.28,21.0,21.1,19.22,akshare:index_option_50etf_qvix
2023-02-01,50ETF,19.73,19.47,19.74,18.91,akshare:index_option_50etf_qvix
2023-02-02,50ETF,19.93,20.02,20.13,19.5,akshare:index_option_50etf_qvix
2023-02-03,50ETF,20.04,19.86,20.65,19.48,akshare:index_option_50etf_qvix
2023-02-06,50ETF,20.96,20.65,21.02,20.19,akshare:index_option_50etf_qvix
2023-02-07,50ETF,20.61,21.06,21.06,20.43,akshare:index_option_50etf_qvix
2023-02-08,50ETF,20.08,20.75,20.75,20.03,akshare:index_option_50etf_qvix
2023-02-09,50ETF,19.58,20.56,20.56,19.33,akshare:index_option_50etf_qvix
2023-02-10,50ETF,18.89,19.84,19.84,18.76,akshare:index_option_50etf_qvix
2023-02-13,50ETF,19.02,19.6,19.6,18.81,akshare:index_option_50etf_qvix
2023-02-14,50ETF,18.92,19.3,19.37,18.91,akshare:index_option_50etf_qvix
2023-02-15,50ETF,18.38,18.7,18.72,18.29,akshare:index_option_50etf_qvix
2023-02-16,50ETF,18.46,18.44,19.1,17.63,akshare:index_option_50etf_qvix
2023-02-17,50ETF,18.68,18.57,18.74,18.24,akshare:index_option_50etf_qvix
2023-02-20,50ETF,19.35,19.19,19.73,18.46,akshare:index_option_50etf_qvix
2023-02-21,50ETF,19.52,19.54,20.07,19.1,akshare:index_option_50etf_qvix
2023-02-22,50ETF,18.92,19.79,19.99,18.81,akshare:index_option_50etf_qvix
2023-02-23,50ETF,18.75,18.99,19.41,18.68,akshare:index_option_50etf_qvix
2023-02-24,50ETF,19.2,18.73,19.52,18.49,akshare:index_option_50etf_qvix
2023-02-27,50ETF,19.36,19.6,19.68,19.31,akshare:index_option_50etf_qvix
2023-02-28,50ETF,18.53,19.46,19.46,18.53,akshare:index_option_50etf_qvix
2023-03-01,50ETF,18.27,18.9,19.0,18.27,akshare:index_option_50etf_qvix
2023-03-02,50ETF,18.18,18.37,18.39,18.07,akshare:index_option_50etf_qvix
2023-03-03,50ETF,17.98,18.41,18.41,17.98,akshare:index_option_50etf_qvix
2023-03-06,50ETF,17.97,18.5,18.7,17.97,akshare:index_option_50etf_qvix
2023-03-07,50ETF,18.23,18.22,18.23,17.85,akshare:index_option_50etf_qvix
2023-03-08,50ETF,18.3,18.8,18.83,18.17,akshare:index_option_50etf_qvix
2023-03-09,50ETF,18.12,18.42,18.47,17.96,akshare:index_option_50etf_qvix
2023-03-10,50ETF,18.57,18.65,19.28,18.22,akshare:index_option_50etf_qvix
2023-03-13,50ETF,18.03,18.92,18.92,17.71,akshare:index_option_50etf_qvix
2023-03-14,50ETF,18.35,18.28,18.69,17.95,akshare:index_option_50etf_qvix
2023-03-15,50ETF,17.38,18.0,18.06,17.3,akshare:index_option_50etf_qvix
2023-03-16,50ETF,17.91,17.85,18.0,17.28,akshare:index_option_50etf_qvix
2023-03-17,50ETF,17.09,17.72,17.72,16.29,akshare:index_option_50etf_qvix
2023-03-20,50ETF,18.0,17.81,18.0,17.29,akshare:index_option_50etf_qvix
2023-03-21,50ETF,17.35,17.8,17.96,17.26,akshare:index_option_50etf_qvix
2023-03-22,50ETF,18.0,17.81,18.0,17.29,akshare:index_option_50etf_qvix
2023-03-23,50ETF,17.38,18.0,18.06,17.3,akshare:index_option_50etf_qvix
2023-03-24,50ETF,16.43,16.81,17.07,16.39,akshare:index_option_50etf_qvix
2023-03-27,50ETF,17.07,17.06,17.57,16.91,akshare:index_option_50etf_qvix
2023-03-28,50ETF,16.73,17.02,17.19,16.66,akshare:index_option_50etf_qvix
2023-03-29,50ETF,16.72,16.61,16.93,16.61,akshare:index_option_50etf_qvix
2023-03-30,50ETF,16.4,16.66,17.02,16.3,akshare:index_option_50etf_qvix
2023-03-31,50ETF,16.34,16.4,16.64,16.29,akshare:index_option_50etf_qvix
2023-04-03,50ETF,17.16,16.8,17.25,16.8,akshare:index_option_50etf_qvix
2023-04-04,50ETF,16.87,17.17,17.48,16.87,akshare:index_option_50etf_qvix
2023-04-06,50ETF,17.36,17.28,17.44,17.21,akshare:index_option_50etf_qvix
2023-04-07,50ETF,16.58,17.4,17.49,16.57,akshare:index_option_50etf_qvix
2023-04-10,50ETF,16.56,17.1,17.13,16.47,akshare:index_option_50etf_qvix
2023-04-11,50ETF,16.12,16.72,16.72,16.09,akshare:index_option_50etf_qvix
2023-04-12,50ETF,15.72,16.26,16.27,15.66,akshare:index_option_50etf_qvix
2023-04-13,50ETF,15.22,15.85,15.85,15.19,akshare:index_option_50etf_qvix
2023-04-14,50ETF,15.03,15.38,15.38,15.01,akshare:index_option_50etf_qvix
2023-04-17,50ETF,16.06,15.56,16.11,15.19,akshare:index_option_50etf_qvix
2023-04-18,50ETF,15.53,16.1,16.42,15.52,akshare:index_option_50etf_qvix
2023-04-19,50ETF,15.19,15.58,15.76,15.09,akshare:index_option_50etf_qvix
2023-04-20,50ETF,15.0,15.27,15.32,14.87,akshare:index_option_50etf_qvix
2023-04-21,50ETF,15.91,15.24,16.15,14.76,akshare:index_option_50etf_qvix
2023-04-24,50ETF,17.12,16.37,18.01,16.26,akshare:index_option_50etf_qvix
2023-04-25,50ETF,17.27,17.3,19.62,16.9,akshare:index_option_50etf_qvix
2023-04-26,50ETF,16.51,17.34,18.36,16.34,akshare:index_option_50etf_qvix
2023-04-27,50ETF,15.28,17.0,17.27,15.28,akshare:index_option_50etf_qvix
2023-04-28,50ETF,15.01,15.39,15.44,14.96,akshare:index_option_50etf_qvix
2023-05-04,50ETF,15.58,16.15,16.16,15.52,akshare:index_option_50etf_qvix
2023-05-05,50ETF,15.34,15.71,15.77,15.24,akshare:index_option_50etf_qvix
2023-05-08,50ETF,16.16,15.87,16.16,15.54,akshare:index_option_50etf_qvix
2023-05-09,50ETF,16.32,16.37,17.24,16.17,akshare:index_option_50etf_qvix
2023-05-10,50ETF,16.36,16.44,16.52,15.97,akshare:index_option_50etf_qvix
2023-05-11,50ETF,15.91,16.45,16.45,15.91,akshare:index_option_50etf_qvix
2023-05-12,50ETF,16.24,16.09,16.61,15.9,akshare:index_option_50etf_qvix
2023-05-15,50ETF,16.14,16.81,16.92,15.95,akshare:index_option_50etf_qvix
2023-05-16,50ETF,16.34,16.32,16.61,16.12,akshare:index_option_50etf_qvix
2023-05-17,50ETF,16.9,16.51,17.13,16.28,akshare:index_option_50etf_qvix
2023-05-18,50ETF,16.14,17.0,17.05,15.97,akshare:index_option_50etf_qvix
2023-05-19,50ETF,15.86,16.88,17.23,15.64,akshare:index_option_50etf_qvix
2023-05-22,50ETF,15.53,16.56,16.56,15.08,akshare:index_option_50etf_qvix
2023-05-23,50ETF,15.84,15.67,16.0,15.13,akshare:index_option_50etf_qvix
2023-05-24,50ETF,16.62,16.37,17.32,15.83,akshare:index_option_50etf_qvix
2023-05-25,50ETF,16.82499111,16.86564786,17.8040073,16.63147458,akshare:index_option_50etf_qvix
2023-05-26,50ETF,16.18,17.27,18.07,15.95,akshare:index_option_50etf_qvix
2023-05-29,50ETF,16.6,16.49,17.4,16.46,akshare:index_option_50etf_qvix
2023-05-30,50ETF,16.41,16.69,17.32,16.37,akshare:index_option_50etf_qvix
2023-05-31,50ETF,17.87,17.75,18.3,16.2,akshare:index_option_50etf_qvix
2023-06-01,50ETF,16.58,17.36,17.45,16.46,akshare:index_option_50etf_qvix
2023-06-02,50ETF,17.0,17.0,17.5,16.56,akshare:index_option_50etf_qvix
2023-06-05,50ETF,16.63,17.03,17.22,16.56,akshare:index_option_50etf_qvix
2023-06-06,50ETF,16.96,16.67,17.09,16.2,akshare:index_option_50etf_qvix
2023-06-07,50ETF,17.25,16.98,17.65,16.65,akshare:index_option_50etf_qvix
2023-06-08,50ETF,17.16,17.26,17.84,17.16,akshare:index_option_50etf_qvix
2023-06-09,50ETF,16.48,17.29,17.35,16.48,akshare:index_option_50etf_qvix
2023-06-12,50ETF,16.47,17.1,17.23,16.24,akshare:index_option_50etf_qvix
2023-06-13,50ETF,16.07,16.73,16.82,16.06,akshare:index_option_50etf_qvix
2023-06-14,50ETF,16.32,16.37,17.24,16.17,akshare:index_option_50etf_qvix
2023-06-15,50ETF,15.66,16.0,16.29,15.62,akshare:index_option_50etf_qvix
2023-06-16,50ETF,15.36,15.77,16.02,15.19,akshare:index_option_50etf_qvix
2023-06-19,50ETF,16.03,15.91,16.16,15.52,akshare:index_option_50etf_qvix
2023-06-20,50ETF,15.45,16.06,16.26,15.45,akshare:index_option_50etf_qvix
2023-06-21,50ETF,15.97,15.66,16.0,15.35,akshare:index_option_50etf_qvix
2023-06-26,50ETF,17.05,17.09,17.76,16.68,akshare:index_option_50etf_qvix
2023-06-27,50ETF,16.43,17.23,17.62,16.13,akshare:index_option_50etf_qvix
2023-06-28,50ETF,15.69,16.6,16.6,15.68,akshare:index_option_50etf_qvix
2023-06-29,50ETF,15.83855761,16.19199259,16.28171776,15.31124641,akshare:index_option_50etf_qvix
2023-06-30,50ETF,15.46,15.83,15.98,15.21,akshare:index_option_50etf_qvix
2023-07-03,50ETF,15.09,16.06,16.06,15.05,akshare:index_option_50etf_qvix
2023-07-04,50ETF,14.73,15.3,15.43,14.73,akshare:index_option_50etf_qvix
2023-07-05,50ETF,15.01,14.85,15.17,14.85,akshare:index_option_50etf_qvix
2023-07-06,50ETF,15.25,15.14,15.42,14.91,akshare:index_option_50etf_qvix
2023-07-07,50ETF,15.4,15.41,15.82,15.24,akshare:index_option_50etf_qvix
2023-07-10,50ETF,15.36,15.83,15.83,15.03,akshare:index_option_50etf_qvix
2023-07-11,50ETF,14.97,15.23,15.27,14.89,akshare:index_option_50etf_qvix
2023-07-12,50ETF,15.22,15.2,15.26,14.93,akshare:index_option_50etf_qvix
2023-07-13,50ETF,14.87,14.93,14.93,14.85,akshare:index_option_50etf_qvix
2023-07-14,50ETF,14.8,15.03,15.09,14.77,akshare:index_option_50etf_qvix
2023-07-17,50ETF,15.04,15.38,15.54,14.99,akshare:index_option_50etf_qvix
2023-07-18,50ETF,14.97,15.29,15.37,14.79,akshare:index_option_50etf_qvix
2023-07-19,50ETF,15.06,15.29,15.29,14.84,akshare:index_option_50etf_qvix
2023-07-20,50ETF,15.66,15.18,15.88,14.73,akshare:index_option_50etf_qvix
2023-07-21,50ETF,15.14,15.95,15.95,14.84,akshare:index_option_50etf_qvix
2023-07-24,50ETF,14.84,15.95,15.95,14.84,akshare:index_option_50etf_qvix
2023-07-25,50ETF,15.31,15.4,16.08,15.31,akshare:index_option_50etf_qvix
2023-07-26,50ETF,15.68,15.97,16.11,15.21,akshare:index_option_50etf_qvix
2023-07-27,50ETF,15.06360091,16.21740678,16.21740678,15.06360091,akshare:index_option_50etf_qvix
2023-07-28,50ETF,15.20077873,15.28456355,17.48142581,15.20077873,akshare:index_option_50etf_qvix
2023-07-31,50ETF,18.36,18.9,19.55,17.88,akshare:index_option_50etf_qvix
2023-08-01,50ETF,18.36,18.36,18.95,18.36,akshare:index_option_50etf_qvix
2023-08-02,50ETF,17.77,17.97,18.45,17.43,akshare:index_option_50etf_qvix
2023-08-03,50ETF,18.33,18.0,18.36,17.9,akshare:index_option_50etf_qvix
2023-08-04,50ETF,17.77,17.97,18.45,17.43,akshare:index_option_50etf_qvix
2023-08-07,50ETF,18.36,18.36,18.95,18.36,akshare:index_option_50etf_qvix
2023-08-08,50ETF,18.78,19.07,19.21,18.78,akshare:index_option_50etf_qvix
2023-08-09,50ETF,19.01,19.09,19.32,18.9,akshare:index_option_50etf_qvix
2023-08-10,50ETF,19.05,19.21,19.28,18.77,akshare:index_option_50etf_qvix
2023-08-11,50ETF,19.03,19.14,19.47,18.72,akshare:index_option_50etf_qvix
2023-08-14,50ETF,18.73,19.8,20.6,18.65,akshare:index_option_50etf_qvix
2023-08-15,50ETF,18.25,18.93,18.93,18.05,akshare:index_option_50etf_qvix
2023-08-16,50ETF,18.92,18.49,18.94,18.27,akshare:index_option_50etf_qvix
2023-08-17,50ETF,19.11,19.18,20.33,18.82,akshare:index_option_50etf_qvix
2023-08-18,50ETF,19.72,19.29,19.86,18.76,akshare:index_option_50etf_qvix
2023-08-21,50ETF,21.02,20.52,21.04,19.83,akshare:index_option_50etf_qvix
2023-08-22,50ETF,20.32,20.99,21.1,19.78,akshare:index_option_50etf_qvix
2023-08-23,50ETF,20.53939803,20.20621793,20.55495661,19.77807048,akshare:index_option_50etf_qvix
2023-08-24,50ETF,19.76795694,20.70206826,20.70206826,19.38331335,akshare:index_option_50etf_qvix
2023-08-25,50ETF,19.800155,19.90339344,20.24649734,19.800155,akshare:index_option_50etf_qvix
2023-08-28,50ETF,20.32,20.99,21.1,19.78,akshare:index_option_50etf_qvix
2023-08-29,50ETF,20.61108648,20.85348726,21.19355631,20.61108648,akshare:index_option_50etf_qvix
2023-08-30,50ETF,20.2,20.0,20.7,20.0,akshare:index_option_50etf_qvix
2023-08-31,50ETF,18.71743542,19.75385927,19.77809061,18.71743542,akshare:index_option_50etf_qvix
2023-09-01,50ETF,18.06,18.71,18.71,18.06,akshare:index_option_50etf_qvix
2023-09-04,50ETF,17.58,18.52,18.52,17.56,akshare:index_option_50etf_qvix
2023-09-05,50ETF,17.22,17.58,17.59,17.22,akshare:index_option_50etf_qvix
2023-09-06,50ETF,17.17,17.28,17.51,17.08,akshare:index_option_50etf_qvix
2023-09-07,50ETF,17.61,17.17,17.87,17.17,akshare:index_option_50etf_qvix
2023-09-08,50ETF,17.99,18.36,18.36,17.67,akshare:index_option_50etf_qvix
2023-09-11,50ETF,18.06,18.71,18.71,18.06,akshare:index_option_50etf_qvix
2023-09-12,50ETF,17.17,17.63,17.65,17.11,akshare:index_option_50etf_qvix
2023-09-13,50ETF,17.08,16.95,17.51,16.64,akshare:index_option_50etf_qvix
2023-09-14,50ETF,17.61,17.17,17.87,17.17,akshare:index_option_50etf_qvix
2023-09-15,50ETF,16.85,16.86,17.43,16.85,akshare:index_option_50etf_qvix
2023-09-18,50ETF,17.15,18.0,18.0,17.08,akshare:index_option_50etf_qvix
2023-09-19,50ETF,16.91,17.44,17.44,16.8,akshare:index_option_50etf_qvix
2023-09-20,50ETF,16.56,17.01,17.04,16.44,akshare:index_option_50etf_qvix
2023-09-21,50ETF,16.89,16.61,16.89,16.52,akshare:index_option_50etf_qvix
2023-09-22,50ETF,16.37,16.92,16.92,16.37,akshare:index_option_50etf_qvix
2023-09-25,50ETF,17.17,17.2,17.6,17.0,akshare:index_option_50etf_qvix
2023-09-26,50ETF,16.96,17.2,17.25,16.67,akshare:index_option_50etf_qvix
2023-09-27,50ETF,17.06,17.01,17.56,16.86,akshare:index_option_50etf_qvix
2023-09-28,50ETF,16.99307936,17.40357341,17.68710728,16.89852525,akshare:index_option_50etf_qvix
2023-10-09,50ETF,16.22,18.19,18.19,16.22,akshare:index_option_50etf_qvix
2023-10-10,50ETF,16.08,16.23,16.23,15.89,akshare:index_option_50etf_qvix
2023-10-11,50ETF,15.63,15.83,15.87,15.56,akshare:index_option_50etf_qvix
2023-10-12,50ETF,15.31,15.91,15.94,15.25,akshare:index_option_50etf_qvix
2023-10-13,50ETF,15.61,15.29,15.78,15.18,akshare:index_option_50etf_qvix
2023-10-16,50ETF,16.41,16.27,16.72,16.06,akshare:index_option_50etf_qvix
2023-10-17,50ETF,15.8,16.47,16.58,15.8,akshare:index_option_50etf_qvix
2023-10-18,50ETF,15.7,15.81,16.11,15.45,akshare:index_option_50etf_qvix
2023-10-19,50ETF,17.95,16.06,18.28,16.06,akshare:index_option_50etf_qvix
2023-10-20,50ETF,18.94,18.18,19.16,17.74,akshare:index_option_50etf_qvix
2023-10-23,50ETF,19.66,19.62,20.85,18.78,akshare:index_option_50etf_qvix
2023-10-24,50ETF,18.29,19.83,20.35,18.07,akshare:index_option_50etf_qvix
2023-10-25,50ETF,16.74,17.83,17.83,16.44,akshare:index_option_50etf_qvix
2023-10-26,50ETF,16.13435859,17.05599969,17.06976028,16.10424493,akshare:index_option_50etf_qvix
2023-10-27,50ETF,15.75687621,16.42204613,16.43398668,15.67346192,akshare:index_option_50etf_qvix
2023-10-30,50ETF,16.55,16.73,16.89,16.38,akshare:index_option_50etf_qvix
2023-10-31,50ETF,16.44,16.63,16.76,16.3,akshare:index_option_50etf_qvix
2023-11-01,50ETF,16.24,16.49,16.76,16.13,akshare:index_option_50etf_qvix
2023-11-02,50ETF,15.95,16.33,16.33,15.85,akshare:index_option_50etf_qvix
2023-11-03,50ETF,15.5,16.08,16.11,15.5,akshare:index_option_50etf_qvix
2023-11-06,50ETF,16.34,16.1,16.44,15.82,akshare:index_option_50etf_qvix
2023-11-07,50ETF,16.08,16.33,16.41,16.05,akshare:index_option_50etf_qvix
2023-11-08,50ETF,16.07,16.15,16.2,15.91,akshare:index_option_50etf_qvix
2023-11-09,50ETF,16.13,16.13,16.26,15.92,akshare:index_option_50etf_qvix
2023-11-10,50ETF,16.33,16.16,16.63,16.16,akshare:index_option_50etf_qvix
2023-11-13,50ETF,16.7,16.79,17.04,16.45,akshare:index_option_50etf_qvix
2023-11-14,50ETF,16.45,16.68,16.76,16.32,akshare:index_option_50etf_qvix
2023-11-15,50ETF,16.13,16.51,16.51,16.04,akshare:index_option_50etf_qvix
2023-11-16,50ETF,15.94,16.02,16.25,15.8,akshare:index_option_50etf_qvix
2023-11-17,50ETF,15.28,16.03,16.09,15.1,akshare:index_option_50etf_qvix
2023-11-20,50ETF,14.23,14.62,14.69,14.23,akshare:index_option_50etf_qvix
2023-11-21,50ETF,14.65,14.85,15.48,14.35,akshare:index_option_50etf_qvix
2023-11-22,50ETF,14.97,14.78,15.16,14.6,akshare:index_option_50etf_qvix
2023-11-23,50ETF,14.53,15.94,15.94,14.51,akshare:index_option_50etf_qvix
2023-11-24,50ETF,14.88,14.75,15.12,14.72,akshare:index_option_50etf_qvix
2023-11-27,50ETF,15.73,15.3,16.68,15.3,akshare:index_option_50etf_qvix
2023-11-28,50ETF,15.48,15.96,16.17,15.31,akshare:index_option_50etf_qvix
2023-11-29,50ETF,15.8,15.63,16.21,15.51,akshare:index_option_50etf_qvix
2023-11-30,50ETF,15.45,15.75,15.95,15.41,akshare:index_option_50etf_qvix
2023-12-01,50ETF,15.76,15.5,16.84,15.5,akshare:index_option_50etf_qvix
2023-12-04,50ETF,16.58,16.36,16.68,16.1,akshare:index_option_50etf_qvix
2023-12-05,50ETF,18.32,16.9,18.43,16.87,akshare:index_option_50etf_qvix
2023-12-06,50ETF,17.37,18.51,18.79,16.77,akshare:index_option_50etf_qvix
2023-12-07,50ETF,17.32,17.86,18.38,17.0,akshare:index_option_50etf_qvix
2023-12-08,50ETF,16.81,16.98,17.45,16.68,akshare:index_option_50etf_qvix
2023-12-11,50ETF,17.5,17.85,18.15,17.27,akshare:index_option_50etf_qvix
2023-12-12,50ETF,16.97,17.63,17.7,16.91,akshare:index_option_50etf_qvix
2023-12-13,50ETF,17.61,17.04,17.93,16.9,akshare:index_option_50etf_qvix
2023-12-14,50ETF,17.61,17.04,18.0,16.9,akshare:index_option_50etf_qvix
2023-12-15,50ETF,18.5,18.0,19.0,18.0,akshare:index_option_50etf_qvix
2023-12-18,50ETF,18.14,18.85,18.85,17.88,akshare:index_option_50etf_qvix
2023-12-19,50ETF,18.5,18.0,19.0,18.0,akshare:index_option_50etf_qvix
2023-12-20,50ETF,18.96,18.5,19.05,18.09,akshare:index_option_50etf_qvix
2023-12-21,50ETF,18.04,19.21,19.6,17.76,akshare:index_option_50etf_qvix
2023-12-22,50ETF,17.36,18.21,18.4,17.17,akshare:index_option_50etf_qvix
2023-12-25,50ETF,16.77,17.66,17.66,16.7,akshare:index_option_50etf_qvix
2023-12-26,50ETF,16.78,16.89,17.12,16.78,akshare:index_option_50etf_qvix
2023-12-27,50ETF,16.89,17.38,18.0,16.76,akshare:index_option_50etf_qvix
2023-12-28,50ETF,17.6,17.0,18.4,17.0,akshare:index_option_50etf_qvix
2023-12-29,50ETF,15.9229071,16.94160635,17.06106849,15.9229071,akshare:index_option_50etf_qvix
2024-01-02,50ETF,16.32,16.9,16.93,16.32,akshare:index_option_50etf_qvix
2024-01-03,50ETF,16.32,16.53,16.6,16.23,akshare:index_option_50etf_qvix
2024-01-04,50ETF,16.6,16.43,17.18,16.41,akshare:index_option_50etf_qvix
2024-01-05,50ETF,17.12,16.9,17.73,16.38,akshare:index_option_50etf_qvix
2024-01-08,50ETF,16.89,17.38,18.0,16.76,akshare:index_option_50etf_qvix
2024-01-09,50ETF,18.46,20.02,20.02,18.44,akshare:index_option_50etf_qvix
2024-01-10,50ETF,19.0,21.0,21.0,19.0,akshare:index_option_50etf_qvix
2024-01-11,50ETF,18.27,18.71,18.97,17.98,akshare:index_option_50etf_qvix
2024-01-12,50ETF,18.25,18.62,18.62,17.95,akshare:index_option_50etf_qvix
2024-01-15,50ETF,17.26,19.04,19.11,17.2,akshare:index_option_50etf_qvix
2024-01-16,50ETF,16.59,17.2,17.28,16.39,akshare:index_option_50etf_qvix
2024-01-17,50ETF,19.18,16.68,19.18,16.59,akshare:index_option_50etf_qvix
2024-01-18,50ETF,18.94,19.56,22.95,18.64,akshare:index_option_50etf_qvix
2024-01-19,50ETF,17.8,19.15,19.36,17.49,akshare:index_option_50etf_qvix
2024-01-22,50ETF,21.61,18.14,22.43,17.57,akshare:index_option_50etf_qvix
2024-01-23,50ETF,19.67,21.99,22.54,19.02,akshare:index_option_50etf_qvix
2024-01-24,50ETF,18.26,19.36,20.59,18.02,akshare:index_option_50etf_qvix
2024-01-25,50ETF,17.43875318,18.65284495,18.65284495,17.43856811,akshare:index_option_50etf_qvix
2024-01-26,50ETF,16.97,17.92,17.92,16.81,akshare:index_option_50etf_qvix
2024-01-29,50ETF,18.13,17.86,18.38,17.59,akshare:index_option_50etf_qvix
2024-01-30,50ETF,19.5,18.45,19.59,18.28,akshare:index_option_50etf_qvix
2024-01-31,50ETF,21.71,19.73,23.56,19.72,akshare:index_option_50etf_qvix
2024-02-01,50ETF,21.91,22.17,23.37,21.0,akshare:index_option_50etf_qvix
2024-02-02,50ETF,23.72,21.72,28.51,21.45,akshare:index_option_50etf_qvix
2024-02-05,50ETF,24.99,24.89,29.58,24.59,akshare:index_option_50etf_qvix
2024-02-06,50ETF,23.5,23.5,23.67,21.05,akshare:index_option_50etf_qvix
2024-02-07,50ETF,20.97,21.98,22.09,20.97,akshare:index_option_50etf_qvix
2024-02-08,50ETF,20.77,21.34,22.1,20.7,akshare:index_option_50etf_qvix
2024-02-19,50ETF,20.93,22.73,22.9,20.28,akshare:index_option_50etf_qvix
2024-02-20,50ETF,19.08,20.89,20.91,18.97,akshare:index_option_50etf_qvix
2024-02-21,50ETF,19.45,19.15,21.32,18.55,akshare:index_option_50etf_qvix
2024-02-22,50ETF,20.55,19.72,20.87,19.66,akshare:index_option_50etf_qvix
2024-02-23,50ETF,21.11,21.08,22.1,20.91,akshare:index_option_50etf_qvix
2024-02-26,50ETF,20.45,21.27,21.7,20.0,akshare:index_option_50etf_qvix
2024-02-27,50ETF,20.2,20.56,20.56,19.41,akshare:index_option_50etf_qvix
2024-02-28,50ETF,20.67,20.27,21.1,19.92,akshare:index_option_50etf_qvix
2024-02-29,50ETF,19.44217792,21.23754393,21.23754393,19.39729949,akshare:index_option_50etf_qvix
2024-03-01,50ETF,18.97,19.78,19.88,18.96,akshare:index_option_50etf_qvix
2024-03-04,50ETF,19.16,19.71,19.73,19.14,akshare:index_option_50etf_qvix
2024-03-05,50ETF,18.17,19.42,19.45,18.11,akshare:index_option_50etf_qvix
2024-03-06,50ETF,17.22,18.38,18.38,16.99,akshare:index_option_50etf_qvix
2024-03-07,50ETF,16.7,17.33,17.39,16.39,akshare:index_option_50etf_qvix
2024-03-08,50ETF,16.26,16.86,16.86,16.14,akshare:index_option_50etf_qvix
2024-03-11,50ETF,16.42,16.66,16.66,15.92,akshare:index_option_50etf_qvix
2024-03-12,50ETF,16.4,16.55,16.8,16.35,akshare:index_option_50etf_qvix
2024-03-13,50ETF,16.34,16.58,16.84,16.3,akshare:index_option_50etf_qvix
2024-03-14,50ETF,16.07,16.45,16.45,15.99,akshare:index_option_50etf_qvix
2024-03-15,50ETF,15.88,16.31,16.51,15.78,akshare:index_option_50etf_qvix
2024-03-18,50ETF,15.94,16.49,16.58,15.83,akshare:index_option_50etf_qvix
2024-03-19,50ETF,15.72,15.95,16.12,15.71,akshare:index_option_50etf_qvix
2024-03-20,50ETF,15.85,15.93,16.04,15.41,akshare:index_option_50etf_qvix
2024-03-21,50ETF,15.74,15.96,16.19,15.62,akshare:index_option_50etf_qvix
2024-03-22,50ETF,16.52,15.88,17.58,15.88,akshare:index_option_50etf_qvix
2024-03-25,50ETF,16.3,16.91,17.06,15.84,akshare:index_option_50etf_qvix
2024-03-26,50ETF,15.84,16.33,16.42,15.65,akshare:index_option_50etf_qvix
2024-03-27,50ETF,16.32,16.08,16.32,15.54,akshare:index_option_50etf_qvix
2024-03-28,50ETF,15.4851118,16.57263882,16.98266727,15.4851118,akshare:index_option_50etf_qvix
2024-03-29,50ETF,15.03,15.74,15.74,14.98,akshare:index_option_50etf_qvix
2024-04-01,50ETF,15.03,15.45,15.45,15.02,akshare:index_option_50etf_qvix
2024-04-02,50ETF,14.74,15.17,15.21,14.74,akshare:index_option_50etf_qvix
2024-04-03,50ETF,14.64,14.85,15.15,14.64,akshare:index_option_50etf_qvix
2024-04-08,50ETF,15.02,15.57,15.57,14.87,akshare:index_option_50etf_qvix
2024-04-09,50ETF,14.92,15.16,15.35,14.92,akshare:index_option_50etf_qvix
2024-04-10,50ETF,14.81,15.03,15.5,14.69,akshare:index_option_50etf_qvix
2024-04-11,50ETF,14.64,15.28,15.28,14.5,akshare:index_option_50etf_qvix
2024-04-12,50ETF,14.94,14.5,15.19,14.49,akshare:index_option_50etf_qvix
2024-04-15,50ETF,15.5,15.18,15.66,14.74,akshare:index_option_50etf_qvix
2024-04-16,50ETF,16.14,15.71,16.51,15.63,akshare:index_option_50etf_qvix
2024-04-17,50ETF,15.41,16.26,16.43,15.26,akshare:index_option_50etf_qvix
2024-04-18,50ETF,16.8,16.33,16.8,16.2,akshare:index_option_50etf_qvix
2024-04-19,50ETF,17.4,17.0,17.7,17.0,akshare:index_option_50etf_qvix
2024-04-22,50ETF,15.56,15.88,15.9,15.41,akshare:index_option_50etf_qvix
2024-04-23,50ETF,15.19,16.0,16.0,15.12,akshare:index_option_50etf_qvix
2024-04-24,50ETF,14.92,15.16,15.35,14.92,akshare:index_option_50etf_qvix
2024-04-25,50ETF,14.88,15.38,15.53,14.84,akshare:index_option_50etf_qvix
2024-04-26,50ETF,14.95670132,14.23641962,15.39249432,13.85241653,akshare:index_option_50etf_qvix
2024-04-29,50ETF,16.24,15.78,17.59,15.78,akshare:index_option_50etf_qvix
2024-04-30,50ETF,15.02,16.69,16.71,14.99,akshare:index_option_50etf_qvix
2024-05-06,50ETF,16.01,16.35,16.46,16.01,akshare:index_option_50etf_qvix
2024-05-07,50ETF,15.2,15.66,15.7,15.2,akshare:index_option_50etf_qvix
2024-05-08,50ETF,14.96,15.0,15.1,14.78,akshare:index_option_50etf_qvix
2024-05-09,50ETF,15.02,15.14,15.3,14.93,akshare:index_option_50etf_qvix
2024-05-10,50ETF,14.89,15.12,15.32,14.81,akshare:index_option_50etf_qvix
2024-05-13,50ETF,14.64,14.85,15.15,14.64,akshare:index_option_50etf_qvix
2024-05-14,50ETF,14.79,15.14,15.2,14.79,akshare:index_option_50etf_qvix
2024-05-15,50ETF,14.85,14.81,14.9,14.65,akshare:index_option_50etf_qvix
2024-05-16,50ETF,14.35,14.53,15.5,14.33,akshare:index_option_50etf_qvix
2024-05-17,50ETF,14.08,14.36,15.07,14.08,akshare:index_option_50etf_qvix
2024-05-20,50ETF,14.74,15.53,16.0,14.74,akshare:index_option_50etf_qvix
2024-05-21,50ETF,13.84,13.89,14.05,13.78,akshare:index_option_50etf_qvix
2024-05-28,50ETF,13.84,13.89,14.05,13.78,akshare:index_option_50etf_qvix
2024-06-03,50ETF,13.92,14.45,14.49,13.92,akshare:index_option_50etf_qvix
2024-06-04,50ETF,13.71,14.06,14.26,13.69,akshare:index_option_50etf_qvix
2024-06-05,50ETF,13.79,13.89,13.98,13.66,akshare:index_option_50etf_qvix
2024-06-06,50ETF,14.05,13.88,14.58,13.57,akshare:index_option_50etf_qvix
2024-06-07,50ETF,14.11,14.03,15.19,13.94,akshare:index_option_50etf_qvix
2024-06-11,50ETF,14.86,14.93,15.77,14.72,akshare:index_option_50etf_qvix
2024-06-12,50ETF,14.36,15.05,15.07,14.26,akshare:index_option_50etf_qvix
2024-06-13,50ETF,13.93,14.49,14.52,13.89,akshare:index_option_50etf_qvix
2024-06-14,50ETF,13.8,14.16,14.29,13.58,akshare:index_option_50etf_qvix
2024-06-17,50ETF,13.89,14.43,14.45,13.89,akshare:index_option_50etf_qvix
2024-06-18,50ETF,13.87,14.25,14.39,13.87,akshare:index_option_50etf_qvix
2024-06-19,50ETF,14.01,14.14,14.38,13.82,akshare:index_option_50etf_qvix
2024-06-20,50ETF,14.09,14.18,14.26,13.59,akshare:index_option_50etf_qvix
2024-06-21,50ETF,13.56,14.24,14.57,13.51,akshare:index_option_50etf_qvix
2024-06-24,50ETF,13.49,14.33,14.33,13.2,akshare:index_option_50etf_qvix
2024-06-25,50ETF,14.21,13.51,14.62,13.09,akshare:index_option_50etf_qvix
2024-06-26,50ETF,13.54,14.37,14.63,13.32,akshare:index_option_50etf_qvix
2024-06-27,50ETF,13.3836467,13.75870104,14.23932797,13.3836467,akshare:index_option_50etf_qvix
2024-06-28,50ETF,12.74754559,13.53904509,13.71705644,12.65991304,akshare:index_option_50etf_qvix
2024-07-01,50ETF,12.8,13.3,13.59,12.64,akshare:index_option_50etf_qvix
2024-07-02,50ETF,12.4,12.86,12.87,12.32,akshare:index_option_50etf_qvix
2024-07-03,50ETF,12.1,12.44,12.48,12.05,akshare:index_option_50etf_qvix
2024-07-04,50ETF,12.13,12.16,12.36,11.95,akshare:index_option_50etf_qvix
2024-07-05,50ETF,12.93,12.33,14.39,12.28,akshare:index_option_50etf_qvix
2024-07-08,50ETF,13.82,13.46,13.94,13.13,akshare:index_option_50etf_qvix
2024-07-09,50ETF,13.33,14.0,14.28,13.17,akshare:index_option_50etf_qvix
2024-07-10,50ETF,14.2,14.0,14.5,14.0,akshare:index_option_50etf_qvix
2024-07-11,50ETF,13.0,13.44,13.56,12.84,akshare:index_option_50etf_qvix
2024-07-12,50ETF,12.46,13.03,13.03,12.43,akshare:index_option_50etf_qvix
2024-07-15,50ETF,12.39,12.83,12.87,12.31,akshare:index_option_50etf_qvix
2024-07-16,50ETF,12.27,12.53,12.53,12.13,akshare:index_option_50etf_qvix
2024-07-17,50ETF,12.6,12.41,12.6,12.15,akshare:index_option_50etf_qvix
2024-07-18,50ETF,13.09,12.81,13.14,12.64,akshare:index_option_50etf_qvix
2024-07-19,50ETF,13.41,13.12,13.41,12.58,akshare:index_option_50etf_qvix
2024-07-22,50ETF,13.3,13.81,13.81,13.08,akshare:index_option_50etf_qvix
2024-07-23,50ETF,12.95,13.42,13.42,12.73,akshare:index_option_50etf_qvix
2024-07-24,50ETF,13.08,13.12,13.77,12.58,akshare:index_option_50etf_qvix
2024-07-25,50ETF,12.46,13.03,13.03,12.43,akshare:index_option_50etf_qvix
2024-07-26,50ETF,13.82,13.46,13.94,13.13,akshare:index_option_50etf_qvix
2024-07-29,50ETF,14.22,14.74,14.76,14.04,akshare:index_option_50etf_qvix
2024-07-30,50ETF,14.6,14.54,15.25,14.37,akshare:index_option_50etf_qvix
2024-07-31,50ETF,13.69,15.0,15.0,13.19,akshare:index_option_50etf_qvix
2024-08-01,50ETF,13.77,13.94,14.0,13.61,akshare:index_option_50etf_qvix
2024-08-02,50ETF,14.49,14.19,14.87,14.07,akshare:index_option_50etf_qvix
2024-08-05,50ETF,17.5,15.47,17.72,15.15,akshare:index_option_50etf_qvix
2024-08-06,50ETF,16.96,16.96,17.78,16.6,akshare:index_option_50etf_qvix
2024-08-07,50ETF,15.22,17.2,17.22,15.19,akshare:index_option_50etf_qvix
2024-08-08,50ETF,14.28,15.35,15.61,14.15,akshare:index_option_50etf_qvix
2024-08-09,50ETF,13.98,14.44,14.44,13.94,akshare:index_option_50etf_qvix
2024-08-12,50ETF,14.04,14.56,14.56,13.81,akshare:index_option_50etf_qvix
2024-08-13,50ETF,14.07,14.19,14.19,13.75,akshare:index_option_50etf_qvix
2024-08-14,50ETF,14.28,15.35,16.0,14.15,akshare:index_option_50etf_qvix
2024-08-15,50ETF,14.04,14.56,14.56,13.81,akshare:index_option_50etf_qvix
2024-08-16,50ETF,13.55,13.85,13.89,13.25,akshare:index_option_50etf_qvix
2024-08-19,50ETF,13.62,14.06,14.06,13.45,akshare:index_option_50etf_qvix
2024-08-20,50ETF,13.48,13.82,13.92,13.19,akshare:index_option_50etf_qvix
2024-08-21,50ETF,13.57,13.67,13.67,13.08,akshare:index_option_50etf_qvix
2024-08-22,50ETF,13.77,13.58,13.8,13.24,akshare:index_option_50etf_qvix
2024-08-23,50ETF,13.3,14.02,14.02,13.12,akshare:index_option_50etf_qvix
2024-08-26,50ETF,13.2,13.72,13.72,12.98,akshare:index_option_50etf_qvix
2024-08-27,50ETF,12.95,13.39,13.47,12.89,akshare:index_option_50etf_qvix
2024-08-28,50ETF,13.07,13.06,13.32,12.69,akshare:index_option_50etf_qvix
2024-08-29,50ETF,13.0805701,13.53471453,13.53471453,13.02696239,akshare:index_option_50etf_qvix
2024-08-30,50ETF,12.78195592,13.34114506,13.34114506,12.32845662,akshare:index_option_50etf_qvix
2024-09-02,50ETF,14.05558997,13.52084515,14.27783881,13.37160552,akshare:index_option_50etf_qvix
2024-09-03,50ETF,13.55,13.85,13.89,13.25,akshare:index_option_50etf_qvix
2024-09-04,50ETF,14.11,13.71,14.51,13.71,akshare:index_option_50etf_qvix
2024-09-05,50ETF,13.87,14.03,14.03,13.71,akshare:index_option_50etf_qvix
2024-09-06,50ETF,14.49,14.19,14.87,14.07,akshare:index_option_50etf_qvix
2024-09-09,50ETF,13.62,14.06,14.06,13.45,akshare:index_option_50etf_qvix
2024-09-10,50ETF,15.66,15.19,15.95,15.12,akshare:index_option_50etf_qvix
2024-09-11,50ETF,16.2,15.47,16.2,15.15,akshare:index_option_50etf_qvix
2024-09-12,50ETF,15.45,15.41,15.52,15.06,akshare:index_option_50etf_qvix
2024-09-13,50ETF,15.1,15.0,15.3,15.0,akshare:index_option_50etf_qvix
2024-09-18,50ETF,14.72,14.7,14.72,13.89,akshare:index_option_50etf_qvix
2024-09-19,50ETF,14.26,14.79,14.84,14.16,akshare:index_option_50etf_qvix
2024-09-20,50ETF,13.59,14.39,14.67,13.51,akshare:index_option_50etf_qvix
2024-09-23,50ETF,13.05,13.82,13.82,12.94,akshare:index_option_50etf_qvix
2024-09-24,50ETF,16.54,13.18,17.34,13.1,akshare:index_option_50etf_qvix
2024-09-25,50ETF,18.06,18.68,22.44,17.58,akshare:index_option_50etf_qvix
2024-09-26,50ETF,21.79,18.4,21.79,18.4,akshare:index_option_50etf_qvix
2024-09-27,50ETF,28.56,29.12,45.63,24.24,akshare:index_option_50etf_qvix
2024-09-30,50ETF,49.14,45.55,51.24,32.46,akshare:index_option_50etf_qvix
2024-10-08,50ETF,53.5,85.99,85.99,50.4,akshare:index_option_50etf_qvix
2024-10-09,50ETF,43.08,53.88,53.96,38.93,akshare:index_option_50etf_qvix
2024-10-10,50ETF,39.17,42.46,47.39,38.88,akshare:index_option_50etf_qvix
2024-10-11,50ETF,37.57,38.6,38.6,33.8,akshare:index_option_50etf_qvix
2024-10-14,50ETF,32.67,39.04,39.04,31.56,akshare:index_option_50etf_qvix
2024-10-15,50ETF,24.62,29.12,45.63,24.24,akshare:index_option_50etf_qvix
2024-10-16,50ETF,25.0,24.0,28.0,24.0,akshare:index_option_50etf_qvix
2024-10-17,50ETF,23.87,25.33,26.66,23.47,akshare:index_option_50etf_qvix
2024-10-18,50ETF,31.58,24.9,40.99,23.77,akshare:index_option_50etf_qvix
2024-10-21,50ETF,26.0,25.0,26.66,25.0,akshare:index_option_50etf_qvix
2024-10-22,50ETF,29.75,31.25,31.59,28.34,akshare:index_option_50etf_qvix
2024-10-23,50ETF,27.02,29.45,30.75,26.91,akshare:index_option_50etf_qvix
2024-10-24,50ETF,25.02327047,24.0,25.43285785,24.0,akshare:index_option_50etf_qvix
2024-10-25,50ETF,26.13,25.32450962,28.51843208,24.74866209,akshare:index_option_50etf_qvix
2024-10-28,50ETF,30.01,28.6,30.52,28.3,akshare:index_option_50etf_qvix
2024-10-29,50ETF,29.58,30.56,31.03,29.58,akshare:index_option_50etf_qvix
2024-10-30,50ETF,30.22,29.79,30.86,29.79,akshare:index_option_50etf_qvix
2024-10-31,50ETF,31.98,30.49,33.71,30.49,akshare:index_option_50etf_qvix
2024-11-01,50ETF,32.64,32.3,33.95,32.3,akshare:index_option_50etf_qvix
2024-11-04,50ETF,23.87,25.33,26.66,23.47,akshare:index_option_50etf_qvix
2024-11-05,50ETF,31.58,24.9,40.99,23.77,akshare:index_option_50etf_qvix
2024-11-06,50ETF,26.0,25.0,26.66,25.0,akshare:index_option_50etf_qvix
2024-11-07,50ETF,29.75,31.25,31.59,28.34,akshare:index_option_50etf_qvix
2024-11-08,50ETF,27.02,29.45,30.75,26.91,akshare:index_option_50etf_qvix
2024-11-11,50ETF,27.7,27.88,27.88,27.7,akshare:index_option_50etf_qvix
2024-11-12,50ETF,26.28,27.9,27.93,25.36,akshare:index_option_50etf_qvix
2024-11-13,50ETF,25.49,26.0,26.37,25.49,akshare:index_option_50etf_qvix
2024-11-14,50ETF,24.88,25.04,25.04,23.97,akshare:index_option_50etf_qvix
2024-11-15,50ETF,24.96,25.24,25.64,24.48,akshare:index_option_50etf_qvix
2024-11-18,50ETF,26.36,25.8,26.5,25.26,akshare:index_option_50etf_qvix
2024-11-19,50ETF,26.36,26.6,27.06,26.2,akshare:index_option_50etf_qvix
2024-11-20,50ETF,24.81,26.62,26.66,24.81,akshare:index_option_50etf_qvix
2024-11-21,50ETF,23.12,24.5,24.8,22.97,akshare:index_option_50etf_qvix
2024-11-22,50ETF,24.19,23.33,24.19,22.05,akshare:index_option_50etf_qvix
2024-11-25,50ETF,23.96,25.14,25.14,23.15,akshare:index_option_50etf_qvix
2024-11-26,50ETF,23.34,24.2,24.58,23.13,akshare:index_option_50etf_qvix
2024-11-27,50ETF,23.6,23.71,25.25,23.44,akshare:index_option_50etf_qvix
2024-11-28,50ETF,22.17,23.87,23.87,22.15,akshare:index_option_50etf_qvix
2024-11-29,50ETF,22.83,22.27,24.3,21.91,akshare:index_option_50etf_qvix
2024-12-02,50ETF,24.54,24.16,25.39,24.1,akshare:index_option_50etf_qvix
2024-12-03,50ETF,24.81,24.84,25.17,24.29,akshare:index_option_50etf_qvix
2024-12-04,50ETF,24.88,25.07,25.3,24.75,akshare:index_option_50etf_qvix
2024-12-05,50ETF,24.04,25.09,25.14,24.04,akshare:index_option_50etf_qvix
2024-12-06,50ETF,23.93,25.0,25.37,23.93,akshare:index_option_50etf_qvix
2024-12-09,50ETF,23.9,24.94,25.1,23.87,akshare:index_option_50etf_qvix
2024-12-10,50ETF,24.91,26.7,28.12,24.58,akshare:index_option_50etf_qvix
2024-12-11,50ETF,24.48,25.33,25.33,23.86,akshare:index_option_50etf_qvix
2024-12-12,50ETF,25.14,24.51,25.14,24.08,akshare:index_option_50etf_qvix
2024-12-13,50ETF,23.51,24.86,24.86,23.3,akshare:index_option_50etf_qvix
2024-12-16,50ETF,22.01,24.14,24.14,21.81,akshare:index_option_50etf_qvix
2024-12-17,50ETF,21.11,21.4,21.4,20.08,akshare:index_option_50etf_qvix
2024-12-18,50ETF,21.01,21.33,21.33,20.43,akshare:index_option_50etf_qvix
2024-12-19,50ETF,21.11,21.29,21.5,20.91,akshare:index_option_50etf_qvix
2024-12-20,50ETF,19.95,21.22,21.22,19.95,akshare:index_option_50etf_qvix
2024-12-23,50ETF,19.52,20.47,20.47,18.42,akshare:index_option_50etf_qvix
2024-12-24,50ETF,18.94,19.08,19.44,18.3,akshare:index_option_50etf_qvix
2024-12-25,50ETF,19.23,19.03,19.3,18.69,akshare:index_option_50etf_qvix
2024-12-26,50ETF,18.54,19.34,19.34,18.03,akshare:index_option_50etf_qvix
2024-12-27,50ETF,18.2,18.79,18.79,18.03,akshare:index_option_50etf_qvix
2024-12-30,50ETF,18.41,18.93,18.93,18.06,akshare:index_option_50etf_qvix
2024-12-31,50ETF,18.11,18.6,18.92,18.1,akshare:index_option_50etf_qvix
2025-01-02,50ETF,20.69,18.7,21.35,18.49,akshare:index_option_50etf_qvix
2025-01-03,50ETF,20.28,20.63,21.23,19.93,akshare:index_option_50etf_qvix
2025-01-06,50ETF,21.45,20.79,22.3,20.71,akshare:index_option_50etf_qvix
2025-01-07,50ETF,19.19,21.65,21.74,19.16,akshare:index_option_50etf_qvix
2025-01-08,50ETF,18.47,19.35,19.6,18.43,akshare:index_option_50etf_qvix
2025-01-09,50ETF,17.97,18.53,18.63,17.88,akshare:index_option_50etf_qvix
2025-01-10,50ETF,18.05,18.1,18.31,17.78,akshare:index_option_50etf_qvix
2025-01-13,50ETF,18.76,18.71,19.46,18.71,akshare:index_option_50etf_qvix
2025-01-14,50ETF,19.48,18.77,19.79,18.28,akshare:index_option_50etf_qvix
2025-01-15,50ETF,18.77,19.48,19.48,18.6,akshare:index_option_50etf_qvix
2025-01-16,50ETF,18.86,18.82,19.45,18.58,akshare:index_option_50etf_qvix
2025-01-17,50ETF,19.56,18.69,19.99,18.68,akshare:index_option_50etf_qvix
2025-01-20,50ETF,19.25,20.19,20.19,18.98,akshare:index_option_50etf_qvix
2025-01-21,50ETF,18.65,19.46,19.74,18.42,akshare:index_option_50etf_qvix
2025-01-22,50ETF,18.79,18.84,19.5,18.33,akshare:index_option_50etf_qvix
2025-01-23,50ETF,19.5,19.5,20.75,19.28,akshare:index_option_50etf_qvix
2025-01-24,50ETF,19.1,19.7,20.15,18.81,akshare:index_option_50etf_qvix
2025-01-27,50ETF,17.73,18.93,18.93,17.73,akshare:index_option_50etf_qvix
2025-02-05,50ETF,18.64,20.82,20.82,18.61,akshare:index_option_50etf_qvix
2025-02-06,50ETF,18.4,18.93,18.93,17.86,akshare:index_option_50etf_qvix
2025-02-07,50ETF,18.53,18.56,19.6,18.21,akshare:index_option_50etf_qvix
2025-02-10,50ETF,18.99,19.31,19.34,18.6,akshare:index_option_50etf_qvix
2025-02-11,50ETF,16.49,17.35,17.49,16.49,akshare:index_option_50etf_qvix
2025-02-12,50ETF,18.57,18.43,18.57,17.8,akshare:index_option_50etf_qvix
2025-02-13,50ETF,17.86,18.77,18.78,17.8,akshare:index_option_50etf_qvix
2025-02-14,50ETF,17.45,18.17,18.17,17.31,akshare:index_option_50etf_qvix
2025-02-17,50ETF,18.21,18.3,18.69,18.06,akshare:index_option_50etf_qvix
2025-02-18,50ETF,18.12,18.37,18.37,17.78,akshare:index_option_50etf_qvix
2025-02-19,50ETF,17.65,18.3,18.34,17.61,akshare:index_option_50etf_qvix
2025-02-20,50ETF,17.35,17.75,17.84,17.29,akshare:index_option_50etf_qvix
2025-02-21,50ETF,18.28,17.49,19.44,16.92,akshare:index_option_50etf_qvix
2025-02-24,50ETF,17.92,18.46,18.65,17.86,akshare:index_option_50etf_qvix
2025-02-25,50ETF,17.91,17.91,18.41,17.21,akshare:index_option_50etf_qvix
2025-02-26,50ETF,17.95,18.09,18.09,17.35,akshare:index_option_50etf_qvix
2025-02-27,50ETF,17.69,18.17,18.35,17.63,akshare:index_option_50etf_qvix
2025-02-28,50ETF,17.84,17.5,18.08,17.11,akshare:index_option_50etf_qvix
2025-03-03,50ETF,16.78,18.27,18.27,16.77,akshare:index_option_50etf_qvix
2025-03-04,50ETF,18.28,17.49,19.44,16.92,akshare:index_option_50etf_qvix
2025-03-05,50ETF,15.71,16.32,16.32,15.5,akshare:index_option_50etf_qvix
2025-03-06,50ETF,16.45,15.93,16.98,15.64,akshare:index_option_50etf_qvix
2025-03-07,50ETF,15.42,16.36,16.37,15.34,akshare:index_option_50etf_qvix
2025-03-10,50ETF,15.11,15.37,15.41,15.02,akshare:index_option_50etf_qvix
2025-03-11,50ETF,16.45,15.93,16.98,15.64,akshare:index_option_50etf_qvix
2025-03-12,50ETF,15.53,15.67,15.77,15.41,akshare:index_option_50etf_qvix
2025-03-13,50ETF,15.52,15.67,16.0,15.48,akshare:index_option_50etf_qvix
2025-03-14,50ETF,18.08,15.56,19.15,15.33,akshare:index_option_50etf_qvix
2025-03-17,50ETF,17.59,18.66,19.19,17.38,akshare:index_option_50etf_qvix
2025-03-18,50ETF,17.36,17.84,18.26,17.06,akshare:index_option_50etf_qvix
2025-03-19,50ETF,17.69,17.55,17.69,17.01,akshare:index_option_50etf_qvix
2025-03-20,50ETF,16.49,17.35,17.49,16.49,akshare:index_option_50etf_qvix
2025-03-21,50ETF,15.9,16.54,16.99,15.87,akshare:index_option_50etf_qvix
2025-03-24,50ETF,15.33,16.33,16.34,15.13,akshare:index_option_50etf_qvix
2025-03-25,50ETF,15.53,15.67,15.77,15.41,akshare:index_option_50etf_qvix
2025-03-26,50ETF,14.7,15.05,15.05,14.46,akshare:index_option_50etf_qvix
2025-03-27,50ETF,14.3,14.81,14.91,14.17,akshare:index_option_50etf_qvix
2025-03-28,50ETF,14.59,14.52,14.9,14.42,akshare:index_option_50etf_qvix
2025-03-31,50ETF,15.74,15.58,16.57,15.53,akshare:index_option_50etf_qvix
2025-04-01,50ETF,15.52,15.88,16.05,15.44,akshare:index_option_50etf_qvix
2025-04-02,50ETF,15.33,15.57,15.71,15.17,akshare:index_option_50etf_qvix
2025-04-03,50ETF,15.35,15.99,16.14,15.35,akshare:index_option_50etf_qvix
2025-04-07,50ETF,31.37,20.31,37.24,20.31,akshare:index_option_50etf_qvix
2025-04-08,50ETF,24.24,29.88,31.23,22.95,akshare:index_option_50etf_qvix
2025-04-09,50ETF,22.62,24.51,25.59,22.56,akshare:index_option_50etf_qvix
2025-04-10,50ETF,20.05,22.72,22.72,19.56,akshare:index_option_50etf_qvix
2025-04-11,50ETF,19.5,19.5,20.75,19.28,akshare:index_option_50etf_qvix
2025-04-14,50ETF,17.07,19.23,19.23,16.77,akshare:index_option_50etf_qvix
2025-04-15,50ETF,15.85,16.05,16.05,15.75,akshare:index_option_50etf_qvix
2025-04-16,50ETF,16.68,15.79,16.68,15.47,akshare:index_option_50etf_qvix
2025-04-17,50ETF,16.14,16.65,16.65,16.04,akshare:index_option_50etf_qvix
2025-04-18,50ETF,16.0,16.3,16.3,15.62,akshare:index_option_50etf_qvix
2025-04-21,50ETF,15.69,16.27,16.27,15.17,akshare:index_option_50etf_qvix
2025-04-22,50ETF,15.59,15.49,15.6,15.11,akshare:index_option_50etf_qvix
2025-04-23,50ETF,15.34,15.7,16.0,15.19,akshare:index_option_50etf_qvix
2025-04-24,50ETF,15.11,15.42,15.42,14.77,akshare:index_option_50etf_qvix
2025-04-25,50ETF,15.15,15.01,15.46,14.79,akshare:index_option_50etf_qvix
2025-04-28,50ETF,16.14,16.3,16.5,15.94,akshare:index_option_50etf_qvix
2025-04-29,50ETF,16.15,16.18,16.29,16.03,akshare:index_option_50etf_qvix
2025-04-30,50ETF,17.07,16.44,17.22,16.33,akshare:index_option_50etf_qvix
2025-05-06,50ETF,14.91,17.09,17.09,14.91,akshare:index_option_50etf_qvix
2025-05-07,50ETF,14.6,15.83,16.1,14.6,akshare:index_option_50etf_qvix
2025-05-08,50ETF,14.59,14.63,14.87,14.06,akshare:index_option_50etf_qvix
2025-05-09,50ETF,14.66,14.73,14.78,14.57,akshare:index_option_50etf_qvix
2025-05-12,50ETF,15.75,15.39,15.82,15.08,akshare:index_option_50etf_qvix
2025-05-13,50ETF,14.99,15.72,15.74,14.85,akshare:index_option_50etf_qvix
2025-05-14,50ETF,15.0,15.72,16.0,14.85,akshare:index_option_50etf_qvix
2025-05-15,50ETF,16.13,16.92,16.98,15.97,akshare:index_option_50etf_qvix
2025-05-16,50ETF,15.74,15.58,16.57,15.53,akshare:index_option_50etf_qvix
2025-05-19,50ETF,14.47,15.66,15.66,14.29,akshare:index_option_50etf_qvix
2025-05-20,50ETF,14.96,14.49,15.33,14.32,akshare:index_option_50etf_qvix
2025-05-21,50ETF,15.28,14.98,15.59,14.93,akshare:index_option_50etf_qvix
2025-05-22,50ETF,16.01,15.34,16.06,15.09,akshare:index_option_50etf_qvix
2025-05-23,50ETF,16.33,15.92,16.39,15.8,akshare:index_option_50etf_qvix
2025-05-26,50ETF,15.76,16.84,16.88,15.76,akshare:index_option_50etf_qvix
2025-05-27,50ETF,15.68,15.8,15.86,15.37,akshare:index_option_50etf_qvix
2025-05-28,50ETF,15.72,15.77,15.92,15.57,akshare:index_option_50etf_qvix
2025-05-29,50ETF,15.3,15.6,15.61,14.83,akshare:index_option_50etf_qvix
2025-05-30,50ETF,15.21,15.88,16.35,15.21,akshare:index_option_50etf_qvix
2025-06-03,50ETF,14.74,15.52,15.52,14.68,akshare:index_option_50etf_qvix
2025-06-04,50ETF,14.55,14.72,14.72,14.44,akshare:index_option_50etf_qvix
2025-06-05,50ETF,14.61,14.55,14.64,14.44,akshare:index_option_50etf_qvix
2025-06-06,50ETF,14.33,14.74,14.74,14.33,akshare:index_option_50etf_qvix
2025-06-09,50ETF,14.61,14.61,14.73,14.51,akshare:index_option_50etf_qvix
2025-06-10,50ETF,14.52,14.76,14.76,14.32,akshare:index_option_50etf_qvix
2025-06-11,50ETF,14.57,14.61,14.85,14.17,akshare:index_option_50etf_qvix
2025-06-12,50ETF,14.49,14.6,14.66,14.36,akshare:index_option_50etf_qvix
2025-06-13,50ETF,14.8,14.6,14.94,14.52,akshare:index_option_50etf_qvix
2025-06-16,50ETF,14.3,15.41,15.41,14.3,akshare:index_option_50etf_qvix
2025-06-17,50ETF,14.23,14.2,14.28,14.0,akshare:index_option_50etf_qvix
2025-06-18,50ETF,14.49,14.29,14.54,14.11,akshare:index_option_50etf_qvix
2025-06-19,50ETF,14.61,14.47,15.11,14.34,akshare:index_option_50etf_qvix
2025-06-20,50ETF,13.73,14.33,14.33,13.66,akshare:index_option_50etf_qvix
2025-06-23,50ETF,13.57,14.13,14.19,13.2,akshare:index_option_50etf_qvix
2025-06-24,50ETF,14.32,13.49,14.77,13.38,akshare:index_option_50etf_qvix
2025-06-25,50ETF,16.97,14.35,17.61,14.2,akshare:index_option_50etf_qvix
2025-06-26,50ETF,15.51,17.23,17.23,15.5,akshare:index_option_50etf_qvix
2025-06-27,50ETF,14.53,15.55,16.31,14.48,akshare:index_option_50etf_qvix
2025-06-30,50ETF,14.52,14.86,14.86,14.39,akshare:index_option_50etf_qvix
2025-07-01,50ETF,14.24,14.57,14.58,14.2,akshare:index_option_50etf_qvix
2025-07-02,50ETF,14.03,14.29,14.32,14.0,akshare:index_option_50etf_qvix
2025-07-03,50ETF,14.1,14.24,14.45,13.99,akshare:index_option_50etf_qvix
2025-07-04,50ETF,14.5,14.58,14.58,14.24,akshare:index_option_50etf_qvix
2025-07-07,50ETF,14.64,14.67,14.73,14.43,akshare:index_option_50etf_qvix
2025-07-08,50ETF,15.34,14.87,15.54,14.54,akshare:index_option_50etf_qvix
2025-07-09,50ETF,15.34,15.55,15.84,15.25,akshare:index_option_50etf_qvix
2025-07-10,50ETF,15.74,15.38,16.47,15.34,akshare:index_option_50etf_qvix
2025-07-11,50ETF,16.44,15.86,19.35,15.8,akshare:index_option_50etf_qvix
2025-07-14,50ETF,16.25,17.01,17.11,16.22,akshare:index_option_50etf_qvix
2025-07-15,50ETF,15.16,16.33,16.48,15.11,akshare:index_option_50etf_qvix
2025-07-16,50ETF,15.06,15.34,15.55,14.92,akshare:index_option_50etf_qvix
2025-07-17,50ETF,15.3,15.17,15.3,14.72,akshare:index_option_50etf_qvix
2025-07-18,50ETF,15.07,15.49,16.33,14.96,akshare:index_option_50etf_qvix
2025-07-21,50ETF,15.49,15.56,15.78,14.94,akshare:index_option_50etf_qvix
2025-07-22,50ETF,15.71,15.61,15.77,15.21,akshare:index_option_50etf_qvix
2025-07-23,50ETF,17.37,16.15,18.46,16.11,akshare:index_option_50etf_qvix
2025-07-24,50ETF,16.89,17.09,17.09,16.56,akshare:index_option_50etf_qvix
2025-07-25,50ETF,17.13,17.25,17.35,16.8,akshare:index_option_50etf_qvix
2025-07-28,50ETF,17.74,18.1,18.11,17.34,akshare:index_option_50etf_qvix
2025-07-29,50ETF,17.86,17.8,18.04,17.47,akshare:index_option_50etf_qvix
2025-07-30,50ETF,17.33,17.89,18.48,17.2,akshare:index_option_50etf_qvix
2025-07-31,50ETF,17.14,17.2,17.59,17.02,akshare:index_option_50etf_qvix
2025-08-01,50ETF,16.08,17.36,17.39,15.99,akshare:index_option_50etf_qvix
2025-08-04,50ETF,16.03,17.06,17.06,15.93,akshare:index_option_50etf_qvix
2025-08-05,50ETF,15.84,16.32,16.32,15.6,akshare:index_option_50etf_qvix
2025-08-06,50ETF,15.89,15.98,16.1,15.76,akshare:index_option_50etf_qvix
2025-08-07,50ETF,15.9,16.12,16.31,15.87,akshare:index_option_50etf_qvix
2025-08-08,50ETF,15.51,16.11,16.11,15.5,akshare:index_option_50etf_qvix
2025-08-11,50ETF,16.08,16.15,16.24,15.88,akshare:index_option_50etf_qvix
2025-08-12,50ETF,16.44,16.31,16.76,16.21,akshare:index_option_50etf_qvix
2025-08-13,50ETF,17.14,17.2,17.59,17.02,akshare:index_option_50etf_qvix
2025-08-14,50ETF,17.86,18.69,18.69,17.86,akshare:index_option_50etf_qvix
2025-08-15,50ETF,20.1,17.63,20.14,17.39,akshare:index_option_50etf_qvix
2025-08-18,50ETF,22.29,21.2,23.52,20.38,akshare:index_option_50etf_qvix
2025-08-19,50ETF,20.49,22.67,23.38,20.08,akshare:index_option_50etf_qvix
2025-08-20,50ETF,22.29,21.2,23.52,20.38,akshare:index_option_50etf_qvix
2025-08-21,50ETF,20.94,21.94,22.29,20.49,akshare:index_option_50etf_qvix
2025-08-22,50ETF,22.7,21.09,22.75,20.27,akshare:index_option_50etf_qvix
2025-08-25,50ETF,25.78,25.0,26.14,23.83,akshare:index_option_50etf_qvix
2025-08-26,50ETF,25.06,25.66,27.02,24.69,akshare:index_option_50etf_qvix
2025-08-27,50ETF,24.14,25.24,25.58,23.31,akshare:index_option_50etf_qvix
2025-08-28,50ETF,24.68,24.06,24.68,22.74,akshare:index_option_50etf_qvix
2025-08-29,50ETF,24.22,24.98,25.96,24.22,akshare:index_option_50etf_qvix
2025-09-01,50ETF,23.39,26.04,26.04,23.33,akshare:index_option_50etf_qvix
2025-09-02,50ETF,23.32,23.68,23.68,22.41,akshare:index_option_50etf_qvix
2025-09-03,50ETF,22.24,23.86,23.86,22.17,akshare:index_option_50etf_qvix
2025-09-04,50ETF,22.24,22.16,23.39,22.01,akshare:index_option_50etf_qvix
2025-09-05,50ETF,20.66,22.39,22.49,20.09,akshare:index_option_50etf_qvix
2025-09-08,50ETF,20.33,21.27,21.38,20.0,akshare:index_option_50etf_qvix
2025-09-09,50ETF,20.66,22.39,22.49,20.09,akshare:index_option_50etf_qvix
2025-09-10,50ETF,23.19,23.19,25.5,23.19,akshare:index_option_50etf_qvix
2025-09-11,50ETF,20.0,20.0,20.43,20.0,akshare:index_option_50etf_qvix
2025-09-12,50ETF,19.34,20.5,20.74,19.17,akshare:index_option_50etf_qvix
2025-09-15,50ETF,20.15,27.03,30.86,19.24,akshare:index_option_50etf_qvix
2025-09-16,50ETF,20.8,20.0,21.0,19.92,akshare:index_option_50etf_qvix
2025-09-17,50ETF,21.82,22.3,23.4,21.04,akshare:index_option_50etf_qvix
2025-09-18,50ETF,21.07,21.82,21.92,20.91,akshare:index_option_50etf_qvix
2025-09-19,50ETF,19.87,21.0,21.0,19.87,akshare:index_option_50etf_qvix
2025-09-22,50ETF,19.64,20.19,20.63,18.85,akshare:index_option_50etf_qvix
2025-09-23,50ETF,20.8,20.0,21.0,19.92,akshare:index_option_50etf_qvix
2025-09-24,50ETF,19.01,19.45,19.56,18.88,akshare:index_option_50etf_qvix
2025-09-25,50ETF,18.16,19.15,19.15,18.08,akshare:index_option_50etf_qvix
2025-09-26,50ETF,18.38,18.37,18.8,18.19,akshare:index_option_50etf_qvix
2025-09-29,50ETF,19.86,18.85,20.75,18.85,akshare:index_option_50etf_qvix
2025-09-30,50ETF,17.86,18.69,18.69,17.86,akshare:index_option_50etf_qvix
2025-10-09,50ETF,17.14,17.2,17.59,17.02,akshare:index_option_50etf_qvix
2025-10-10,50ETF,19.03,19.37,20.46,19.01,akshare:index_option_50etf_qvix
2025-10-13,50ETF,22.46,27.16,27.16,21.75,akshare:index_option_50etf_qvix
2025-10-14,50ETF,22.59,22.35,23.52,20.22,akshare:index_option_50etf_qvix
2025-10-15,50ETF,20.84,22.78,23.03,20.31,akshare:index_option_50etf_qvix
2025-10-16,50ETF,22.0,22.0,24.0,20.31,akshare:index_option_50etf_qvix
2025-10-17,50ETF,21.66,21.35,23.07,21.23,akshare:index_option_50etf_qvix
2025-10-20,50ETF,21.82,22.3,23.4,21.04,akshare:index_option_50etf_qvix
2025-10-21,50ETF,20.94,21.94,22.29,20.49,akshare:index_option_50etf_qvix
2025-10-22,50ETF,19.0,18.0,19.0,18.0,akshare:index_option_50etf_qvix
2025-10-23,50ETF,17.02264109,17.08533964,17.14833673,16.5665121,akshare:index_option_50etf_qvix
2025-10-24,50ETF,16.65,17.04,17.24,16.44,akshare:index_option_50etf_qvix
2025-10-27,50ETF,17.43,18.02,18.02,17.23,akshare:index_option_50etf_qvix
2025-10-28,50ETF,17.15,17.69,17.74,17.07,akshare:index_option_50etf_qvix
2025-10-29,50ETF,17.08,17.34,17.53,17.04,akshare:index_option_50etf_qvix
2025-10-30,50ETF,17.2,17.68,17.87,17.2,akshare:index_option_50etf_qvix
2025-10-31,50ETF,17.33,17.42,17.54,17.17,akshare:index_option_50etf_qvix
2025-11-03,50ETF,17.4,18.15,18.3,17.17,akshare:index_option_50etf_qvix
2025-11-04,50ETF,17.35,17.55,17.58,17.28,akshare:index_option_50etf_qvix
2025-11-05,50ETF,17.12,17.83,18.46,16.98,akshare:index_option_50etf_qvix
2025-11-06,50ETF,16.65,17.35,17.35,16.57,akshare:index_option_50etf_qvix
2025-11-07,50ETF,16.28,16.87,17.03,16.28,akshare:index_option_50etf_qvix
2025-11-11,50ETF,17.23,17.15,17.25,16.91,akshare:index_option_50etf_qvix
2025-11-12,50ETF,17.53,17.35,17.81,17.35,akshare:index_option_50etf_qvix
2025-11-13,50ETF,17.07,17.69,17.69,16.77,akshare:index_option_50etf_qvix
2025-11-14,50ETF,17.02,17.31,17.43,16.84,akshare:index_option_50etf_qvix
2025-11-17,50ETF,17.56,17.9,17.98,17.15,akshare:index_option_50etf_qvix
2025-11-18,50ETF,18.27,17.73,18.39,17.3,akshare:index_option_50etf_qvix
2025-11-19,50ETF,17.56,18.47,18.47,17.54,akshare:index_option_50etf_qvix
2025-11-20,50ETF,17.17,17.76,17.76,17.01,akshare:index_option_50etf_qvix
2025-11-21,50ETF,18.75,17.92,19.68,17.73,akshare:index_option_50etf_qvix
2025-11-24,50ETF,17.12,16.98,17.5,16.98,akshare:index_option_50etf_qvix
2025-11-25,50ETF,17.07,17.69,17.69,16.77,akshare:index_option_50etf_qvix
2025-11-26,50ETF,15.9,16.12,16.31,15.87,akshare:index_option_50etf_qvix
2025-11-27,50ETF,14.92252914,15.54047863,15.62524762,14.60812275,akshare:index_option_50etf_qvix
2025-11-28,50ETF,14.54,15.34,15.34,14.53,akshare:index_option_50etf_qvix
2025-12-01,50ETF,14.52,15.31,15.31,14.48,akshare:index_option_50etf_qvix
2025-12-02,50ETF,14.53,14.71,14.86,14.47,akshare:index_option_50etf_qvix
2025-12-03,50ETF,14.17,14.31,14.31,14.08,akshare:index_option_50etf_qvix
2025-12-04,50ETF,14.5,14.58,14.58,14.24,akshare:index_option_50etf_qvix
2025-12-05,50ETF,13.79,14.16,14.16,13.77,akshare:index_option_50etf_qvix
2025-12-08,50ETF,14.26,14.37,14.74,14.17,akshare:index_option_50etf_qvix
2025-12-09,50ETF,14.06,15.17,15.17,14.02,akshare:index_option_50etf_qvix
2025-12-10,50ETF,15.71,15.61,15.77,15.21,akshare:index_option_50etf_qvix
2025-12-11,50ETF,14.42,14.38,14.65,14.1,akshare:index_option_50etf_qvix
2025-12-12,50ETF,13.88,14.6,14.65,13.88,akshare:index_option_50etf_qvix
2025-12-15,50ETF,14.33,14.72,15.01,14.19,akshare:index_option_50etf_qvix
2025-12-16,50ETF,15.14,14.53,15.75,14.45,akshare:index_option_50etf_qvix
2025-12-17,50ETF,14.74,15.43,15.46,14.34,akshare:index_option_50etf_qvix
2025-12-18,50ETF,14.67,14.84,14.95,14.6,akshare:index_option_50etf_qvix
2025-12-19,50ETF,14.29,14.77,14.85,14.23,akshare:index_option_50etf_qvix
2025-12-22,50ETF,13.89,14.31,14.31,13.72,akshare:index_option_50etf_qvix
2025-12-23,50ETF,13.3,14.64,14.64,12.86,akshare:index_option_50etf_qvix
2025-12-24,50ETF,13.94,13.43,13.97,13.18,akshare:index_option_50etf_qvix
2025-12-25,50ETF,13.66,13.77,13.99,13.55,akshare:index_option_50etf_qvix
2025-12-26,50ETF,14.27,13.72,14.69,13.71,akshare:index_option_50etf_qvix
2025-12-29,50ETF,14.48,14.97,14.97,14.15,akshare:index_option_50etf_qvix
2025-12-30,50ETF,15.0,14.67,15.23,14.53,akshare:index_option_50etf_qvix
2025-12-31,50ETF,14.81,15.28,15.51,14.76,akshare:index_option_50etf_qvix
2026-01-05,50ETF,17.17,17.76,17.76,17.01,akshare:index_option_50etf_qvix
2026-01-06,50ETF,18.75,17.92,19.68,17.73,akshare:index_option_50etf_qvix
2026-01-07,50ETF,17.12,16.98,17.3,16.98,akshare:index_option_50etf_qvix
2026-01-08,50ETF,17.07,17.69,17.69,16.77,akshare:index_option_50etf_qvix
2026-01-09,50ETF,17.84,17.71,18.81,17.2,akshare:index_option_50etf_qvix
2026-01-12,50ETF,20.13,19.2,20.99,18.49,akshare:index_option_50etf_qvix
2026-01-13,50ETF,19.38,21.55,23.42,19.16,akshare:index_option_50etf_qvix
2026-01-14,50ETF,19.15,19.99,20.48,18.38,akshare:index_option_50etf_qvix
2026-01-15,50ETF,16.83,19.24,19.24,16.8,akshare:index_option_50etf_qvix
2026-01-16,50ETF,16.68,17.55,17.77,16.25,akshare:index_option_50etf_qvix
2026-01-19,50ETF,15.75,17.76,17.95,15.72,akshare:index_option_50etf_qvix
2026-01-20,50ETF,15.43,15.8,15.8,15.2,akshare:index_option_50etf_qvix
2026-01-21,50ETF,15.77,15.8,15.82,15.03,akshare:index_option_50etf_qvix
2026-01-22,50ETF,16.25,15.79,16.39,15.12,akshare:index_option_50etf_qvix
2026-01-23,50ETF,17.91,16.34,17.98,16.16,akshare:index_option_50etf_qvix
2026-01-26,50ETF,19.29,18.66,20.28,18.25,akshare:index_option_50etf_qvix
2026-01-27,50ETF,17.96,19.88,19.92,17.3,akshare:index_option_50etf_qvix
2026-01-28,50ETF,17.99,18.32,18.47,17.83,akshare:index_option_50etf_qvix
2026-01-29,50ETF,17.99,18.11,18.31,17.27,akshare:index_option_50etf_qvix
2026-01-30,50ETF,18.26,18.42,19.95,17.88,akshare:index_option_50etf_qvix
2026-02-02,50ETF,23.03,21.0,24.45,20.09,akshare:index_option_50etf_qvix
2026-02-03,50ETF,19.37,22.98,22.98,19.34,akshare:index_option_50etf_qvix
2026-02-04,50ETF,17.63,19.68,19.68,17.56,akshare:index_option_50etf_qvix
2026-02-05,50ETF,17.55,17.91,18.62,17.51,akshare:index_option_50etf_qvix
2026-02-06,50ETF,18.26,18.42,19.95,17.88,akshare:index_option_50etf_qvix
2026-02-09,50ETF,17.53,18.51,18.51,17.38,akshare:index_option_50etf_qvix
2026-02-10,50ETF,16.8,17.72,17.72,16.65,akshare:index_option_50etf_qvix
2026-02-11,50ETF,17.12,16.98,17.3,16.98,akshare:index_option_50etf_qvix
2026-02-12,50ETF,17.11,17.14,17.34,16.73,akshare:index_option_50etf_qvix
2026-02-13,50ETF,17.86,17.68,18.3,17.36,akshare:index_option_50etf_qvix
2026-02-24,50ETF,16.59,18.24,18.24,16.17,akshare:index_option_50etf_qvix
2026-02-25,50ETF,15.55,16.68,16.68,15.35,akshare:index_option_50etf_qvix
2026-02-26,50ETF,15.15,15.67,15.87,14.95,akshare:index_option_50etf_qvix
2026-02-27,50ETF,14.8,15.35,15.49,14.79,akshare:index_option_50etf_qvix
2026-03-02,50ETF,15.83,16.17,17.02,15.65,akshare:index_option_50etf_qvix
2026-03-03,50ETF,18.32,16.02,18.82,15.87,akshare:index_option_50etf_qvix
2026-03-04,50ETF,19.02,19.44,20.6,17.96,akshare:index_option_50etf_qvix
2026-03-05,50ETF,16.53,18.23,18.23,15.96,akshare:index_option_50etf_qvix
2026-03-06,50ETF,15.48,16.96,16.96,15.44,akshare:index_option_50etf_qvix
2026-03-09,50ETF,17.88,19.11,22.66,17.09,akshare:index_option_50etf_qvix
2026-03-10,50ETF,16.63,17.55,17.55,16.21,akshare:index_option_50etf_qvix
2026-03-11,50ETF,17.12,16.98,17.3,16.98,akshare:index_option_50etf_qvix
2026-03-12,50ETF,16.53,18.23,18.23,15.96,akshare:index_option_50etf_qvix
2026-03-13,50ETF,17.12,16.87,17.9,16.87,akshare:index_option_50etf_qvix
2026-03-16,50ETF,17.67,19.26,20.97,17.63,akshare:index_option_50etf_qvix
2026-03-17,50ETF,17.88,19.11,22.66,17.09,akshare:index_option_50etf_qvix
2026-03-18,50ETF,19.33,19.02,19.33,19.02,akshare:index_option_50etf_qvix
2026-03-19,50ETF,17.88,19.11,22.66,17.09,akshare:index_option_50etf_qvix
2026-03-20,50ETF,19.94,21.97,21.97,19.62,akshare:index_option_50etf_qvix
2026-03-23,50ETF,42.16,31.41,46.77,30.07,akshare:index_option_50etf_qvix
2026-03-24,50ETF,28.87,40.03,43.74,26.73,akshare:index_option_50etf_qvix
2026-03-25,50ETF,17.27,19.25,19.25,17.0,akshare:index_option_50etf_qvix
2026-03-26,50ETF,18.54,17.07,18.54,16.47,akshare:index_option_50etf_qvix
2026-03-27,50ETF,17.458477056847013,17.458477056847013,17.458477056847013,17.458477056847013,sina:sse_option_board
