date,ivix_50,ivix_1000,spread_1000_50,ratio_1000_50,z_20_spread,z_60_spread,z_60_ivix_1000,d1_ivix_1000,d3_ivix_1000,csi1000_close,signal_panic_reversal,signal_spread_revert,signal_spread_revert_confirmed,regime_state,regime_equity_exposure
2022-07-22,19.918,24.34,4.422000000000001,1.222010241992168,,,,,,7034.6,0,0,0,,
2022-07-25,20.407,23.952,3.5450000000000017,1.1737149017493995,,,,-0.0159408381265405,,6948.91,0,0,0,,
2022-07-26,19.376,22.39,3.014,1.1555532617671345,,,,-0.0652137608550434,,7027.42,0,0,0,,
2022-07-27,19.648,22.646,2.998000000000001,1.1525855048859937,,,,0.0114336757481019,-0.0695973705834017,7099.43,0,0,0,,
2022-07-28,19.7,25.659,5.959,1.30248730964467,,,,0.1330477788571933,0.0712675350701401,7150.2,0,0,0,,
2022-07-29,21.31,24.176,2.866,1.1344908493664947,,,,-0.0577964846642503,0.0797677534613665,7117.43,0,0,0,,
2022-08-01,21.57,24.749,3.1789999999999985,1.1473806212331945,,,,0.0237011912640634,0.0928640819570785,7180.45,0,0,0,,
2022-08-02,25.36,26.375,1.0150000000000006,1.0400236593059935,,,,0.0656996242272416,0.0279044389882692,6957.98,0,0,0,,
2022-08-03,23.47,25.659,2.189,1.0932680017043033,,,,-0.0271469194312796,0.0613418266048975,6916.67,0,0,0,,
2022-08-04,21.33,25.45,4.120000000000001,1.193155180496953,,,,-0.0081452901516037,0.0283243767424947,6960.31,0,0,0,,
2022-08-05,19.557,23.312,3.7550000000000026,1.1920028634248607,,,,-0.0840078585461688,-0.1161327014218008,7090.0,0,0,0,,
2022-08-08,19.71,25.488,5.777999999999999,1.2931506849315069,,,,0.0933424845573094,-0.0066643283058576,7176.11,0,0,0,,
2022-08-09,19.45,24.651,5.2010000000000005,1.2674035989717225,,,,-0.0328389830508474,-0.0313948919449901,7207.4,0,0,0,,
2022-08-10,19.917,24.603,4.686,1.235276397047748,,,,-0.0019471826700742,0.0553792038435141,7212.08,0,0,0,,
2022-08-11,20.006,22.804,2.7979999999999983,1.1398580425872238,,,,-0.0731211640856807,-0.1053044569993723,7294.49,0,0,0,,
2022-08-12,19.174,21.013,1.8390000000000024,1.0959111296547408,,,,-0.0785388528328362,-0.1475802198693764,7228.83,0,0,0,,
2022-08-15,19.43,21.501,2.071000000000001,1.1065877509006692,,,,0.0232237186503592,-0.126082185099378,7283.5,0,0,0,,
2022-08-16,19.167,21.586,2.418999999999997,1.1262065007565083,,,,0.0039533044974651,-0.0534116821610244,7324.62,0,0,0,,
2022-08-17,18.918,20.92,2.0020000000000024,1.1058251400782324,,,,-0.030853330862596,-0.0044258316280397,7328.67,0,0,0,,
2022-08-18,19.488,22.082,2.594000000000001,1.133107553366174,-0.5396749765450995,,,0.0555449330783939,0.0270219989767916,7351.44,0,0,0,S2,80%-100%
2022-08-19,18.76,21.701,2.940999999999999,1.1567697228144989,-0.2317191723561625,,,-0.0172538719318902,0.0053275271008987,7234.41,0,0,0,S2,80%-100%
2022-08-22,18.349,21.369,3.02,1.1645866259741675,-0.1525072295852173,,,-0.0152988341551081,0.0214627151051625,7288.58,0,0,0,S2,80%-100%
2022-08-23,18.027,21.705,3.677999999999997,1.204027292394741,0.3180644744611214,,,0.0157237119191351,-0.017072728919482,7306.02,0,0,0,S1,50%
2022-08-24,18.92,23.319,4.398999999999997,1.232505285412262,0.7945638410920957,,,0.0743607463718036,0.0745587760932675,7039.41,0,0,0,S1,50%
2022-08-25,17.85,22.683,4.832999999999998,1.2707563025210082,1.2454057679857655,,,-0.0272738968223337,0.0614909448266181,7016.31,0,0,0,S1,50%
2022-08-26,17.01815914,22.074,5.05584086,1.2970850618100402,1.277511957616437,,,-0.0268483004893531,0.0170006910850035,6980.18,0,0,0,S1,50%
2022-08-29,17.687,23.625,5.937999999999999,1.335726804998021,1.6927400847449805,,,0.070263658602881,0.0131223465843304,7021.31,0,0,0,S1,50%
2022-08-30,17.416,23.87,6.454000000000001,1.3705787781350482,1.842350993251475,,,0.0103703703703703,0.0523299387206277,6976.72,0,0,0,S1,50%
2022-08-31,17.566,23.253,5.687000000000001,1.323750426961175,1.1848697542213715,,,-0.0258483452031839,0.053411253057896,6750.74,0,0,0,S1,50%
2022-09-01,17.853,23.428,5.574999999999999,1.312272447207752,1.026829775973818,,,0.0075259106351868,-0.0083386243386243,6717.1,0,0,0,S1,50%
2022-09-02,18.29,23.639,5.349,1.2924548933843631,0.8085883949183624,,,0.0090063172272494,-0.0096774193548387,6776.83,0,0,0,S1,50%
2022-09-05,19.14,24.262,5.122,1.26760710553814,0.6953287460270495,,,0.0263547527391176,0.0433922504623058,6791.09,0,0,0,S1,50%
2022-09-06,18.098,20.851,2.753,1.152116255939883,-0.8062078103552562,,,-0.1405902233946089,-0.1099965852825679,6919.65,0,0,0,S1,50%
2022-09-07,17.95,19.63,1.6799999999999995,1.0935933147632313,-1.3565589843003334,,,-0.0585583425255383,-0.1695926223613519,6963.52,0,0,0,S1,50%
2022-09-08,17.493,17.918,0.4250000000000007,1.0242954324586977,-1.8858289132123505,,,-0.0872134488028527,-0.2614788558239223,6897.1,0,0,0,S1,50%
2022-09-09,16.964,19.0,2.0360000000000014,1.1200188634755954,-0.96741342727974,,,0.0603862038173903,-0.0887727207328185,6913.58,0,0,0,S1,50%
2022-09-13,17.174,20.612,3.437999999999999,1.2001863281704903,-0.1975621961811974,,,0.0848421052631578,0.0500254712175241,6904.08,0,0,0,S1,50%
2022-09-14,17.241,20.504,3.2630000000000017,1.1892581636796011,-0.3318315069756613,,,-0.0052396662138558,0.144324143319567,6829.56,0,0,0,S1,50%
2022-09-15,17.59,22.802,5.212,1.296304718590108,0.7624541079907015,,,0.1120756925477954,0.2001052631578947,6619.19,0,0,0,S1,50%
2022-09-16,19.0,22.2,3.1999999999999997,1.1684210526315788,-0.5006062349378811,,,-0.0264011928778177,0.0770424995148457,6481.24,0,0,0,S1,50%
2022-09-19,18.97,19.13,0.1600000000000001,1.0084343700579863,-2.0481977667539337,,,-0.1382882882882883,-0.0670113148653922,6399.8,0,0,0,S1,50%
2022-09-20,18.49,22.55,4.060000000000002,1.2195781503515415,0.0801604238606407,,,0.1787767903815997,-0.0110516621349003,6482.13,0,0,0,S1,50%
2022-09-21,19.42,23.18,3.759999999999998,1.1936148300720906,-0.089019640145319,,,0.0279379157427936,0.0441441441441441,6480.6,0,0,0,S1,50%
2022-09-22,19.63,23.13,3.5,1.1782985226693836,-0.2088326271707177,,,-0.0021570319240724,0.2090956612650287,6487.27,0,0,0,S1,50%
2022-09-23,19.2,22.97,3.77,1.1963541666666666,-0.0291245501501157,,,-0.0069174232598356,0.0186252771618624,6363.68,0,0,0,S1,50%
2022-09-26,20.11,24.09,3.98,1.1979114868224765,0.120493299083631,,,0.0487592511972136,0.039257981018119,6283.59,0,0,0,S1,50%
2022-09-27,18.88,23.76,4.880000000000003,1.2584745762711866,0.6831703329704815,,,-0.0136986301369862,0.0272373540856032,6409.78,0,0,0,S1,50%
2022-09-28,19.56,24.44,4.880000000000003,1.2494887525562373,0.7746053718690084,,,0.0286195286195285,0.0639965171963432,6211.11,0,0,0,S1,50%
2022-09-29,20.39411041,24.33,3.935889589999999,1.1929914818971503,0.2522835828208179,,,-0.0045008183306056,0.0099626400996264,6228.78,0,0,0,S1,50%
2022-09-30,19.13,24.48,5.350000000000001,1.279665446941976,1.1931851584335067,,,0.0061652281134403,0.0303030303030302,6124.86,0,0,0,S1,50%
2022-10-10,20.53,24.97,4.439999999999998,1.2162688748173405,0.6426386793870738,,,0.0200163398692809,0.021685761047463,5984.5,0,0,0,S1,50%
2022-10-11,20.01,24.73,4.719999999999999,1.2358820589705146,0.8582228869319473,,,-0.0096115338406086,0.0164406083025072,6017.72,0,0,0,S1,50%
2022-10-12,20.82,24.81,3.9899999999999984,1.19164265129683,0.3149000354942873,,,0.0032349373230893,0.0134803921568626,6192.65,0,0,0,S1,50%
2022-10-13,21.07,24.92,3.8500000000000014,1.1827242524916943,0.1501875628507708,,,0.0044336960902862,-0.0020024028834599,6252.22,0,0,0,S1,50%
2022-10-14,19.36,23.75,4.390000000000001,1.2267561983471076,0.472353727739115,,,-0.0469502407704655,-0.0396279822078446,6406.46,0,0,0,S1,50%
2022-10-17,19.19,24.16,4.969999999999999,1.2589890568004167,0.8876911045083432,,,0.0172631578947368,-0.0261991132607818,6472.45,0,0,0,S1,50%
2022-10-18,19.918,24.34,4.422000000000001,1.222010241992168,0.3493637237743198,,,0.0074503311258278,-0.0232744783306582,6508.5,0,0,0,S1,50%
2022-10-19,19.06,23.78,4.720000000000002,1.2476390346274924,0.5563526743494489,,,-0.0230073952341823,0.0012631578947368,6461.15,0,0,0,S1,50%
2022-10-20,19.98,24.25,4.27,1.2137137137137135,0.1945093971431662,,,0.0197645079899073,0.0037251655629138,6429.7,0,0,0,S1,50%
2022-10-21,20.38,23.93,3.5500000000000007,1.174190382728165,-0.5021526387496855,-0.1830606818896296,0.4512921990845951,-0.0131958762886598,-0.0168447000821693,6432.33,0,0,0,S1,50%
2022-10-24,24.64,26.25,1.6099999999999994,1.0653409090909092,-3.2278835862706545,-1.5303823831886971,1.6972904719479334,0.0969494358545759,0.1038687973086627,6378.43,0,0,0,S1,50%
2022-10-25,22.9,26.68,3.780000000000001,1.1650655021834062,-0.4526091034260842,0.0151083904459719,1.8539478114203127,0.0163809523809523,0.1002061855670102,6355.78,0,0,0,S1,50%
2022-10-26,21.11,25.0,3.890000000000001,1.1842728564661298,-0.3230191197395827,0.0833870649934862,0.9296645874084104,-0.0629685157421289,0.0447137484329294,6491.69,0,0,0,S1,50%
2022-10-27,21.06551721,25.0,3.934482790000001,1.1867736144703944,-0.2990329552028515,0.104309292190814,0.9032459709452276,0.0,-0.0476190476190476,6461.61,0,0,0,S1,50%
2022-10-28,24.03,26.19,2.16,1.0898876404494382,-2.154213219508657,-1.1342925984051833,1.5154083909629166,0.0476,-0.0183658170914542,6239.93,0,0,0,S1,50%
2022-10-31,26.78,26.94,0.1600000000000001,1.0059746079163554,-2.9793024527381218,-2.4258420685730675,1.8318260425845725,0.0286368843069872,0.0776000000000001,6292.62,0,0,0,S1,50%
2022-11-01,23.33,25.28,1.9500000000000028,1.083583369052722,-1.3806056496352408,-1.1656699193116873,0.9788532768531084,-0.0616184112843355,0.0112,6439.82,0,0,0,S1,50%
2022-11-02,22.09,24.34,2.25,1.1018560434585785,-1.039444938401031,-0.9951354222453316,0.5291749328123333,-0.0371835443037975,-0.0706376479572356,6524.51,0,0,0,S2,80%-100%
2022-11-03,22.24,25.29,3.0500000000000007,1.1371402877697845,-0.3964239569322986,-0.4521007854889599,1.0264631082183693,0.0390304026294165,-0.0612472160356347,6566.84,0,0,0,S1,50%
2022-11-04,22.24,25.29,3.0500000000000007,1.1371402877697845,-0.3251061241618381,-0.439206614299229,1.029391336655877,0.0,0.0003955696202531,6709.64,0,0,0,S1,50%
2022-11-07,23.01,24.53,1.5199999999999996,1.066058235549761,-1.3750615029200726,-1.4570888920752885,0.6224298328881801,-0.030051403716884,0.0078060805258832,6713.64,0,0,0,S2,80%-100%
2022-11-08,22.35,23.91,1.5599999999999987,1.0697986577181209,-1.2121437023430033,-1.384281466416365,0.3185815031148755,-0.025275173257236,-0.0545670225385527,6694.96,0,0,0,S2,80%-100%
2022-11-09,22.18,23.85,1.6700000000000017,1.075293056807935,-1.0212683787026888,-1.2642217336033472,0.2952631363137731,-0.002509410288582,-0.0569395017793593,6676.01,0,0,0,S2,80%-100%
2022-11-10,22.33,23.92,1.5900000000000034,1.071204657411554,-0.979795851602417,-1.27284003076442,0.3389829745027628,0.0029350104821803,-0.0248675091724418,6603.31,0,0,0,S2,80%-100%
2022-11-11,21.81,24.2,2.390000000000001,1.1095827602017423,-0.3289276692375989,-0.7214658436689768,0.4733183501131718,0.0117056856187289,0.0121288163948138,6643.48,0,0,0,S2,80%-100%
2022-11-14,22.93,23.83,0.8999999999999986,1.039249890972525,-1.3373188625172587,-1.696998029903191,0.2574476961525818,-0.0152892561983472,-0.0008385744234802,6599.67,0,0,0,S2,80%-100%
2022-11-15,23.16,23.7,0.5399999999999991,1.0233160621761657,-1.4584460364161689,-1.8751753212649245,0.1702567626520176,-0.005455308434746,-0.0091973244147157,6752.51,0,0,0,S2,80%-100%
2022-11-16,22.91,23.62,0.7100000000000009,1.0309908336970754,-1.2340313914481351,-1.7073235213731313,0.1101041935361692,-0.0033755274261603,-0.0239669421487602,6702.04,0,0,0,S2,80%-100%
2022-11-17,22.37,23.05,0.6799999999999997,1.0303978542691103,-1.1626370362464111,-1.6814769552129871,-0.2202733757635258,-0.0241320914479254,-0.0327318506084766,6714.5,0,0,0,S2,80%-100%
2022-11-18,21.78,22.76,0.9800000000000004,1.0449954086317723,-0.8212317118301596,-1.4522458811214662,-0.3869148961878514,-0.012581344902386,-0.0396624472573838,6658.4,0,0,0,S2,80%-100%
2022-11-21,22.0,23.83,1.8299999999999983,1.083181818181818,-0.087400805822269,-0.9102943685540452,0.1839707141975494,0.0470123022847097,0.0088907705334462,6689.33,0,0,0,S2,80%-100%
2022-11-22,21.99,23.31,1.3200000000000005,1.0600272851296044,-0.4588201747179755,-1.190994094194199,-0.1239552716611666,-0.0218212337389844,0.0112798264642082,6583.23,0,0,0,S1,50%
2022-11-23,22.08,22.75,0.6700000000000017,1.0303442028985508,-1.007652962381804,-1.5235333638925153,-0.4515058670754488,-0.0240240240240239,-0.000439367311072,6567.99,0,0,0,S1,50%
2022-11-24,21.88829295,22.49,0.6017070499999981,1.0274899029985798,-1.056191751192841,-1.5026771031864452,-0.589082412459649,-0.0114285714285714,-0.0562316407889215,6586.86,0,0,0,S1,50%
2022-11-25,21.25084989,22.56,1.3091501099999974,1.0616046001348889,-0.1561867647522873,-1.0534525528520078,-0.5481100447475059,0.0031124944419742,-0.0321750321750321,6512.16,0,0,0,S1,50%
2022-11-28,22.91,23.39,0.4800000000000004,1.0209515495416848,-1.2278296757401117,-1.480668295650965,-0.093119502581969,0.0367907801418441,0.028131868131868,6492.71,0,0,0,S1,50%
2022-11-29,24.04,22.84,-1.1999999999999993,0.9500831946755408,-2.548385913071784,-2.327212728897429,-0.3970137560478393,-0.0235143223599829,0.015562472209871,6594.32,0,0,0,S1,50%
2022-11-30,23.55,22.86,-0.6900000000000013,0.970700636942675,-1.756325386551941,-1.9735187455074,-0.3758117153725003,0.0008756567425569,0.0132978723404255,6590.31,0,0,0,S1,50%
2022-12-01,23.8,21.73,-2.0700000000000003,0.9130252100840336,-2.5206501484223045,-2.5819125914747967,-0.9923781120095294,-0.0494313210848643,-0.0709705002137666,6658.43,0,0,0,S2,80%-100%
2022-12-02,21.55,21.15,-0.4000000000000021,0.9814385150812064,-1.025279623319792,-1.616617106695008,-1.2780962173546535,-0.0266912103083295,-0.0739929947460595,6680.54,0,0,0,S2,80%-100%
2022-12-05,22.2,21.52,-0.6799999999999997,0.9693693693693692,-1.153881448724004,-1.7046651250889933,-1.044072022075106,0.0174940898345155,-0.0586176727909011,6714.37,0,0,0,S2,80%-100%
2022-12-06,21.8,21.17,-0.629999999999999,0.9711009174311928,-1.002884553495549,-1.6175972848355606,-1.194810906264024,-0.0162639405204459,-0.0257708237459732,6703.55,0,0,0,S2,80%-100%
2022-12-07,21.78,20.59,-1.1900000000000013,0.9453627180899908,-1.3432639356410774,-1.8291705652066097,-1.5016931789746213,-0.0273972602739727,-0.0264775413711583,6705.29,0,0,0,S2,80%-100%
2022-12-08,21.36,20.4,-0.9600000000000009,0.9550561797752808,-1.0351304396644254,-1.6475812474167943,-1.6323005129978931,-0.0092277804759592,-0.0520446096654275,6662.34,0,0,0,S2,80%-100%
2022-12-09,20.96,20.1,-0.8599999999999994,0.958969465648855,-0.8800618283946388,-1.5637475031068824,-1.911765897809964,-0.014705882352941,-0.0505432215399149,6680.38,0,0,0,S2,80%-100%
2022-12-12,21.49,20.34,-1.1499999999999986,0.9464867380176828,-1.0438654800706697,-1.6435908053726378,-1.839262300768563,0.0119402985074625,-0.0121418164157357,6655.67,0,0,0,S2,80%-100%
2022-12-13,21.03,20.41,-0.620000000000001,0.9705183071802188,-0.4937999882403583,-1.3330954807062465,-1.7894516686885262,0.0034414945919369,0.0004901960784313,6593.67,0,0,0,S1,50%
2022-12-14,20.68,20.58,-0.1000000000000014,0.995164410058027,0.0323575679412806,-1.0459736376401274,-1.6919397209473526,0.0083292503674667,0.0238805970149251,6570.02,0,0,0,S1,50%
2022-12-15,19.8,19.69,-0.1099999999999994,0.9944444444444444,0.0614950679440612,-1.019362580405341,-2.105257387450008,-0.0432458697764819,-0.0319567354965584,6597.55,0,0,0,S1,50%
2022-12-16,19.44,18.52,-0.9200000000000016,0.9526748971193416,-0.6468256250668537,-1.3630419547670656,-2.584396215344554,-0.0594210259014729,-0.0926016658500735,6519.44,0,0,0,S1,50%
2022-12-19,19.95,19.09,-0.8599999999999994,0.9568922305764412,-0.516754589251513,-1.3141435071773977,-2.2756438460177133,0.0307775377969763,-0.0724003887269192,6390.77,0,0,0,S1,50%
2022-12-20,20.25,19.77,-0.4800000000000004,0.9762962962962964,0.0164849370042953,-1.0953835704763994,-1.8327365837873992,0.0356207438449449,0.004062976130015,6341.58,0,0,0,S1,50%
2022-12-21,19.82,19.52,-0.3000000000000007,0.9848637739656912,0.3267426893315288,-0.9764795194500075,-1.8722371374774944,-0.0126454223571067,0.0539956803455723,6289.14,0,0,0,S1,50%
2022-12-22,18.95,20.31,1.3599999999999994,1.0717678100263852,2.283346180671829,-0.1696477228807657,-1.4229997548424664,0.0404713114754098,0.0639078051335777,6186.93,0,0,0,S1,50%
2022-12-23,19.56,20.99,1.4299999999999995,1.0731083844580778,2.320634253022722,-0.1183997496264467,-1.0581014017432069,0.0334810438207779,0.0617096611026808,6160.75,0,0,0,S1,50%
2022-12-26,19.51,19.29,-0.2200000000000024,0.9887237314197846,0.3899078091776499,-0.8853268221015569,-1.806574923014924,-0.0809909480705097,-0.0117827868852459,6275.52,0,0,0,S1,50%
2022-12-27,18.85,18.78,-0.0700000000000002,0.996286472148541,0.5128142455299955,-0.7857007152445674,-1.9464232500400789,-0.0264385692068428,-0.0753323485967503,6325.63,0,0,0,S1,50%
2022-12-28,18.26,18.52,0.259999999999998,1.0142387732749178,0.8536317176640178,-0.5973991481281792,-1.960969404368265,-0.0138445154419596,-0.1176750833730347,6268.47,0,0,0,S1,50%
2022-12-29,17.94050355,18.33,0.3894964499999993,1.0217104524917306,0.9564827483053664,-0.5081871492455365,-1.942484005070672,-0.0102591792656587,-0.0497667185069985,6261.83,0,0,0,S1,50%
2022-12-30,17.2,18.01,0.8100000000000023,1.047093023255814,1.374478768656186,-0.2645924785161601,-1.975018721796328,-0.017457719585379,-0.0410010649627262,6281.62,0,0,0,S1,50%
2023-01-03,17.23,18.17,0.9400000000000012,1.0545560069645967,1.3733659111836314,-0.1690752199041136,-1.8202650996483407,0.0088839533592448,-0.0188984881209501,6423.7,0,0,0,S1,50%
2023-01-04,17.17,18.14,0.9699999999999988,1.0564938846825858,1.26364519873238,-0.1227892461300965,-1.751577671903154,-0.0016510731975785,-0.0103655210038187,6421.28,0,0,0,S1,50%
2023-01-05,17.73,17.94,0.2100000000000008,1.011844331641286,0.2820747118510844,-0.521805321502632,-1.752472739708357,-0.0110253583241455,-0.0038867295946696,6485.47,0,0,0,S1,50%
2023-01-06,17.94,17.77,-0.1700000000000017,0.9905239687848384,-0.2559436078681111,-0.711746111577755,-1.7418883339719764,-0.0094760312151617,-0.0220143093010457,6500.32,0,0,0,S2,80%-100%
2023-01-09,19.43,18.95,-0.4800000000000004,0.9752959341224908,-0.7039439121086828,-0.8668843920729757,-1.2351205471800966,0.0664040517726505,0.0446527012127893,6535.75,0,0,0,S2,80%-100%
2023-01-10,19.3,18.93,-0.370000000000001,0.9808290155440414,-0.6495135604827232,-0.7836146026302677,-1.2003694198777577,-0.0010554089709762,0.0551839464882941,6540.2,0,0,0,S2,80%-100%
2023-01-11,19.41,18.93,-0.4800000000000004,0.9752704791344669,-0.825076080077488,-0.8317825572033813,-1.1598750594046516,0.0,0.0652785593697242,6486.9,0,0,0,S2,80%-100%
2023-01-12,18.98,18.75,-0.2300000000000004,0.987881981032666,-0.452470448628239,-0.6516909198860168,-1.187157503362888,-0.0095087163232963,-0.0105540897097624,6489.57,0,0,0,S2,80%-100%
2023-01-13,17.71,18.1,0.3900000000000005,1.0220214568040655,0.4040266397706357,-0.1947666268558206,-1.382078915396168,-0.0346666666666666,-0.0438457474907553,6517.51,0,0,0,S1,50%
2023-01-16,19.28,17.98,-1.3000000000000007,0.9325726141078838,-1.9053553405889567,-1.3815738648042395,-1.374981024072383,-0.0066298342541436,-0.0501848917062862,6591.81,0,0,0,S2,80%-100%
2023-01-17,18.7,17.92,-0.7799999999999976,0.958288770053476,-1.20676966765029,-0.9671152153139488,-1.3585996745062132,-0.0033370411568408,-0.0442666666666665,6597.49,0,0,0,S2,80%-100%
2023-01-18,19.47,18.15,-1.3200000000000005,0.9322033898305084,-1.7558628122244213,-1.3469680245362952,-1.2431175886332493,0.0128348214285711,0.0027624309392264,6613.01,0,0,0,S2,80%-100%
2023-01-19,20.46,18.79,-1.6700000000000017,0.918377321603128,-1.902760216926527,-1.6044529498978426,-0.96607602686063,0.0352617079889807,0.0450500556173525,6676.08,0,0,0,S1,50%
2023-01-20,20.63,18.74,-1.8900000000000008,0.9083858458555502,-1.898334010195324,-1.780832370166033,-0.954774664254625,-0.0026609898882384,0.0457589285714283,6736.85,0,0,0,S1,50%
2023-01-30,19.37,19.59,0.2199999999999988,1.0113577697470315,0.5570048180545218,-0.0111201863479539,-0.597469583785872,0.045357524012807,0.0793388429752066,6786.45,0,0,0,S1,50%
2023-01-31,19.28,19.05,-0.2300000000000004,0.9880705394190872,0.0121519695658628,-0.3850396609186283,-0.7977769394683948,-0.0275650842266461,0.0138371474188399,6805.28,0,0,0,S1,50%
2023-02-01,19.73,19.78,0.0500000000000007,1.0025342118601115,0.3435566973106425,-0.1245310177177614,-0.4634734194984281,0.0383202099737534,0.0554962646744932,6916.72,0,0,0,S1,50%
2023-02-02,19.93,20.15,0.2199999999999988,1.0110386352232814,0.5524166949528709,0.0519330527628444,-0.2777808728024716,0.0187057633973708,0.0285860132720774,6933.23,0,0,0,S1,50%
2023-02-03,20.04,20.3,0.2600000000000015,1.0129740518962076,0.6121780753139595,0.1361322185871626,-0.1807706035507805,0.0074441687344914,0.0656167979002624,6925.08,0,0,0,S1,50%
2023-02-06,20.96,20.47,-0.490000000000002,0.97662213740458,-0.2328572804792318,-0.5466915289527072,-0.0685458727664441,0.0083743842364532,0.0348837209302324,6891.41,0,0,0,S1,50%
2023-02-07,20.61,20.48,-0.129999999999999,0.9936923823386706,0.3170074396325855,-0.1614554151650946,-0.0325222594092374,0.0004885197850512,0.0163771712158808,6924.32,0,0,0,S1,50%
2023-02-08,20.08,19.69,-0.389999999999997,0.980577689243028,0.0592731683312303,-0.4016842292272718,-0.3961166884081137,-0.03857421875,-0.0300492610837438,6877.72,0,0,0,S1,50%
2023-02-09,19.58,19.74,0.1600000000000001,1.0081716036772217,0.9023574089420844,0.2026744413718138,-0.3447358092233707,0.0025393600812593,-0.0356619443087444,6999.18,0,0,0,S1,50%
2023-02-10,18.89,20.06,1.1699999999999982,1.061937533086289,2.0572729800893046,1.3055217171965023,-0.1504504707960937,0.0162107396149948,-0.0205078125000001,6975.39,0,0,0,S0,20%
2023-02-13,19.02,18.93,-0.0899999999999998,0.995268138801262,0.3409969290335337,-0.0140316926147973,-0.7285188692924026,-0.0563310069790627,-0.0385982732351448,7052.18,0,0,0,S1,50%
2023-02-14,18.92,18.62,-0.3000000000000007,0.9841437632135306,0.0554925625729943,-0.2355324756614243,-0.8752288757464338,-0.0163761225567881,-0.0567375886524821,7061.45,0,0,0,S1,50%
2023-02-15,18.38,18.31,-0.0700000000000002,0.9961915125136016,0.3349036507805296,0.0444747952120015,-1.0264718055571067,-0.0166487647690656,-0.0872382851445663,7063.6,0,0,0,S1,50%
2023-02-16,18.46,19.02,0.5599999999999987,1.0303358613217768,1.0859406338483426,0.7869037324294946,-0.5900176480198274,0.0387766247951939,0.0047543581616482,6925.2,0,0,0,S1,50%
2023-02-17,18.68,17.96,-0.7199999999999989,0.961456102783726,-0.5013406358848884,-0.6902510688401464,-1.1966577913898784,-0.0557308096740273,-0.0354457572502685,6868.55,0,0,0,S2,80%-100%
2023-02-20,19.35,19.09,-0.2600000000000015,0.98656330749354,0.0342665486341181,-0.1261057583444408,-0.4799676188973261,0.0629175946547884,0.0425996723102131,6959.36,0,0,0,S1,50%
2023-02-21,19.52,19.04,-0.4800000000000004,0.9754098360655736,-0.2908968511414308,-0.3605886942748908,-0.4871157683668208,-0.00261917234154,0.0010515247108306,6990.48,0,0,0,S2,80%-100%
2023-02-22,18.92,19.02,0.0999999999999978,1.0052854122621564,0.4384654446508327,0.4059438724096382,-0.4751086384548084,-0.0010504201680672,0.0590200445434296,6998.43,0,0,0,S1,50%
2023-02-23,18.75,17.98,-0.7699999999999996,0.9589333333333332,-1.01799117699545,-0.6951363059787857,-1.174456003273773,-0.0546792849631966,-0.0581456259821896,6966.79,0,0,0,S2,80%-100%
2023-02-24,19.2,17.98,-1.2199999999999989,0.9364583333333334,-2.131144464940343,-1.2390783340295353,-1.150196795056117,0.0,-0.0556722689075629,6944.82,0,0,0,S2,80%-100%
2023-02-27,19.36,16.98,-2.379999999999999,0.8770661157024794,-2.979024095327341,-2.603862236368259,-1.8399174891688892,-0.0556173526140155,-0.1072555205047318,6894.3,0,0,0,S1,50%
2023-02-28,18.53,16.66,-1.870000000000001,0.8990825688073394,-1.9189911840309184,-1.8655800388502195,-2.077660766102011,-0.0188457008244994,-0.0734149054505005,6955.57,0,0,0,S1,50%
2023-03-01,18.27,15.0,-3.27,0.8210180623973727,-2.692717409033708,-3.251252722261423,-3.171867014902639,-0.099639855942377,-0.1657397107897664,7002.77,0,0,0,S2,80%-100%
2023-03-02,18.18,17.24,-0.9400000000000012,0.9482948294829482,-0.3762483377211269,-0.6030470977851481,-1.4879375025566524,0.1493333333333333,0.0153121319199056,6972.31,0,0,0,S2,80%-100%
2023-03-03,17.98,16.69,-1.2899999999999991,0.92825361512792,-0.6476899290165871,-1.0364510924609844,-1.869959224220044,-0.0319025522041761,0.0018007202881153,6967.94,0,0,0,S2,80%-100%
2023-03-06,17.97,16.59,-1.379999999999999,0.923205342237062,-0.683962427385243,-1.109698727764137,-1.877311530577477,-0.0059916117435591,0.1060000000000001,6997.04,0,0,0,S2,80%-100%
2023-03-07,18.23,16.98,-1.25,0.9314317059791551,-0.5030778114956892,-0.943509512821222,-1.5329186635325205,0.0235081374321881,-0.0150812064965195,6855.34,0,0,0,S1,50%
2023-03-08,18.3,16.6,-1.6999999999999993,0.907103825136612,-0.8627187660440901,-1.4105627208588205,-1.7809234669992573,-0.0223792697290929,-0.0053924505692031,6891.46,0,0,0,S1,50%
2023-03-09,18.12,15.94,-2.180000000000001,0.879690949227373,-1.1904442854101094,-1.880295756356599,-2.1946376559641263,-0.0397590361445784,-0.0391802290536468,6892.86,0,0,0,S1,50%
2023-03-10,18.57,16.68,-1.8900000000000008,0.8982229402261712,-0.8541861795489805,-1.520298833176387,-1.5543098168443197,0.0464240903387704,-0.0176678445229682,6798.3,0,0,0,S1,50%
2023-03-13,18.03,16.33,-1.7000000000000028,0.9057127010537992,-0.5840859452069879,-1.2852073468413812,-1.7501178188196922,-0.0209832134292566,-0.016265060240964,6832.62,0,0,0,S1,50%
2023-03-14,18.35,17.88,-0.4700000000000024,0.9743869209809264,0.7381324792430353,0.002484980078786,-0.5336729360026372,0.0949173300673607,0.1217063989962359,6769.85,0,0,0,S1,50%
2023-03-15,17.38,16.23,-1.1499999999999986,0.9338319907940162,0.0701812276828899,-0.7068271118631062,-1.7491488006315554,-0.0922818791946308,-0.0269784172661869,6803.47,0,0,0,S1,50%
2023-03-16,17.91,17.72,-0.1900000000000012,0.9893914014517028,1.2730318052192724,0.3094823531788132,-0.5732111720572847,0.0918052988293283,0.0851194121249234,6689.78,0,0,0,S1,50%
2023-03-17,17.09,16.71,-0.379999999999999,0.9777647747220596,1.006740864366396,0.1134691341555923,-1.320512303446985,-0.0569977426636567,-0.0654362416107381,6736.37,0,0,0,S1,50%
2023-03-20,18.0,17.78,-0.2199999999999988,0.987777777777778,1.1896553510225998,0.2708331615954381,-0.4729323443910543,0.064033512866547,0.095502156500308,6721.45,0,0,0,S1,50%
2023-03-21,17.35,16.85,-0.5,0.9711815561959656,0.8624474263093691,-0.0323664929072146,-1.159361407589612,-0.0523059617547806,-0.0490970654627538,6809.39,0,0,0,S1,50%
2023-03-22,18.0,17.78,-0.2199999999999988,0.987777777777778,1.2457816698329367,0.2600990220557366,-0.4178515634553064,0.0551928783382789,0.064033512866547,6840.33,0,0,0,S1,50%
2023-03-23,17.38,16.23,-1.1499999999999986,0.9338319907940162,0.1435842079195259,-0.7085838447413889,-1.5634736076387763,-0.0871766029246344,-0.0871766029246344,6868.83,0,0,0,S1,50%
2023-03-24,16.43,15.09,-1.34,0.9184418746195984,-0.0812552718907395,-0.8852410445949497,-2.312468644705385,-0.0702402957486136,-0.1044510385756677,6867.95,0,0,0,S2,80%-100%
2023-03-27,17.07,15.65,-1.42,0.916813122437024,-0.2502536485219592,-0.9509255019572832,-1.8437572833082307,0.0371106693174287,-0.1197975253093364,6886.69,0,0,0,S2,80%-100%
2023-03-28,16.73,15.72,-1.0099999999999998,0.9396294082486552,0.2259794993114901,-0.4761927274284723,-1.7132966895285937,0.0044728434504792,-0.0314232902033271,6825.38,0,0,0,S1,50%
2023-03-29,16.72,16.09,-0.629999999999999,0.9623205741626796,0.7096926049982445,-0.0400688281284256,-1.385267499336298,0.0235368956743002,0.0662690523525513,6806.28,0,0,0,S1,50%
2023-03-30,16.4,16.02,-0.379999999999999,0.976829268292683,1.0516381547837872,0.2547294996464617,-1.3844828506031537,-0.0043505282784338,0.0236421725239615,6807.64,0,0,0,S1,50%
2023-03-31,16.34,15.97,-0.3699999999999992,0.9773561811505508,0.97158019470317,0.2832985982670183,-1.3704071103679667,-0.0031210986267165,0.0159033078880406,6875.81,0,0,0,S1,50%
2023-04-03,17.16,17.18,0.0199999999999995,1.0011655011655012,1.4158436137784307,0.758405739919826,-0.4999136767806865,0.0757670632435816,0.0677439403356121,6962.2,0,0,0,S1,50%
2023-04-04,16.87,17.27,0.3999999999999986,1.02371072910492,1.7229563556715868,1.231850146439015,-0.4249626818544279,0.0052386495925493,0.0780274656679151,6953.36,0,0,0,S0,20%
2023-04-06,17.36,17.88,0.5199999999999996,1.0299539170506913,1.6680593399345365,1.4039190036332234,0.0100342033030529,0.0353213665315574,0.1195992485911081,6983.03,0,0,0,S0,20%
2023-04-07,16.58,17.6,1.0200000000000031,1.0615199034981908,2.094091104206356,1.9412077226011069,-0.1842256665604623,-0.0156599552572705,0.0244470314318976,7042.89,0,0,0,S0,20%
2023-04-10,16.56,17.43,0.870000000000001,1.052536231884058,1.7222517033926843,1.7048897862226402,-0.3003678814693807,-0.009659090909091,0.009264620729589,6968.57,0,0,0,S0,20%
2023-04-11,16.12,17.3,1.1799999999999995,1.0732009925558312,1.9022224541161536,1.9607474401058664,-0.3743879170653906,-0.0074584050487664,-0.0324384787472035,6984.14,0,0,0,S0,20%
2023-04-12,15.72,17.22,1.4999999999999982,1.0954198473282442,1.951334481203512,2.186068026940985,-0.4125598517357436,-0.0046242774566475,-0.0215909090909092,7021.02,0,0,0,S0,20%
2023-04-13,15.22,16.8,1.58,1.1038107752956636,1.777679211407966,2.1443306294604936,-0.6878325778465414,-0.0243902439024389,-0.0361445783132529,6966.82,0,0,0,S1,50%
2023-04-14,15.03,17.08,2.049999999999999,1.1363938789088488,1.934791095852068,2.449352929073899,-0.4690847041802859,0.0166666666666666,-0.0127167630057805,7020.09,0,0,0,S0,20%
2023-04-17,16.06,17.0,0.9400000000000012,1.0585305105853051,0.7733730778540082,1.3547025957405716,-0.5123755163995428,-0.0046838407494144,-0.0127758420441346,7012.77,0,0,0,S0,20%
2023-04-18,15.53,16.47,0.9399999999999996,1.06052801030264,0.7095146955927548,1.306454317573995,-0.8677972973725354,-0.0311764705882353,-0.0196428571428572,6997.07,0,1,0,S1,50%
2023-04-19,15.19,15.11,-0.08,0.9947333772218564,-0.2915807704785722,0.328932356877011,-1.7526710696322416,-0.0825743776563447,-0.1153395784543325,6965.58,0,1,0,S2,80%-100%
2023-04-20,15.0,15.62,0.6199999999999992,1.0413333333333332,0.3464325230490859,0.9598043545955572,-1.3505821012153458,0.0337524818001322,-0.0811764705882353,6963.9,0,0,0,S1,50%
2023-04-21,15.91,15.59,-0.3200000000000003,0.979886863607794,-0.633127753643107,0.0501268372484442,-1.3219074475654269,-0.0019206145966709,-0.0534304796599878,6773.51,0,0,0,S1,50%
2023-04-24,17.12,16.97,-0.1500000000000021,0.9912383177570092,-0.56157558725795,0.1885916342443077,-0.3725910173319642,0.0885182809493263,0.1230972865651884,6725.27,0,0,0,S1,50%
2023-04-25,17.27,17.89,0.620000000000001,1.035900405327157,0.1891699866511401,0.928661405874332,0.2745622601395362,0.0542133176193282,0.1453265044814342,6603.24,0,0,0,S0,20%
2023-04-26,16.51,17.65,1.139999999999997,1.0690490611750452,0.7571436095261859,1.3877801779618784,0.1265275615510507,-0.0134153158188933,0.1321359846055163,6624.4,0,0,0,S0,20%
2023-04-27,15.28,17.41,2.130000000000001,1.1393979057591623,1.8450964202741005,2.203653433232076,-0.0132888153687218,-0.0135977337110481,0.0259281084266354,6633.49,0,0,0,S0,20%
2023-04-28,15.01,16.17,1.160000000000002,1.07728181212525,0.5090057942200772,1.285697385488688,-0.8719178264231026,-0.0712234348075817,-0.0961430967020681,6723.3,0,0,0,S1,50%
2023-05-04,15.58,17.04,1.459999999999999,1.0937098844672657,0.8398141356787685,1.5109307579110436,-0.2041996768806633,0.0538033395176251,-0.0345609065155807,6733.97,0,0,0,S0,20%
2023-05-05,15.34,17.06,1.7199999999999989,1.1121251629726203,1.1041343507395025,1.6680751409660577,-0.1535093039495037,0.0011737089201877,-0.0201033888569788,6653.65,0,0,0,S0,20%
2023-05-08,16.16,17.04,0.879999999999999,1.0544554455445545,-0.1623890632542862,0.9195044340715828,-0.1313563746548458,-0.0011723329425556,0.0538033395176251,6702.5,0,0,0,S0,20%
2023-05-09,16.32,17.75,1.4299999999999995,1.087622549019608,0.5915344885174342,1.3450241652887591,0.5221927022368799,0.0416666666666667,0.0416666666666667,6611.64,0,0,0,S0,20%
2023-05-10,16.36,17.59,1.2300000000000004,1.0751833740831296,0.276116165661713,1.1481560611738677,0.4312718160998495,-0.0090140845070422,0.0310668229777257,6627.31,0,0,0,S0,20%
2023-05-11,15.91,17.2,1.2899999999999991,1.081081081081081,0.3339218279592643,1.1943743856114322,0.1213318818723676,-0.0221716884593519,0.0093896713615022,6622.52,0,0,0,S0,20%
2023-05-12,16.24,17.51,1.2700000000000031,1.07820197044335,0.2969096237851189,1.145566676643062,0.4661559656525377,0.0180232558139536,-0.0135211267605632,6535.94,0,0,0,S0,20%
2023-05-15,16.14,16.9,0.759999999999998,1.0470879801734818,-0.409808359413064,0.7068268738737857,-0.1314801789785162,-0.03483723586522,-0.0392268334280841,6585.91,0,0,0,S1,50%
2023-05-16,16.34,17.74,1.3999999999999986,1.0856793145654835,0.568243110970237,1.1980010734760096,0.7654910279217605,0.0497041420118342,0.0313953488372091,6516.29,0,0,0,S0,20%
2023-05-17,16.9,17.51,0.610000000000003,1.0360946745562132,-0.5520576003483882,0.5554056412623941,0.5698293143739026,-0.012965050732807,0.0,6554.98,0,0,0,S1,50%
2023-05-18,16.14,17.08,0.9399999999999976,1.0582403965303593,-0.0201480876039587,0.7983829426962583,0.1149331888243908,-0.0245573957738437,0.0106508875739643,6583.74,0,0,0,S1,50%
2023-05-19,15.86,15.75,-0.1099999999999994,0.993064312736444,-1.5201975595368995,-0.0535707886198095,-1.3426944551237785,-0.0778688524590163,-0.1121758737316797,6602.32,0,0,0,S1,50%
2023-05-22,15.53,14.94,-0.5899999999999999,0.9620090148100452,-2.056715581900828,-0.44044700524862,-2.2143995867044004,-0.0514285714285714,-0.1467732724157625,6595.98,0,0,0,S1,50%
2023-05-23,15.84,15.91,0.0700000000000002,1.004419191919192,-1.0604257796215113,0.0940002888198698,-1.0811101089790314,0.0649263721552879,-0.0685011709601872,6528.45,0,0,0,S1,50%
2023-05-24,16.62,15.96,-0.6600000000000001,0.96028880866426,-1.949034071644553,-0.4985958704610045,-0.9888771722355656,0.0031426775612821,0.0133333333333334,6513.18,0,0,0,S1,50%
2023-05-25,16.82499111,16.53,-0.294991109999998,0.9824670867240656,-1.442469720617098,-0.2170949362007004,-0.2656014085031689,0.0357142857142858,0.1064257028112451,6501.0,0,0,0,S1,50%
2023-05-26,16.18,15.57,-0.6099999999999994,0.96229913473424,-1.6362304229773317,-0.5136070757159866,-1.4114188417012337,-0.0580762250453721,-0.021370207416719,6546.41,0,0,0,S1,50%
2023-05-29,16.6,16.36,-0.240000000000002,0.9855421686746988,-1.0818660697922406,-0.2300846942478927,-0.4343033885107883,0.0507385998715477,0.0250626566416038,6534.12,0,0,0,S1,50%
2023-05-30,16.41,15.82,-0.5899999999999999,0.964046313223644,-1.3692425071711678,-0.6112775840305474,-1.145062965156575,-0.033007334963325,-0.0429522081064731,6564.47,0,0,0,S1,50%
2023-05-31,17.87,16.39,-1.4800000000000004,0.9171796306659206,-2.0282008018821878,-1.4102863514505402,-0.4091300848263722,0.0360303413400757,0.052665382145151,6561.65,0,0,0,S1,50%
2023-06-01,16.58,15.85,-0.7299999999999986,0.9559710494571774,-1.1121004916903223,-0.7398555512723818,-1.0635067072836208,-0.0329469188529591,-0.0311735941320293,6574.76,0,0,0,S1,50%
2023-06-02,17.0,12.77,-4.23,0.7511764705882352,-3.1901403877856582,-3.5301786312668595,-4.084901896613031,-0.1943217665615142,-0.1927939317319849,6626.28,0,0,0,S2,80%-100%
2023-06-05,16.63,12.77,-3.86,0.7678893565844859,-2.318370426470498,-2.9645633070334343,-3.552002401612909,0.0,-0.2208663819402074,6632.96,0,0,0,S2,80%-100%
2023-06-06,16.96,15.4,-1.5600000000000005,0.9080188679245282,-0.7697138001121326,-1.194247730519731,-1.061769746621496,0.2059514487079092,-0.0283911671924289,6489.81,0,0,0,S1,50%
2023-06-07,17.25,15.27,-1.9800000000000004,0.8852173913043478,-0.9424269129194972,-1.528082911496308,-1.16134198577686,-0.0084415584415584,0.1957713390759592,6488.56,0,0,0,S1,50%
2023-06-08,17.16,16.27,-0.8900000000000006,0.948135198135198,-0.1698536263274423,-0.7044836631510067,-0.2366900551505168,0.0654878847413229,0.2740798747063431,6442.48,0,0,0,S1,50%
2023-06-09,16.48,14.67,-1.8100000000000005,0.8901699029126213,-0.7115958294980406,-1.4250462471026626,-1.6410938606636647,-0.0983405039950829,-0.0474025974025974,6495.56,0,0,0,S1,50%
2023-06-12,16.47,14.01,-2.459999999999999,0.8506375227686703,-1.0557027981169178,-1.8547956346673964,-2.1174598853242443,-0.0449897750511247,-0.0825147347740667,6530.16,0,0,0,S1,50%
2023-06-13,16.07,13.89,-2.18,0.8643434971997511,-0.7828577558896124,-1.6016019801335288,-2.103644192055788,-0.0085653104925053,-0.1462814996926859,6554.96,0,0,0,S2,80%-100%
2023-06-14,16.32,17.75,1.4299999999999995,1.087622549019608,1.7950500666872098,1.079233428136598,1.1347808214317068,0.2778977681785457,0.2099522835719154,6578.12,0,0,0,S0,20%
2023-06-15,15.66,13.33,-2.33,0.851213282247765,-0.799107978029992,-1.6537009864984038,-2.3984847718925235,-0.2490140845070422,-0.0485367594575303,6613.95,0,0,0,S2,80%-100%
2023-06-16,15.36,13.37,-1.99,0.8704427083333333,-0.4831295286857188,-1.363087200670178,-2.232163960203513,0.0030007501875468,-0.0374370050395969,6669.01,0,0,0,S2,80%-100%
2023-06-19,16.03,13.96,-2.0700000000000003,0.8708671241422333,-0.4888728740493394,-1.3794476956196104,-1.6995797178998195,0.0441286462228871,-0.2135211267605633,6693.3,0,0,0,S2,80%-100%
2023-06-20,15.45,13.87,-1.58,0.8977346278317152,-0.0582119850892534,-1.0098306983455547,-1.6954226575087097,-0.0064469914040116,0.0405101275318828,6693.91,0,0,0,S2,80%-100%
2023-06-21,15.97,14.23,-1.7400000000000002,0.8910457107075767,-0.1429875551202853,-1.1075269452041805,-1.3802526332143623,0.0259552992069214,0.0643231114435303,6548.41,0,0,0,S1,50%
2023-06-26,17.05,16.73,-0.3200000000000003,0.9812316715542522,0.9854732408433824,-0.1360904390389322,0.4262993999979367,0.1756851721714687,0.1984240687679082,6420.97,0,0,0,S1,50%
2023-06-27,16.43,15.66,-0.7699999999999996,0.953134510042605,0.6374515666612368,-0.4597006844450864,-0.3575850324140246,-0.0639569635385535,0.1290555155010815,6507.27,0,0,0,S1,50%
2023-06-28,15.69,15.67,-0.0199999999999995,0.9987253027405992,1.2142727551844965,0.0544275896677136,-0.3495775892075213,0.0006385696040869,0.1011946591707659,6475.51,0,0,0,S1,50%
2023-06-29,15.83855761,15.58,-0.2585576100000004,0.9836754320458604,1.0006724640306026,-0.1177707397834895,-0.4086812275884319,-0.0057434588385449,-0.0687387925881649,6520.04,0,0,0,S1,50%
2023-06-30,15.46,15.07,-0.3900000000000005,0.9747736093143596,0.8388422113884537,-0.2101594675630865,-0.7662146768054348,-0.0327342747111681,-0.0376756066411239,6602.04,0,0,0,S1,50%
2023-07-03,15.09,15.6,0.5099999999999998,1.033797216699801,1.4090653390435952,0.4124674331170843,-0.3756558733069064,0.035169210351692,-0.0044671346522017,6612.88,0,0,0,S1,50%
2023-07-04,14.73,15.52,0.7899999999999991,1.053632043448744,1.5227277041657925,0.5984533794421891,-0.4152211616029878,-0.0051282051282051,-0.0038510911424903,6638.45,0,0,0,S1,50%
2023-07-05,15.01,15.82,0.8100000000000005,1.053964023984011,1.462010445297082,0.6063056010908107,-0.1798375881803272,0.0193298969072166,0.0497677504976774,6584.42,0,0,0,S1,50%
2023-07-06,15.25,16.29,1.0399999999999991,1.0681967213114754,1.4620242270698591,0.7583599617742994,0.1874424141169088,0.029709228824273,0.0442307692307692,6567.08,0,0,0,S1,50%
2023-07-07,15.4,16.44,1.040000000000001,1.0675324675324676,1.3087560614729494,0.757993213571732,0.3170974252930722,0.0092081031307551,0.0592783505154639,6521.43,0,0,0,S1,50%
2023-07-10,15.36,16.79,1.4299999999999995,1.0930989583333333,1.4320782630216382,1.0176048018176975,0.5928754571164397,0.0212895377128952,0.0613147914032869,6526.85,0,0,0,S0,20%
2023-07-11,14.97,15.9,0.9299999999999996,1.062124248496994,0.967257456999013,0.675574812947818,-0.0651495362205885,-0.0530077427039904,-0.0239410681399631,6579.37,0,0,0,S1,50%
2023-07-12,15.22,16.85,1.6300000000000008,1.107095926412615,1.3427682881947305,1.1581735464063765,0.6688741718835441,0.059748427672956,0.0249391727493917,6482.99,0,0,0,S0,20%
2023-07-13,14.87,16.01,1.1400000000000023,1.0766644250168125,0.8963426822059488,0.8277580172818341,0.0340337234402314,-0.0498516320474777,-0.046456223942823,6548.31,0,0,0,S0,20%
2023-07-14,14.8,15.9,1.0999999999999996,1.0743243243243243,0.890270345610395,0.8214601191229749,-0.0358026448533962,-0.0068707058088695,0.0,6544.46,0,0,0,S0,20%
2023-07-17,15.04,16.0,0.9600000000000009,1.0638297872340423,0.7095451164256977,0.7222910551037203,0.0549893731088681,0.0062893081761006,-0.0504451038575668,6516.56,0,0,0,S1,50%
2023-07-18,14.97,15.99,1.0199999999999996,1.0681362725450902,0.6871306551475441,0.7631529381161986,0.0535100993839634,-0.0006249999999999,-0.0012492192379763,6510.03,0,0,0,S1,50%
2023-07-19,15.06,16.4,1.339999999999998,1.088977423638778,0.9260096512297734,0.9642977080294506,0.3578416514209472,0.0256410256410255,0.0314465408805031,6492.35,0,0,0,S0,20%
2023-07-20,15.66,16.0,0.3399999999999998,1.0217113665389528,-0.2202866974135699,0.2683900574736343,0.0396945309691391,-0.0243902439024389,0.0,6408.76,0,0,0,S1,50%
2023-07-21,15.14,15.28,0.1399999999999988,1.0092470277410832,-0.7088979447331804,0.1229756686607932,-0.5194812127741132,-0.045,-0.0444027517198249,6401.42,0,0,0,S1,50%
2023-07-24,14.84,16.0,1.16,1.0781671159029649,0.7084662630163399,0.8174679949896148,0.0566286631200443,0.0471204188481675,-0.0243902439024389,6393.79,0,0,0,S0,20%
2023-07-25,15.31,15.69,0.379999999999999,1.024820378837361,-0.6668688974954606,0.2772874908634167,-0.1616673717074118,-0.019375,-0.019375,6498.27,0,0,0,S1,50%
2023-07-26,15.68,16.05,0.370000000000001,1.0235969387755102,-0.7486669785365159,0.2806534220788569,0.1514153431665102,0.022944550669216,0.050392670157068,6457.25,0,0,0,S1,50%
2023-07-27,15.06360091,16.04,0.9763990899999992,1.0648184385548751,0.2910355869390965,0.730256166808535,0.1641328541469558,-0.0006230529595016,0.0024999999999999,6407.55,0,0,0,S1,50%
2023-07-28,15.20077873,16.11,0.9092212699999996,1.0598141244044017,0.0217872494708431,0.6870338585908853,0.2229855406549278,0.004364089775561,0.0267686424474187,6465.38,0,0,0,S1,50%
2023-07-31,18.36,17.42,-0.9399999999999976,0.94880174291939,-3.151396732515228,-0.6076849258932475,1.2950711699970268,0.0813159528243328,0.0853582554517133,6515.85,0,0,0,S1,50%
2023-08-01,18.36,17.61,-0.75,0.9591503267973857,-2.2642177960806347,-0.4474764023572836,1.4306203268813054,0.0109070034443168,0.0978802992518703,6507.41,0,0,0,S1,50%
2023-08-02,17.77,17.68,-0.0899999999999998,0.9949352841868316,-1.1558923868345317,0.0448213877063425,1.4632807055177843,0.0039750141964793,0.0974549968963376,6496.02,0,0,0,S1,50%
2023-08-03,18.33,17.68,-0.6499999999999986,0.9645390070921986,-1.702523330270008,-0.34292984098598,1.4663187737580403,0.0,0.0149253731343281,6499.54,0,0,0,S1,50%
2023-08-04,17.77,17.68,-0.0899999999999998,0.9949352841868316,-0.866343053378389,0.0880072593185802,1.462531245437512,0.0,0.0039750141964793,6535.32,0,0,0,S1,50%
2023-08-07,18.36,17.61,-0.75,0.9591503267973857,-1.5428486716800116,-0.3826780266276346,1.3909184138142128,-0.0039592760180995,-0.0039592760180995,6503.98,0,0,0,S1,50%
2023-08-08,18.78,17.41,-1.370000000000001,0.9270500532481364,-1.9615492340240284,-0.8210233294396696,1.2341272969161357,-0.0113571834185122,-0.0152714932126696,6471.34,0,0,0,S1,50%
2023-08-09,19.01,17.8,-1.2100000000000009,0.9363492898474488,-1.5965920365506587,-0.675978323102508,1.5134242272169525,0.0224009190120619,0.006787330316742,6420.98,0,0,0,S1,50%
2023-08-10,19.05,17.62,-1.4299999999999995,0.9249343832020998,-1.6231718026280857,-0.8144646483591195,1.3757130753032998,-0.0101123595505617,0.0005678591709257,6426.81,0,0,0,S1,50%
2023-08-11,19.03,18.74,-0.2900000000000027,0.9847609038360482,-0.3254800566048071,0.0699638532198323,2.184810080360877,0.0635641316685582,0.0763928776565192,6304.64,0,0,0,S1,50%
2023-08-14,18.73,19.83,1.099999999999998,1.0587293112653495,1.2085506154271646,1.1344527785565577,2.8002487126574853,0.0581643543223051,0.1140449438202246,6319.41,0,0,0,S0,20%
2023-08-15,18.25,18.42,0.1700000000000017,1.009315068493151,0.2340080742559933,0.4167130757062753,1.7058786440091205,-0.0711043872919816,0.0454029511918274,6261.73,0,0,0,S1,50%
2023-08-16,18.92,19.65,0.7299999999999969,1.038583509513742,0.9553650131061028,0.8244333926847819,2.399669742848137,0.066775244299674,0.0485592315901814,6186.4,0,0,0,S0,20%
2023-08-17,19.11,18.91,-0.1999999999999993,0.989534275248561,-0.1309688975045161,0.1190973542291751,1.81571718995089,-0.0376590330788803,-0.0463943519919313,6247.6,0,0,0,S1,50%
2023-08-18,19.72,20.74,1.0199999999999996,1.0517241379310345,1.2380805667017054,1.019570809346914,2.756640370734211,0.096774193548387,0.1259500542888163,6117.11,0,0,0,S0,20%
2023-08-21,21.02,20.12,-0.8999999999999986,0.9571836346336824,-0.8994075448678773,-0.4242114142396019,2.240521489781441,-0.0298939247830278,0.0239185750636132,6057.17,0,0,0,S1,50%
2023-08-22,20.32,19.37,-0.9499999999999992,0.9532480314960632,-0.8707731238372691,-0.4570294296670121,1.7244138616195677,-0.03727634194831,0.02432575356954,6099.19,0,0,0,S1,50%
2023-08-23,20.53939803,21.18,0.6406019699999987,1.0311889359690256,0.9891442705549992,0.7279527959692509,2.548869764089684,0.0934434692823953,0.0212150433944069,5973.67,0,0,0,S1,50%
2023-08-24,19.76795694,20.0,0.2320430599999987,1.0117383430520563,0.5804926936296032,0.4105362719191357,1.8279576136882971,-0.0557129367327667,-0.0059642147117296,5987.97,0,0,0,S1,50%
2023-08-25,19.800155,20.93,1.1298449999999995,1.0570624320870214,1.6334318115642676,1.0479819187036563,2.176647087773452,0.0464999999999999,0.0805369127516777,5879.03,0,0,0,S0,20%
2023-08-28,20.32,19.37,-0.9499999999999992,0.9532480314960632,-0.8640156789850885,-0.5035116570159102,1.3513033837020958,-0.0745341614906831,-0.0854579792256845,5922.16,0,0,0,S1,50%
2023-08-29,20.61108648,20.97,0.358913519999998,1.0174136147722377,0.6405748672663603,0.4512861974576983,2.055309629569956,0.0826019617965925,0.0484999999999999,6108.76,0,0,0,S1,50%
2023-08-30,20.2,20.97,0.7699999999999996,1.0381188118811882,1.0490440311755589,0.77872803543305,1.985304784145522,0.0,0.0019111323459148,6139.63,0,0,0,S1,50%
2023-08-31,18.71743542,19.48,0.7625645799999994,1.040740868761603,0.9438429298786432,0.7450914177290213,1.2177429293540898,-0.0710538865045302,0.0056788848735156,6104.3,0,0,0,S1,50%
2023-09-01,18.06,19.33,1.2699999999999996,1.0703211517165006,1.370001608714867,1.159250275390802,1.1073138995756069,-0.0077002053388091,-0.0782069623271339,6107.2,0,0,0,S1,50%
2023-09-04,17.58,18.08,0.5,1.0284414106939703,0.4731915581237277,0.4530062462491102,0.4929088384469837,-0.0646663217796171,-0.1378159275154983,6198.76,0,0,0,S1,50%
2023-09-05,17.22,18.41,1.1900000000000013,1.0691056910569106,1.13234925096106,1.0400396164380454,0.6261068055509379,0.0182522123893806,-0.0549281314168378,6167.64,0,0,0,S1,50%
2023-09-06,17.17,18.22,1.0499999999999972,1.0611531741409432,0.8910506307712628,0.8946862124723894,0.5093035733391179,-0.0103204780010864,-0.0574236937402999,6195.38,0,0,0,S1,50%
2023-09-07,17.61,19.33,1.7199999999999989,1.0976717773992049,1.6054626256425024,1.4985687365524816,1.024473116998683,0.0609220636663008,0.0691371681415928,6083.49,0,0,0,S1,50%
2023-09-08,17.99,18.8,0.8100000000000023,1.0450250138966093,0.3768538493131817,0.6361384343722717,0.7483442024504486,-0.0274185204345576,0.0211841390548614,6102.49,0,0,0,S1,50%
2023-09-11,18.06,19.33,1.2699999999999996,1.0703211517165006,0.9594164460969392,1.0714051324645528,0.987039083153906,0.0281914893617019,0.0609220636663008,6182.64,0,0,0,S1,50%
2023-09-12,17.17,18.14,0.9699999999999988,1.0564938846825858,0.5171984307452818,0.7456228916169316,0.3531697339758588,-0.0615623383341954,-0.0615623383341954,6184.61,0,0,0,S1,50%
2023-09-13,17.08,18.41,1.3300000000000018,1.0778688524590163,0.9236482932796776,1.116252124265572,0.4698742597103679,0.0148842337375965,-0.0207446808510638,6103.14,0,0,0,S1,50%
2023-09-14,17.61,19.33,1.7199999999999989,1.0976717773992049,1.273548562110615,1.5172320302282487,0.9464522689464264,0.0499728408473654,0.0,6068.71,0,0,0,S1,50%
2023-09-15,16.85,18.94,2.09,1.1240356083086054,1.5583909654973718,1.9008845095696705,0.704035403838763,-0.0201758923952404,0.0441014332965821,6079.06,0,0,0,S1,50%
2023-09-18,17.15,19.33,2.18,1.1271137026239066,1.549110100675822,1.9070554009000475,0.899440437179829,0.0205913410770852,0.0499728408473654,6083.97,0,0,0,S1,50%
2023-09-19,16.91,16.73,-0.1799999999999997,0.9893554109994086,-1.5049008244035016,-0.7665843127152562,-0.6043755093556501,-0.1345059493016036,-0.1345059493016036,6031.04,0,0,0,S1,50%
2023-09-20,16.56,17.17,0.610000000000003,1.0368357487922708,-0.4439739829352871,0.1209690621070184,-0.3689377047514978,0.026300059772863,-0.0934530095036958,5982.56,0,0,0,S1,50%
2023-09-21,16.89,17.78,0.8900000000000006,1.0526939017169925,-0.1160977910522832,0.4208294936763306,-0.0343072249453242,0.0355270821199766,-0.0801862390067251,5939.66,0,0,0,S1,50%
2023-09-22,16.37,16.85,0.4800000000000004,1.0293219303604155,-0.6281830581189032,-0.0667778410753112,-0.6160961517899176,-0.0523059617547806,0.0071727435744173,6054.93,0,0,0,S1,50%
2023-09-25,17.17,18.22,1.0499999999999972,1.0611531741409432,0.0135387979060029,0.5812412779023236,0.1900533904211103,0.0813056379821957,0.0611531741409432,6027.39,0,0,0,S1,50%
2023-09-26,16.96,17.57,0.6099999999999994,1.0359669811320755,-0.7765545403879504,0.0766558511575846,-0.2352994086838935,-0.035675082327113,-0.0118110236220473,5996.11,0,0,0,S1,50%
2023-09-27,17.06,17.28,0.2200000000000024,1.012895662368113,-1.3462713902155836,-0.3625104520799468,-0.4384001351565673,-0.0165054069436538,0.0255192878338279,6034.06,0,0,0,S1,50%
2023-09-28,16.99307936,16.77,-0.2230793599999998,0.9868723404820255,-1.8198800133533264,-0.8472330257417342,-0.7713464539538635,-0.0295138888888889,-0.0795828759604829,6078.94,0,0,0,S1,50%
2023-10-09,16.22,16.94,0.7200000000000024,1.0443896424167696,-0.349785255681179,0.2453843255448559,-0.6710925434181411,0.0101371496720334,-0.0358565737051792,6059.97,0,0,0,S1,50%
2023-10-10,16.08,16.65,0.5700000000000003,1.0354477611940298,-0.584954630796498,0.0896406224998045,-0.8545985584039038,-0.0171192443919718,-0.0364583333333334,6043.48,0,0,0,S1,50%
2023-10-11,15.63,15.9,0.2699999999999996,1.017274472168906,-0.9507960158156222,-0.2477010588336563,-1.3351900996207933,-0.0450450450450449,-0.0518783542039356,6059.4,0,0,0,S1,50%
2023-10-12,15.31,15.83,0.5199999999999996,1.0339647289353364,-0.535013195639041,0.0668958188242285,-1.3535308887997204,-0.0044025157232704,-0.0655253837072019,6104.46,0,0,0,S2,80%-100%
2023-10-13,15.61,15.49,-0.1199999999999992,0.9923126201153109,-1.3363976028370406,-0.6685521773978033,-1.5513316993627209,-0.0214782059380922,-0.0696696696696695,6081.87,0,0,0,S2,80%-100%
2023-10-16,16.41,16.35,-0.0599999999999987,0.9963436928702012,-1.1408255640920482,-0.5756728179415544,-1.0211364169584467,0.0555196901226597,0.0283018867924529,6024.36,0,0,0,S1,50%
2023-10-17,15.8,16.37,0.5700000000000003,1.0360759493670886,-0.2022768921889288,0.183113452333275,-1.016947343156923,0.001223241590214,0.0341124447252054,6011.37,0,0,0,S1,50%
2023-10-18,15.7,17.1,1.400000000000002,1.0891719745222932,0.938763874786756,1.1590547738731036,-0.5714518795931147,0.0445937690897983,0.1039380245319561,5908.01,0,0,0,S1,50%
2023-10-19,17.95,18.72,0.7699999999999996,1.0428969359331477,0.0941510893060674,0.4265580788491163,0.4469694949101492,0.094736842105263,0.1449541284403668,5842.89,0,0,0,S1,50%
2023-10-20,18.94,19.46,0.5199999999999996,1.027455121436114,-0.1896325569076699,0.1237392418217134,0.8954516831908831,0.0395299145299146,0.188759926695174,5774.32,0,0,0,S1,50%
2023-10-23,19.66,22.23,2.5700000000000003,1.1307222787385554,2.6510912508039657,2.401959524923942,2.5490620291310986,0.1423432682425487,0.2999999999999998,5638.14,0,0,0,S0,20%
2023-10-24,18.29,20.34,2.0500000000000007,1.1120831055221434,1.9736488911837908,1.755352280716069,1.3097709095703636,-0.0850202429149797,0.0865384615384616,5719.32,0,0,0,S0,20%
2023-10-25,16.74,18.57,1.8300000000000016,1.1093189964157708,1.4825942358189323,1.4565051991341498,0.1605785356445722,-0.0870206489675515,-0.0457348406988694,5778.9,0,1,1,S0,20%
2023-10-26,16.13435859,17.91,1.7756414099999986,1.1100534241937905,1.2673673873656637,1.3500726053519434,-0.2933895567830974,-0.035541195476575,-0.194331983805668,5811.69,0,1,1,S0,20%
2023-10-27,15.75687621,17.0,1.2431237900000005,1.0788940506628504,0.533127931788356,0.7705776443851652,-0.9178456700021376,-0.0508096035734226,-0.1642084562438545,5916.68,0,1,1,S1,50%
2023-10-30,16.55,17.25,0.6999999999999993,1.0422960725075527,-0.1976001181408075,0.1925660455161917,-0.7745521644528706,0.0147058823529411,-0.0710823909531502,6006.56,0,0,0,S2,80%-100%
2023-10-31,16.44,17.33,0.889999999999997,1.0541362530413625,0.0646015161901101,0.371175916187185,-0.7186000629741148,0.0046376811594202,-0.0323841429369068,5969.34,0,0,0,S1,50%
2023-11-01,16.24,17.38,1.1400000000000006,1.070197044334975,0.3606212524814747,0.6193158335875201,-0.6809163204053837,0.0028851702250434,0.0223529411764704,5958.42,0,0,0,S1,50%
2023-11-02,15.95,17.35,1.400000000000002,1.0877742946708466,0.6329490679537938,0.8789108260457538,-0.6959931409191441,-0.0017261219792863,0.0057971014492754,5885.25,0,0,0,S1,50%
2023-11-03,15.5,16.82,1.3200000000000005,1.085161290322581,0.4509451314916252,0.7628987515706047,-1.0374331272710495,-0.0305475504322767,-0.0294287362954412,5973.17,0,0,0,S1,50%
2023-11-06,16.34,17.53,1.1900000000000013,1.0728274173806611,0.2326491064583635,0.5947166694032787,-0.5580551366967014,0.0422116527942926,0.0086306098964328,6096.57,0,0,0,S1,50%
2023-11-07,16.08,17.78,1.7000000000000028,1.105721393034826,0.8732760084647864,1.1350775287107169,-0.3924116963797807,0.0142612664004564,0.0247838616714697,6116.76,0,0,0,S0,20%
2023-11-08,16.07,17.32,1.25,1.0777846919726195,0.17227440221827,0.6011569247782134,-0.7001017768849152,-0.0258717660292463,0.0297265160523185,6138.94,0,0,0,S1,50%
2023-11-09,16.13,17.13,1.0,1.0619962802231866,-0.235982478577289,0.2719395742340293,-0.8164966803020789,-0.0109699769053118,-0.0228180262407302,6100.69,0,0,0,S2,80%-100%
2023-11-10,16.33,17.33,1.0,1.0612369871402327,-0.3576614963050902,0.2373830402659835,-0.6782400335319354,0.011675423234092,-0.0253093363329585,6088.56,0,0,0,S2,80%-100%
2023-11-13,16.7,17.37,0.6700000000000017,1.040119760479042,-1.0886652872608098,-0.2319254537053034,-0.634474913339239,0.0023081361800347,0.0028868360277136,6144.63,0,0,0,S2,80%-100%
2023-11-14,16.45,17.6,1.150000000000002,1.0699088145896658,-0.2525569458533077,0.4241896825983958,-0.4598646715985039,0.0132412204951064,0.0274372446001169,6181.98,0,0,0,S2,80%-100%
2023-11-15,16.13,17.08,0.9499999999999992,1.0588964662120273,-0.5965719523822883,0.1335308648801297,-0.7891026102775541,-0.0295454545454547,-0.0144258511252164,6207.27,0,0,0,S2,80%-100%
2023-11-16,15.94,17.15,1.209999999999999,1.075909661229611,-0.1358316994061353,0.4801747823380526,-0.716798919757039,0.0040983606557376,-0.0126655152561889,6145.15,0,0,0,S2,80%-100%
2023-11-17,15.28,16.83,1.549999999999999,1.101439790575916,0.4691385063036182,0.9184558020151992,-0.9027778753802184,-0.0186588921282798,-0.0437500000000001,6199.23,0,0,0,S1,50%
2023-11-20,14.23,16.09,1.8599999999999997,1.1307097680955729,1.4446985754126287,1.31108264805382,-1.3559376847142384,-0.0439691027926321,-0.0579625292740045,6253.28,0,0,0,S1,50%
2023-11-21,14.65,16.66,2.01,1.1372013651877133,1.8514405371265,1.5034030016850233,-0.9423637323421163,0.0354257302672467,-0.0285714285714284,6212.13,0,0,0,S1,50%
2023-11-22,14.97,16.96,1.99,1.1329325317301269,1.7210633142908651,1.4748952703401823,-0.7139314918460872,0.0180072028811524,0.007724301841949,6132.97,0,0,0,S1,50%
2023-11-23,14.53,16.67,2.1400000000000023,1.147281486579491,1.9074293598417755,1.6272038645362328,-0.8899481649446022,-0.0170990566037735,0.036047234307023,6197.53,0,0,0,S1,50%
2023-11-24,14.88,16.51,1.6300000000000008,1.1095430107526882,0.6709132628580068,0.8522981370586804,-0.9713492160835964,-0.0095980803839231,-0.0090036014405761,6115.41,0,0,0,S1,50%
2023-11-27,15.73,17.11,1.379999999999999,1.087730451366815,0.020765037835455,0.4778399663810098,-0.5207604234666141,0.0363416111447605,0.0088443396226414,6111.36,0,0,0,S1,50%
2023-11-28,15.48,16.85,1.370000000000001,1.0885012919896642,-0.0648218659229133,0.4398617669434445,-0.6867800397148958,-0.0151957919345411,0.0107978404319135,6143.3,0,0,0,S2,80%-100%
2023-11-29,15.8,16.99,1.1899999999999975,1.0753164556962025,-0.530839202476123,0.1336413939515546,-0.559841684570762,0.0083086053412462,0.0290732889158085,6113.37,0,0,0,S1,50%
2023-11-30,15.45,16.85,1.400000000000002,1.0906148867313916,0.0051042231007364,0.4544465678211569,-0.6507745089424934,-0.0082401412595642,-0.0151957919345411,6080.55,0,0,0,S1,50%
2023-12-01,15.76,16.75,0.9900000000000002,1.0628172588832487,-0.9736302832818142,-0.2112526972271968,-0.7069870628075889,-0.0059347181008903,-0.0059347181008903,6130.05,0,0,0,S1,50%
2023-12-04,16.58,17.55,0.9700000000000024,1.0585042219541618,-0.9755480210509476,-0.2354288201144214,-0.0112523075468212,0.0477611940298507,0.0329605650382578,6114.39,0,0,0,S1,50%
2023-12-05,18.32,18.54,0.2199999999999988,1.012008733624454,-2.2607903786176995,-1.4233573782716125,0.8247731670578532,0.0564102564102562,0.1002967359050444,5992.6,0,0,0,S1,50%
2023-12-06,17.37,18.12,0.75,1.0431778929188256,-1.0608085963980205,-0.5639136006208821,0.4726344771337828,-0.0226537216828478,0.0817910447761194,6023.8,0,0,0,S1,50%
2023-12-07,17.32,18.22,0.8999999999999986,1.0519630484988451,-0.7403897272713649,-0.3207854038981617,0.5579475596489004,0.0055187637969094,0.0381766381766379,6020.83,0,0,0,S1,50%
2023-12-08,16.81,18.06,1.25,1.074360499702558,-0.0590551371288486,0.2505782117534356,0.4475679579603567,-0.0087815587266739,-0.0258899676375404,6003.14,0,0,0,S1,50%
2023-12-11,17.5,17.8,0.3000000000000007,1.0171428571428571,-1.8426563480028733,-1.2447102934692795,0.2385052023860549,-0.0143964562569213,-0.0176600441501103,6075.08,0,0,0,S1,50%
2023-12-12,16.97,17.54,0.5700000000000003,1.033588685916323,-1.217349686573246,-0.7944763947011942,0.0373715111803811,-0.0146067415730337,-0.0373216245883644,6078.99,0,0,0,S1,50%
2023-12-13,17.61,17.58,-0.0300000000000011,0.9982964224872232,-1.9870761425850805,-1.6732477882023105,0.0818486447110986,0.0022805017103761,-0.026578073089701,6019.55,0,0,0,S1,50%
2023-12-14,17.61,17.58,-0.0300000000000011,0.9982964224872232,-1.723460508782506,-1.604056949184599,0.0948461099337288,0.0,-0.0123595505617979,5991.86,0,0,0,S1,50%
2023-12-15,18.5,17.58,-0.9200000000000016,0.9502702702702702,-2.3981222917798446,-2.715129158750043,0.1242715700188705,0.0,0.0022805017103761,5951.6,0,0,0,S1,50%
2023-12-18,18.14,18.54,0.3999999999999986,1.022050716648291,-0.6692959590775245,-0.8116529777604519,1.0285685200658603,0.0546075085324233,0.0546075085324233,5857.01,0,0,0,S1,50%
2023-12-19,18.5,17.58,-0.9200000000000016,0.9502702702702702,-2.018472797516227,-2.5586446867579427,0.1631213003638714,-0.0517799352750809,0.0,5863.54,0,0,0,S1,50%
2023-12-20,18.96,19.44,0.4800000000000004,1.0253164556962024,-0.280020005304845,-0.6276427755744483,1.8556338237323515,0.1058020477815702,0.1058020477815702,5761.31,0,0,0,S1,50%
2023-12-21,18.04,19.44,1.400000000000002,1.0776053215077606,0.9966158955401276,0.6603597879213362,1.7714360404792768,0.0,0.0485436893203885,5798.91,0,0,0,S1,50%
2023-12-22,17.36,19.19,1.8300000000000016,1.105414746543779,1.5349385596462828,1.2318636869226331,1.493882784084208,-0.0128600823045267,0.091581342434585,5733.91,0,0,0,S0,20%
2023-12-25,16.77,19.31,2.539999999999999,1.1514609421586166,2.130191319108425,2.10131978618708,1.536931333096501,0.0062532569046376,-0.006687242798354,5735.73,0,0,0,S0,20%
2023-12-26,16.78,20.18,3.3999999999999986,1.202622169249106,2.489789050044425,2.9584102816860023,2.182459616099304,0.0450543759709995,0.0380658436213992,5651.59,0,0,0,S0,20%
2023-12-27,16.89,19.71,2.8200000000000003,1.16696269982238,1.6991988414034287,2.1095948935788504,1.7114032616164585,-0.0232903865213082,0.0270974465867639,5696.16,0,0,0,S0,20%
2023-12-28,17.6,19.71,2.1099999999999994,1.1198863636363636,1.009507653316203,1.2155546962945851,1.6399289124448249,0.0,0.0207146556188504,5805.53,0,1,1,S0,20%
2023-12-29,15.9229071,17.87,1.9470929000000008,1.1222825007878117,0.8107019320905172,0.9908057652509502,0.1492367679139211,-0.0933536276002029,-0.114469772051536,5887.24,0,1,1,S1,50%
2024-01-02,16.32,18.04,1.7199999999999989,1.105392156862745,0.5789266791295914,0.6944140171660669,0.2721470951914,0.009513150531617,-0.084728564180619,5854.75,0,0,0,S1,50%
2024-01-03,16.32,17.96,1.6400000000000006,1.1004901960784317,0.4544484261088453,0.57702301838745,0.1910059887605577,-0.0044345898004433,-0.0887874175545408,5824.04,0,0,0,S1,50%
2024-01-04,16.6,18.52,1.9199999999999984,1.1156626506024094,0.6379630011116432,0.8852745775406569,0.6205280540084949,0.0311804008908684,0.0363738108561835,5783.02,0,0,0,S0,20%
2024-01-05,17.12,19.26,2.140000000000001,1.125,0.7603234765757702,1.1137444096222,1.196510971151913,0.0399568034557236,0.0676274944567629,5675.81,0,0,0,S0,20%
2024-01-08,16.89,19.71,2.8200000000000003,1.16696269982238,1.2097506497370878,1.860798905235072,1.5333178161483016,0.0233644859813084,0.0974387527839644,5543.57,0,0,0,S0,20%
2024-01-09,18.46,20.48,2.02,1.1094257854821234,0.5069996199233252,0.8747108305970871,2.0763286166358133,0.0390664637239979,0.1058315334773218,5553.3,0,0,0,S0,20%
2024-01-10,19.0,20.48,1.4800000000000004,1.0778947368421052,0.0340864613016125,0.2006816561977932,1.9801456737920395,0.0,0.063343717549325,5512.07,0,0,0,S1,50%
2024-01-11,18.27,21.46,3.1900000000000013,1.1746031746031746,1.2929880004078569,2.164946687770743,2.568230025813468,0.0478515625,0.0887874175545408,5611.11,0,0,0,S0,20%
2024-01-12,18.25,20.89,2.640000000000001,1.1446575342465757,0.7634333663284805,1.460895172148497,2.0316937854977164,-0.026561043802423,0.02001953125,5574.49,0,0,0,S0,20%
2024-01-15,17.26,20.88,3.619999999999997,1.20973348783314,1.5317188878735002,2.4236457823822444,1.955595144076539,-0.0004786979415989,0.01953125,5559.38,0,0,0,S0,20%
2024-01-16,16.59,21.0,4.41,1.2658227848101269,1.9578414307762144,3.0351878329837656,2.1384624750605057,0.0057471264367816,-0.0214352283317801,5539.47,0,0,0,S0,20%
2024-01-17,19.18,18.84,-0.3399999999999998,0.9822732012513036,-2.3596023267498745,-1.7663453406809335,0.55058475138741,-0.1028571428571428,-0.0981330780277645,5389.12,0,0,0,S1,50%
2024-01-18,18.94,20.71,1.7699999999999996,1.0934530095036958,-0.48381828938899,0.3528876942058631,1.8947765305405813,0.0992569002123142,-0.0081417624521071,5373.42,0,0,0,S1,50%
2024-01-19,17.8,19.83,2.0299999999999976,1.114044943820225,-0.2601638328560156,0.6084554400877801,1.2031847413417347,-0.0424915499758572,-0.0557142857142858,5306.99,0,0,0,S1,50%
2024-01-22,21.61,19.83,-1.7800000000000011,0.917630726515502,-2.905291271621921,-2.918818379721428,1.1625487331305402,0.0,0.0525477707006367,5000.83,0,0,0,S1,50%
2024-01-23,19.67,22.0,2.3299999999999983,1.1184544992374172,0.1765940487218063,0.8588105673068384,2.5438764155494025,0.1094301563287949,0.0622887493964268,5079.63,0,0,0,S0,20%
2024-01-24,18.26,20.29,2.0299999999999976,1.1111719605695507,0.0031923689902491,0.5638780286346882,1.3148012493675978,-0.0777272727272727,0.0231971759959657,5143.41,0,0,0,S1,50%
2024-01-25,17.43875318,23.68,6.241246820000001,1.3578952437470075,2.528992085015858,3.791762328302808,3.2333334835385528,0.1670773780187284,0.1941502773575392,5316.2,0,0,0,S0,20%
2024-01-26,16.97,22.21,5.240000000000002,1.3087802003535651,1.661425531329832,2.7422572762338024,2.184671193724892,-0.0620777027027026,0.0095454545454545,5269.76,0,0,0,S0,20%
2024-01-29,18.13,20.88,2.75,1.1516822945394374,0.2052258739862424,0.8598295671381843,1.341703346670642,-0.0598829356145881,0.0290783637259732,5131.25,0,1,0,S0,20%
2024-01-30,19.5,21.0,1.5,1.0769230769230769,-0.5066414378534102,-0.0717747416392324,1.361263104955134,0.0057471264367816,-0.1131756756756756,4984.66,0,0,0,S1,50%
2024-01-31,21.71,19.12,-2.59,0.8807001381851681,-2.3067974169479624,-2.836642664019325,0.2477639486749348,-0.0895238095238094,-0.1391265195857721,4785.03,0,0,0,S1,50%
2024-02-01,21.91,22.0,0.0899999999999998,1.004107713372889,-0.940441395636481,-0.968323107815224,1.8456209664984364,0.1506276150627614,0.053639846743295,4750.44,0,0,0,S1,50%
2024-02-02,23.72,30.0,6.280000000000001,1.2647554806070826,1.725075858117003,2.9567763269031144,4.877756739586511,0.3636363636363635,0.4285714285714286,4574.67,0,0,0,S0,20%
2024-02-05,24.99,30.5,5.510000000000002,1.2204881952781113,1.2747484137416247,2.3119736198433505,4.1947508064849295,0.0166666666666666,0.5951882845188283,4293.07,0,0,0,S0,20%
2024-02-06,23.5,31.99,8.489999999999998,1.3612765957446809,2.071632290662184,3.568930368353538,3.98540870633537,0.0488524590163934,0.4540909090909091,4592.44,0,0,0,S0,20%
2024-02-07,20.97,36.0,15.03,1.7167381974248928,2.9903727619539078,5.130468700182921,4.28233038267969,0.1253516723976242,0.1999999999999999,4797.85,0,0,0,S0,20%
2024-02-08,20.77,37.44,16.669999999999998,1.80259990370727,2.576087387060547,4.555021022332477,3.932849847698492,0.04,0.2275409836065574,4993.1,0,0,0,S0,20%
2024-02-19,20.93,36.75,15.82,1.7558528428093645,2.00387675373342,3.686540179565881,3.3402023043819544,-0.0184294871794871,0.148796498905908,5029.59,0,0,0,S0,20%
2024-02-20,19.08,30.88,11.8,1.618448637316562,1.1576589509056008,2.396850298306182,2.025362008282076,-0.1597278911564625,-0.1422222222222222,5046.01,1,1,1,S0,20%
2024-02-21,19.45,30.84,11.39,1.5856041131105398,0.9970920288702784,2.155949950690488,1.9188350268024572,-0.0012953367875647,-0.1762820512820512,5073.48,1,1,1,S0,20%
2024-02-22,20.55,31.33,10.779999999999998,1.524574209245742,0.8070685414947552,1.9031514714835196,1.9142756955749465,0.015888456549935,-0.1474829931972789,5151.53,1,1,1,S0,20%
2024-02-23,21.11,31.36,10.25,1.485551871151113,0.6459287489289803,1.6967793055367308,1.8297078694803623,0.0009575486753909,0.0155440414507772,5225.67,0,1,1,S0,20%
2024-02-26,20.45,31.52,11.07,1.541320293398533,0.710891161037442,1.8051649959047584,1.7752238197904109,0.0051020408163264,0.0220492866407262,5255.4,0,0,0,S0,20%
2024-02-27,20.2,29.64,9.44,1.4673267326732673,0.3551138726221776,1.3751510930524724,1.3850417557439432,-0.0596446700507613,-0.0539419087136928,5394.03,0,0,0,S0,20%
2024-02-28,20.67,33.51,12.839999999999996,1.6211901306240926,0.8859784556796179,2.036322048257437,1.96843112654654,0.130566801619433,0.0685586734693877,5152.05,0,0,0,S0,20%
2024-02-29,19.44217792,31.58,12.13782208,1.624303621227225,0.6783470652982707,1.7936418957535591,1.5692886664259844,-0.0575947478364666,0.0019035532994924,5344.61,0,0,0,S0,20%
2024-03-01,18.97,31.62,12.650000000000002,1.6668423827095415,0.7081515639541565,1.814057693590252,1.5149269174225273,0.0012666244458519,0.0668016194331984,5401.94,0,0,0,S0,20%
2024-03-04,19.16,32.84,13.680000000000003,1.7139874739039669,0.8167381859846257,1.9271912088585956,1.649133456547657,0.038583175205566,-0.0199940316323483,5428.34,0,0,0,S0,20%
2024-03-05,18.17,33.03,14.86,1.817831590533847,0.9395329250723432,2.0493047791321946,1.6129930391079863,0.0057856272838001,0.0459151361621279,5375.13,0,0,0,S0,20%
2024-03-06,17.22,31.09,13.87,1.8054587688734032,0.6763991108508287,1.7700551475164992,1.2511466297416236,-0.0587344838026037,-0.0167615433270083,5381.46,0,0,0,S1,50%
2024-03-07,16.7,30.96,14.260000000000002,1.8538922155688624,0.7343884877688965,1.7620977779290827,1.1881390471103654,-0.0041814088131231,-0.0572472594397077,5303.28,0,0,0,S1,50%
2024-03-08,16.26,27.74,11.479999999999997,1.7060270602706025,-0.1472984660787388,1.197757006552456,0.6452126445222008,-0.1040051679586564,-0.1601574326369967,5370.37,0,0,0,S2,80%-100%
2024-03-11,16.42,26.99,10.569999999999997,1.6437271619975635,-0.5849066766254452,0.9947108822207298,0.5026703936186652,-0.0270367700072098,-0.1318752010292698,5466.65,0,0,0,S2,80%-100%
2024-03-12,16.4,26.4,10.0,1.6097560975609757,-1.0537988657751547,0.8602609580340397,0.3867273024466169,-0.0218599481289366,-0.1472868217054264,5496.36,0,0,0,S2,80%-100%
2024-03-13,16.34,26.4,10.06,1.6156670746634023,-1.1215581307621794,0.8424802521559175,0.3661613483092995,0.0,-0.0483056957462149,5521.78,0,0,0,S2,80%-100%
2024-03-14,16.07,25.4,9.329999999999998,1.580584940883634,-1.322143522009956,0.6820607140621728,0.1815477057444855,-0.0378787878787878,-0.0589107076695072,5486.65,0,0,0,S2,80%-100%
2024-03-15,15.88,25.66,9.78,1.6158690176322417,-1.0610776679278533,0.7391915072382372,0.2045732946190576,0.0102362204724411,-0.0280303030303029,5555.64,0,0,0,S2,80%-100%
2024-03-18,15.94,25.44,9.500000000000002,1.5959849435382687,-1.1548813363900337,0.6614348798946232,0.1471743340450239,-0.0085736554949337,-0.0363636363636362,5648.01,0,0,0,S2,80%-100%
2024-03-19,15.72,25.58,9.859999999999998,1.6272264631043256,-0.8712144759662115,0.7028300082586035,0.1501268736824492,0.0055031446540878,0.0070866141732284,5607.48,0,0,0,S2,80%-100%
2024-03-20,15.85,25.32,9.47,1.5974763406940065,-1.008874212716299,0.6041549616283061,0.086691254062752,-0.0101641907740421,-0.0132501948558066,5659.15,0,0,0,S2,80%-100%
2024-03-21,15.74,25.23,9.49,1.6029224904701398,-0.9403910040060464,0.5827952809676056,0.049523284744547,-0.0035545023696682,-0.0082547169811321,5658.28,0,0,0,S2,80%-100%
2024-03-22,16.52,25.11,8.59,1.5199757869249395,-1.323524314147046,0.3853826122389425,0.0117712743343674,-0.004756242568371,-0.0183737294761532,5595.88,0,0,0,S2,80%-100%
2024-03-25,16.3,25.78,9.48,1.58159509202454,-0.8067664502143312,0.5375944543991636,0.1131289144367493,0.0266825965750696,0.018167456556082,5466.06,0,0,0,S2,80%-100%
2024-03-26,15.84,26.45,10.61,1.6698232323232325,-0.2667803352514427,0.7350984833649588,0.2136671793949268,0.025989138867339,0.0483551327784383,5447.75,0,0,0,S1,50%
2024-03-27,16.32,30.46,14.14,1.866421568627451,1.4638852879497544,1.384175901128779,0.90911873181555,0.1516068052930057,0.2130625248904818,5266.23,0,0,0,S0,20%
2024-03-28,15.4851118,27.76,12.2748882,1.7926896724116643,0.5337158141483372,0.984303300883693,0.3982264501968693,-0.0886408404464871,0.0768037238169123,5382.24,0,0,0,S1,50%
2024-03-29,15.03,27.76,12.730000000000002,1.8469727212242184,0.7560741111131206,1.038202410305374,0.3769969829681338,0.0,0.0495274102079394,5441.26,0,0,0,S0,20%
2024-04-01,15.03,25.88,10.85,1.7218895542248835,-0.1086008053023313,0.6459544186819515,0.0112522200647025,-0.0677233429394813,-0.1503611293499672,5559.06,0,0,0,S2,80%-100%
2024-04-02,14.74,25.98,11.24,1.762550881953867,0.2098562674951231,0.6966382429177931,0.0047851305905612,0.0038639876352395,-0.064121037463977,5531.05,0,0,0,S1,50%
2024-04-03,14.64,25.46,10.82,1.739071038251366,0.0594563411191833,0.5889742977235061,-0.1199500456222683,-0.0200153964588144,-0.0828530259365994,5500.93,0,0,0,S1,50%
2024-04-08,15.02,26.94,11.920000000000002,1.793608521970706,0.9598009928558804,0.7808522828007902,0.1410740146402822,0.0581304006284368,0.0409582689335394,5399.91,0,0,0,S1,50%
2024-04-09,14.92,26.44,11.52,1.772117962466488,0.6646567328459841,0.6743550111408039,0.0161497975084265,-0.0185597624350408,0.0177059276366435,5468.91,0,0,0,S1,50%
2024-04-10,14.81,26.44,11.63,1.7852802160702228,0.696821324472367,0.6708182760464945,-0.0082052419580854,0.0,0.0384917517674783,5367.05,0,0,0,S1,50%
2024-04-11,14.64,25.6,10.96,1.7486338797814207,0.1794839292037576,0.5100984817031656,-0.2048471135129019,-0.0317700453857791,-0.0497401633259094,5379.92,0,0,0,S1,50%
2024-04-12,14.94,25.25,10.31,1.6900937081659977,-0.3025499976156293,0.3520533940378292,-0.298812293385064,-0.013671875,-0.0450075642965204,5338.77,0,0,0,S1,50%
2024-04-15,15.5,27.22,11.72,1.7561290322580645,0.6490862558131839,0.6226108533126969,0.0970114880501702,0.0780198019801978,0.0295007564296518,5287.51,0,0,0,S1,50%
2024-04-16,16.14,32.01,15.869999999999996,1.983271375464684,2.7300170833456763,1.455026791513386,1.0924844491352097,0.1759735488611316,0.2503906249999998,5066.66,0,0,0,S0,20%
2024-04-17,15.41,29.47,14.06,1.91239454899416,1.4908367002244645,1.0372770060507217,0.5202126921499409,-0.0793502030615432,0.167128712871287,5287.46,0,0,0,S0,20%
2024-04-18,16.8,26.45,9.65,1.574404761904762,-0.9487915434440704,0.074205799942447,-0.162357805000497,-0.1024770953512046,-0.0282880235121234,5286.72,0,0,0,S1,50%
2024-04-19,17.4,26.4,9.0,1.517241379310345,-1.2747802130786887,-0.0838078889107648,-0.1965820206258426,-0.0018903591682419,-0.1752577319587629,5264.39,0,0,0,S1,50%
2024-04-22,15.56,28.24,12.679999999999998,1.8149100257069408,0.6514900890681963,0.6977082638743872,0.189055012951038,0.0696969696969695,-0.0417373600271462,5246.08,0,0,0,S1,50%
2024-04-23,15.19,27.45,12.26,1.8071099407504936,0.3420592898890011,0.577194249308866,-0.0215341671362452,-0.0279745042492917,0.0378071833648392,5218.43,0,0,0,S1,50%
2024-04-24,14.92,26.44,11.52,1.772117962466488,-0.1680521909181926,0.3788075248876422,-0.2965879894786443,-0.0367941712204006,0.0015151515151516,5305.61,0,0,0,S1,50%
2024-04-25,14.88,26.27,11.39,1.7654569892473118,-0.2775651550126166,0.3172618348679019,-0.3761787168901203,-0.0064296520423601,-0.0697592067988668,5313.99,0,0,0,S1,50%
2024-04-26,14.95670132,24.84,9.88329868,1.6607940125664018,-1.1289602741637923,-0.1051877245113357,-0.7599271818771096,-0.0544347164065474,-0.0950819672131146,5415.94,0,0,0,S2,80%-100%
2024-04-29,16.24,25.72,9.48,1.583743842364532,-1.2497270301059065,-0.2561248467648072,-0.5746871498987712,0.0354267310789049,-0.027231467473525,5545.23,0,0,0,S2,80%-100%
2024-04-30,15.02,24.89,9.87,1.6571238348868176,-0.9102520138982788,-0.1665835912129109,-0.8034083499984072,-0.0322706065318817,-0.0525314046440806,5497.43,0,0,0,S2,80%-100%
2024-05-06,16.01,26.02,10.009999999999998,1.6252342286071204,-0.7851443435416449,-0.1524248511673947,-0.5295721440990533,0.0453997589393331,0.0475040257648953,5606.84,0,0,0,S2,80%-100%
2024-05-07,15.2,25.52,10.32,1.6789473684210527,-0.5617574755974729,-0.1044215490760426,-0.705402377004766,-0.0192159877017679,-0.0077760497667185,5625.34,0,0,0,S2,80%-100%
2024-05-08,14.96,24.8,9.84,1.6577540106951871,-0.8102540699748634,-0.3100214802177368,-0.9480399079634776,-0.0282131661442005,-0.0036159100040176,5536.66,0,0,0,S2,80%-100%
2024-05-09,15.02,24.83,9.81,1.6531291611185086,-0.7568150691874481,-0.4660149007808052,-1.0176538663194592,0.0012096774193548,-0.0457340507302075,5626.83,0,0,0,S2,80%-100%
2024-05-10,14.89,24.81,9.919999999999998,1.6662189388851576,-0.6382389137547526,-0.5833968228487254,-1.0600310201089918,-0.0008054772452678,-0.0278213166144201,5574.23,0,0,0,S2,80%-100%
2024-05-13,14.64,25.46,10.82,1.739071038251366,-0.0874186959084191,-0.2108534443169311,-0.8342193532230952,0.0261991132607819,0.0266129032258064,5520.8,0,0,0,S2,80%-100%
2024-05-14,14.79,25.56,10.77,1.7281947261663286,-0.1111956830743563,-0.298149316060987,-0.777728581588898,0.0039277297721915,0.0293999194522756,5551.68,0,0,0,S2,80%-100%
2024-05-15,14.85,25.61,10.76,1.7245791245791249,-0.1307667613252933,-0.3291028757067324,-0.735527042184464,0.0019561815336464,0.0322450624748085,5497.23,0,0,0,S2,80%-100%
2024-05-16,14.35,24.51,10.160000000000002,1.70801393728223,-0.4386767401061509,-0.62300620859116,-1.0626240233160384,-0.0429519718859819,-0.0373134328358208,5488.95,0,0,0,S2,80%-100%
2024-05-17,14.08,23.42,9.340000000000002,1.663352272727273,-0.9804570250240604,-1.0781298122100929,-1.4396435669885586,-0.0444716442268461,-0.0837245696400624,5563.23,0,0,0,S2,80%-100%
2024-05-20,14.74,24.0,9.26,1.6282225237449115,-1.085636951130144,-1.1237205757807378,-1.264319958886194,0.0247651579846284,-0.06286606794221,5596.78,0,0,0,S2,80%-100%
2024-05-21,13.84,23.76,9.920000000000002,1.716763005780347,-0.4375970080021087,-0.6922320422735926,-1.3104028762006403,-0.0099999999999998,-0.0305997552019583,5536.74,0,0,0,S2,80%-100%
2024-05-28,13.84,23.76,9.920000000000002,1.716763005780347,-0.5081013382582535,-0.674653824015584,-1.2685252880494318,0.0,0.0145175064047822,5348.03,0,0,0,S1,50%
2024-06-03,13.92,22.78,8.860000000000001,1.636494252873563,-1.618154757088336,-1.291359199467348,-1.5844735648100392,-0.0412457912457913,-0.0508333333333332,5284.62,0,0,0,S1,50%
2024-06-04,13.71,22.81,9.099999999999998,1.6637490882567467,-1.3302483466421389,-1.122977386003477,-1.5249316326482751,0.0013169446883229,-0.0399831649831651,5313.71,0,0,0,S1,50%
2024-06-05,13.79,23.55,9.760000000000002,1.707759245830312,-0.3198756291412052,-0.7083228288378042,-1.2125734191411572,0.0324419114423499,-0.0088383838383838,5244.09,0,0,0,S1,50%
2024-06-06,14.05,25.33,11.279999999999998,1.802846975088968,2.1689487791142525,0.1881359433578537,-0.5054658795764443,0.0755838641188959,0.1119402985074624,5130.87,0,0,0,S1,50%
2024-06-07,14.11,24.28,10.170000000000002,1.720765414599575,0.3287701116790393,-0.4609169953637485,-0.9040329362003348,-0.041452822739834,0.0644454186760195,5153.59,0,0,0,S1,50%
2024-06-11,14.86,24.08,9.22,1.620457604306864,-1.174159404966349,-1.0073758810903843,-0.9645542801906244,-0.0082372322899506,0.0225053078556263,5198.92,0,0,0,S1,50%
2024-06-12,14.36,24.08,9.72,1.6768802228412256,-0.3628389113981792,-0.6776697511915791,-0.9457483962721448,0.0,-0.0493485984998025,5216.46,0,0,0,S1,50%
2024-06-13,13.93,22.89,8.96,1.6432160804020102,-1.4053275836205463,-1.1125999452045603,-1.4820420041815463,-0.0494186046511626,-0.0572487644151565,5180.24,0,0,0,S1,50%
2024-06-14,13.8,22.19,8.39,1.6079710144927537,-1.9118630619099668,-1.4589050456875816,-1.8501882375260197,-0.0305810397553516,-0.0784883720930231,5180.65,0,0,0,S1,50%
2024-06-17,13.89,22.51,8.620000000000001,1.6205903527717782,-1.4287723387678344,-1.2846117614843064,-1.6799829418241794,0.0144209103199639,-0.0651993355481725,5183.97,0,0,0,S1,50%
2024-06-18,13.87,22.13,8.26,1.5955299206921414,-1.6497397790817492,-1.509599883700829,-1.8688122207644209,-0.0168813860506442,-0.0332022717343818,5227.25,0,0,0,S1,50%
2024-06-19,14.01,22.77,8.76,1.6252676659528908,-0.9687992979849211,-1.1266165513691364,-1.4680639670169782,0.0289200180750113,0.0261378999549346,5159.99,0,0,0,S1,50%
2024-06-20,14.09,23.03,8.940000000000001,1.6344925479063166,-0.683381631683557,-0.9769431551208334,-1.2819053385540993,0.0114185331576637,0.0231008440693025,5056.14,0,0,0,S1,50%
2024-06-21,13.56,22.7,9.14,1.6740412979351031,-0.367935668107145,-0.8271537361391752,-1.4031519175962006,-0.0143291359096831,0.025756891098057,5055.33,0,0,0,S1,50%
2024-06-24,13.49,24.63,11.14,1.8257968865826537,2.071122629455002,0.5087739355348421,-0.3785156420293577,0.085022026431718,0.0816864295125163,4887.78,0,0,0,S1,50%
2024-06-25,14.21,25.22,11.009999999999998,1.7748064743138632,1.7350457937325932,0.403591210513304,-0.0679139814130185,0.0239545269995939,0.0950933564915326,4847.61,0,0,0,S1,50%
2024-06-26,13.54,24.15,10.61,1.7836041358936483,1.1614561258441984,0.1243316960729912,-0.6132963547866099,-0.0424266455194289,0.0638766519823788,4986.38,0,0,0,S1,50%
2024-06-27,13.3836467,24.52,11.1363533,1.8320866165721483,1.530750768230446,0.4625325089920845,-0.4114954273875074,0.0153209109730849,-0.0044660982541615,4864.09,0,0,0,S1,50%
2024-06-28,12.74754559,24.3,11.55245441,1.9062493111664172,1.717963847293463,0.7229709825605414,-0.514000463705535,-0.0089722675367046,-0.0364789849325931,4895.99,0,0,0,S1,50%
2024-07-01,12.8,24.45,11.65,1.91015625,1.6022057860007486,0.7635241808201181,-0.4277310045733277,0.0061728395061728,0.0124223602484472,4940.25,0,0,0,S1,50%
2024-07-02,12.4,23.8,11.4,1.9193548387096773,1.241698955207385,0.5741903782317561,-0.7493816123371514,-0.0265848670756645,-0.029363784665579,4905.65,0,0,0,S1,50%
2024-07-03,12.1,23.02,10.92,1.9024793388429757,0.7545303667858934,0.2271544811187703,-1.1222940190697497,-0.0327731092436974,-0.0526748971193415,4867.13,0,0,0,S1,50%
2024-07-04,12.13,23.03,10.9,1.898598516075845,0.6812006797693615,0.1981440186758949,-1.08340245132775,0.0004344048653346,-0.0580777096114518,4761.87,0,0,0,S1,50%
2024-07-05,12.93,22.5,9.57,1.740139211136891,-0.3731262726888131,-0.7028482967590824,-1.3038017502230332,-0.0230134607034303,-0.0546218487394958,4810.79,0,0,0,S1,50%
2024-07-08,13.82,23.2,9.38,1.678726483357453,-0.4994823478805528,-0.8169705562480829,-0.9463230390802182,0.031111111111111,0.0078192875760207,4693.96,0,0,0,S1,50%
2024-07-09,13.33,23.33,9.999999999999998,1.7501875468867216,-0.0025437986493192,-0.3481425585090822,-0.8489316206815879,0.005603448275862,0.0130264871906207,4797.06,0,0,0,S1,50%
2024-07-10,14.2,23.33,9.13,1.6429577464788732,-0.7203133267757873,-0.9534810478455348,-0.8213271261635413,0.0,0.0368888888888887,4777.68,0,0,0,S1,50%
2024-07-11,13.0,23.57,10.57,1.813076923076923,0.4476583110354582,0.1163141347597362,-0.6685707881026326,0.0102871838834119,0.015948275862069,4893.59,0,0,0,S1,50%
2024-07-12,12.46,23.26,10.8,1.86677367576244,0.5717147370785307,0.2929162727227501,-0.8112181259332575,-0.0131523122613491,-0.0030004286326617,4878.02,0,0,0,S1,50%
2024-07-15,12.39,22.73,10.34,1.83454398708636,0.0771399847828786,-0.0428998501808689,-1.0657088062154574,-0.0227858985382631,-0.0257179597085297,4827.6,0,0,0,S1,50%
2024-07-16,12.27,22.16,9.89,1.8060309698451509,-0.4892410913494278,-0.3558754115727802,-1.3266929998277452,-0.0250769907611086,-0.0598218073822656,4836.72,0,0,0,S1,50%
2024-07-17,12.6,22.76,10.160000000000002,1.8063492063492064,-0.2972862591961092,-0.136953307886299,-0.9708970127606796,0.0270758122743683,-0.0214961306964746,4795.62,0,0,0,S1,50%
2024-07-18,13.09,23.76,10.670000000000002,1.8151260504201685,0.2215198492966134,0.2626017061561422,-0.4117021000935053,0.0439367311072056,0.0453145622525297,4812.43,0,0,0,S1,50%
2024-07-19,13.41,22.94,9.53,1.7106636838180462,-1.330162673269958,-0.5869185811671178,-0.8297654807553259,-0.0345117845117844,0.0351985559566787,4821.42,0,0,0,S1,50%
2024-07-22,13.3,23.39,10.09,1.7586466165413532,-0.5118554510164918,-0.1580021147472375,-0.5690235082863871,0.0196163905841324,0.0276801405975395,4826.87,0,0,0,S1,50%
2024-07-23,12.95,23.79,10.84,1.837065637065637,0.5263186054427157,0.4273583837628783,-0.3283314209587423,0.0171013253527148,0.001262626262626,4694.95,0,0,0,S1,50%
2024-07-24,13.08,23.73,10.65,1.8142201834862384,0.2623339330927146,0.4207613390640563,-0.3415670489341446,-0.0025220680958385,0.0344376634699215,4631.01,0,0,0,S1,50%
2024-07-25,12.46,23.64,11.18,1.8972712680577848,0.9840817592711444,1.0729479702978242,-0.3770073684503355,-0.0037926675094817,0.0106883283454468,4632.57,0,0,0,S0,20%
2024-07-26,13.82,23.2,9.38,1.678726483357453,-1.3485483135013403,-0.7913921825947644,-0.6756008742887588,-0.0186125211505923,-0.024800336275746,4702.08,0,0,0,S1,50%
2024-07-29,14.22,23.08,8.859999999999998,1.6230661040787622,-1.861650560459046,-1.3238604197899932,-0.7402706961417301,-0.0051724137931035,-0.0273914875684787,4685.65,0,0,0,S1,50%
2024-07-30,14.6,22.82,8.22,1.563013698630137,-2.2988152929401235,-1.963989996330044,-0.9539562878766098,-0.0112651646447139,-0.0346869712351946,4702.49,0,0,0,S1,50%
2024-07-31,13.69,23.71,10.02,1.7319211102994887,0.0142611252916975,-0.0106513594964522,-0.1640433781925306,0.0390008764241893,0.0219827586206897,4889.08,0,0,0,S1,50%
2024-08-01,13.77,23.23,9.46,1.6870007262164126,-0.635396251664876,-0.6107001992325303,-0.5800359173663239,-0.0202446225221425,0.0064991334488735,4878.29,0,0,0,S1,50%
2024-08-02,14.49,23.57,9.08,1.62663906142167,-1.0797093714393868,-1.01385224165165,-0.222084576632763,0.0146362462333189,0.032865907099036,4809.89,0,0,0,S1,50%
2024-08-05,17.5,26.46,8.96,1.512,-1.1765096220956903,-1.122508064459929,2.528718642493219,0.1226134917267713,0.1159848165331083,4678.78,0,0,0,S1,50%
2024-08-06,16.96,25.4,8.439999999999998,1.497641509433962,-1.6067578469567712,-1.6606542845890844,1.5326166803163213,-0.0400604686318972,0.0934136891950063,4749.95,0,0,0,S1,50%
2024-08-07,15.22,24.47,9.249999999999998,1.6077529566360051,-0.6698537485018825,-0.739174714669813,0.645172609387908,-0.0366141732283464,0.0381841323716587,4743.41,0,0,0,S1,50%
2024-08-08,14.28,23.77,9.49,1.6645658263305323,-0.3302741211118558,-0.4614049160967107,0.0018559614657268,-0.0286064568859828,-0.1016628873771731,4739.49,0,0,0,S1,50%
2024-08-09,13.98,23.53,9.55,1.6831187410586552,-0.191576240975725,-0.3806473884035784,-0.2133113142075381,-0.0100967606226335,-0.0736220472440943,4702.75,0,0,0,S1,50%
2024-08-12,14.04,23.33,9.29,1.6616809116809117,-0.4568998293434089,-0.6572644918957624,-0.3996334992638659,-0.0084997875053124,-0.046587658357172,4674.1,0,0,0,S1,50%
2024-08-13,14.07,23.35,9.28,1.6595593461265103,-0.4298056255920936,-0.6561465864650147,-0.3566084463975249,0.0008572653236178,-0.0176693310896086,4697.59,0,0,0,S1,50%
2024-08-14,14.28,23.77,9.49,1.6645658263305323,-0.1235425054082671,-0.4157070559911959,0.1091161965558678,0.0179871520342611,0.0101997450063748,4649.28,0,0,0,S1,50%
2024-08-15,14.04,23.33,9.29,1.6616809116809117,-0.3073323863910051,-0.6120204058405126,-0.3363477836165487,-0.0185107278081616,0.0,4691.85,0,0,0,S1,50%
2024-08-16,13.55,22.5,8.95,1.6605166051660516,-0.7170360457752613,-0.956907049536328,-1.2348901495202471,-0.0355765109301328,-0.0364025695931478,4655.65,0,0,0,S1,50%
2024-08-19,13.62,22.2,8.58,1.629955947136564,-1.0915157358414171,-1.3202905169235617,-1.5540911106920856,-0.0133333333333334,-0.0660496424063946,4663.61,0,0,0,S1,50%
2024-08-20,13.48,21.91,8.43,1.6253709198813056,-1.2067845570755575,-1.4305399811179198,-1.811428657589066,-0.013063063063063,-0.0608658379768537,4579.3,0,0,0,S1,50%
2024-08-21,13.57,22.5,8.93,1.658069270449521,-0.4302751473853469,-0.8752295540784428,-1.1021501660044029,0.0269283432222728,0.0,4548.26,0,0,0,S1,50%
2024-08-22,13.77,22.87,9.1,1.6608569353667395,-0.0056300361807979,-0.6872459809130017,-0.6583812982158331,0.0164444444444444,0.0301801801801802,4491.84,0,0,0,S1,50%
2024-08-23,13.3,22.68,9.38,1.7052631578947368,0.6249340160691416,-0.3748674633547586,-0.8500059392976254,-0.0083078268473983,0.035143769968051,4495.34,0,0,0,S1,50%
2024-08-26,13.2,22.53,9.330000000000002,1.706818181818182,0.4605244656714093,-0.4177258914766151,-0.989587240260912,-0.0066137566137565,0.0013333333333334,4512.89,0,0,0,S1,50%
2024-08-27,12.95,22.55,9.6,1.7413127413127414,1.0130166369352305,-0.1410841774904529,-0.959250331300042,0.0008877052818463,-0.0139921294271971,4459.68,0,0,0,S1,50%
2024-08-28,13.07,22.5,9.43,1.7214996174445294,0.7451295504158583,-0.3326036691626848,-1.0045786745488128,-0.0022172949002217,-0.0079365079365079,4470.55,0,0,0,S1,50%
2024-08-29,13.0805701,21.85,8.769429900000002,1.670416490486145,-1.0088004814769285,-1.0244627411083156,-1.6580276005971828,-0.0288888888888888,-0.0301819795827784,4542.46,0,0,0,S1,50%
2024-08-30,12.78195592,20.53,7.748044080000001,1.6061704584567211,-2.779433563737965,-2.0381517328860066,-2.898621026531755,-0.0604118993135011,-0.0895787139689578,4629.32,0,0,0,S2,80%-100%
2024-09-02,14.05558997,21.89,7.834410030000001,1.5573874911491887,-2.142816903246692,-1.852151981183175,-1.4176819472029067,0.0662445202143204,-0.027111111111111,4532.51,0,0,0,S1,50%
2024-09-03,13.55,22.4,8.849999999999998,1.6531365313653137,-0.3351880570406177,-0.7899082108377538,-0.8577400941002957,0.0232983097304704,0.0251716247139586,4572.4,0,0,0,S1,50%
2024-09-04,14.11,21.82,7.710000000000001,1.5464209780297662,-2.050656848326048,-1.8732562851135133,-1.4074519704543351,-0.025892857142857,0.0628348757915244,4550.77,0,0,0,S1,50%
2024-09-05,13.87,21.59,7.720000000000001,1.5565969718817592,-1.7577426145029909,-1.7965753593494624,-1.58770037772076,-0.0105407882676443,-0.0137048880767474,4586.78,0,0,0,S2,80%-100%
2024-09-06,14.49,23.57,9.08,1.62663906142167,0.3801260542998732,-0.4850185947873335,0.3882418189466232,0.0917091245947197,0.0522321428571428,4508.23,0,0,0,S1,50%
2024-09-09,13.62,22.8,9.18,1.6740088105726874,0.5501206755046275,-0.3981920195678643,-0.3996509208463098,-0.0326686465846415,0.0449129239230063,4475.53,0,0,0,S1,50%
2024-09-10,15.66,22.67,7.010000000000002,1.4476372924648788,-2.3140165704292133,-2.432542462088433,-0.5453232313868497,-0.0057017543859648,0.0500231588698472,4487.58,0,0,0,S1,50%
2024-09-11,16.2,26.46,10.260000000000002,1.6333333333333335,1.8783777517060465,0.6438329668826,3.0169694701486174,0.1671812968681076,0.1226134917267713,4486.01,0,0,0,S1,50%
2024-09-12,15.45,21.96,6.510000000000002,1.421359223300971,-2.262868537456394,-2.7170413864965752,-1.198195442377171,-0.1700680272108843,-0.0368421052631579,4468.74,0,0,0,S1,50%
2024-09-13,15.1,22.4,7.299999999999999,1.4834437086092715,-1.2708446075366788,-1.9205608685965097,-0.7809228529054808,0.0200364298724953,-0.0119100132333481,4413.19,0,0,0,S1,50%
2024-09-18,14.72,22.17,7.450000000000001,1.5061141304347827,-1.027423887417723,-1.721915293852071,-0.9628708746450144,-0.010267857142857,-0.1621315192743764,4399.13,0,0,0,S1,50%
2024-09-19,14.26,22.31,8.049999999999999,1.564516129032258,-0.4087517648858511,-1.1681568956761674,-0.8073498120346584,0.0063148398737029,0.0159380692167576,4482.27,0,0,0,S1,50%
2024-09-20,13.59,20.96,7.370000000000001,1.542310522442973,-0.984387613239196,-1.6819034797465555,-1.9969006226194173,-0.0605109816225907,-0.0642857142857141,4463.36,0,0,0,S1,50%
2024-09-23,13.05,22.2,9.15,1.7011494252873562,0.7396873921282701,-0.1445191902490587,-0.8102163472038572,0.0591603053435114,0.0013531799729362,4469.13,0,0,0,S1,50%
2024-09-24,16.54,22.33,5.789999999999999,1.3500604594921402,-2.092615378257879,-2.851153442255463,-0.6619848409890384,0.0058558558558559,0.0008964589870013,4642.56,0,0,0,S2,80%-100%
2024-09-25,18.06,21.96,3.900000000000002,1.2159468438538208,-2.741703143645906,-3.858103805440485,-0.9819476374037324,-0.0165696372592922,0.047709923664122,4686.26,0,0,0,S2,80%-100%
2024-09-26,21.79,26.34,4.550000000000001,1.2088113813675998,-1.9593556803332,-3.087169795638473,2.9442638631908458,0.1994535519125682,0.1864864864864865,4874.13,0,0,0,S1,50%
2024-09-27,28.56,27.67,-0.889999999999997,0.9688375350140056,-3.293588312718025,-5.094283430294129,3.580956133519027,0.0504935459377373,0.2391401701746531,5136.44,0,0,0,S1,50%
2024-09-30,49.14,19.32,-29.82,0.3931623931623931,-4.07721721538644,-7.126797326668348,-2.726292282201232,-0.3017708709794001,-0.1202185792349727,5708.83,0,0,0,S2,80%-100%
2024-10-08,53.5,16.73,-36.77,0.3127102803738318,-3.1326955840457216,-5.609836822213571,-3.9117882419754673,-0.1340579710144928,-0.3648443432042521,6201.99,0,0,0,S2,80%-100%
2024-10-09,43.08,43.57,0.490000000000002,1.0113741875580315,-0.1702058191752005,-0.8464232171863083,6.541202954042711,1.6043036461446505,0.5746295627032887,5727.38,0,0,0,S1,50%
2024-10-10,39.17,40.37,1.1999999999999955,1.030635690579525,-0.0844456519097022,-0.7354172399277211,4.414837217856044,-0.0734450309846225,1.089544513457557,5654.53,0,0,0,S1,50%
2024-10-11,37.57,42.01,4.439999999999998,1.118179398456215,0.1869801057540313,-0.3171044177390211,4.0391336789984384,0.0406242259103295,1.5110579796772263,5416.76,0,0,0,S1,50%
2024-10-14,32.67,36.01,3.3399999999999963,1.1022344658708294,0.1172398622481451,-0.4405801108545403,2.508104641307582,-0.1428231373482504,-0.1735138857011705,5615.76,1,0,0,S1,50%
2024-10-15,24.62,27.67,3.0500000000000007,1.1238830219333875,0.1192250279182011,-0.4609964951975394,0.73478087648538,-0.2316023326853651,-0.314590042110478,5507.18,0,0,0,S1,50%
2024-10-16,25.0,32.65,7.649999999999999,1.306,0.4998180244401204,0.1247556323240065,1.7005703179611436,0.1799783158655583,-0.2228040942632706,5524.25,1,0,0,S1,50%
2024-10-17,23.87,32.65,8.779999999999998,1.367825722664432,0.5822114189467517,0.2699996893328998,1.629078558329077,0.0,-0.0933074146070536,5505.61,1,0,0,S1,50%
2024-10-18,31.58,37.21,5.630000000000003,1.1782773907536417,0.3495180101659225,-0.1187330962974168,2.3712640096973505,0.1396630934150078,0.3447777376219731,5749.43,0,0,0,S1,50%
2024-10-21,26.0,32.65,6.649999999999999,1.2557692307692307,0.4322960623714859,0.0188998856410239,1.4492336974733369,-0.1225477022305832,0.0,5860.57,0,0,0,S1,50%
2024-10-22,29.75,36.32,6.57,1.2208403361344538,0.4293548557294731,0.015028266233081,2.020417526715512,0.1124042879019908,0.1124042879019908,5888.81,0,0,0,S1,50%
2024-10-23,27.02,35.04,8.02,1.2968171724648407,0.5451063795795273,0.2039117329840342,1.7111976137037153,-0.0352422907488987,-0.0583176565439398,5903.58,0,0,0,S1,50%
2024-10-24,25.02327047,33.36,8.33672953,1.3331590704738123,0.5694546061842107,0.2500633122632903,1.3660812242894411,-0.047945205479452,0.0217457886676877,5861.63,0,0,0,S1,50%
2024-10-25,26.13,36.356028571903856,10.226028571903855,1.391352031071713,0.7070433285663242,0.4920871574813028,1.7974514905988328,0.0898090099491564,0.0009919760986745,5974.91,0,0,0,S1,50%
2024-10-28,30.01,33.04,3.0299999999999976,1.100966344551816,0.1493331981808946,-0.4092693604902652,1.1989686006497815,-0.0912098681335755,-0.0570776255707762,6082.09,0,0,0,S1,50%
2024-10-29,29.58,32.53,2.950000000000003,1.0997295469912105,0.1549205575140074,-0.4057875235589056,1.0790394916838404,-0.0154358353510895,-0.0248800959232613,5983.84,0,0,0,S1,50%
2024-10-30,30.22,33.12,2.8999999999999986,1.0959629384513567,0.1550508333683311,-0.3993542547523696,1.1381473260069397,0.018137104211497,-0.0890094077658603,6019.35,0,0,0,S1,50%
2024-10-31,31.98,33.75,1.7699999999999996,1.0553470919324577,0.0736269024546307,-0.5290562353513957,1.19932727403357,0.0190217391304348,0.0214891041162228,6116.66,0,0,0,S1,50%
2024-11-01,32.64,36.26,3.619999999999997,1.110906862745098,0.2075353591780422,-0.2800001267569875,1.5416009976581384,0.0743703703703704,0.1146633876421763,5930.23,0,0,0,S1,50%
2024-11-04,23.87,32.65,8.779999999999998,1.367825722664432,0.5867629112286777,0.3808362825583119,0.9386477350700247,-0.0995587424158852,-0.0141908212560386,6053.11,0,0,0,S1,50%
2024-11-05,31.58,37.21,5.630000000000003,1.1782773907536417,0.166870818899052,-0.0144757069630527,1.5904461290936405,0.1396630934150078,0.1025185185185184,6266.54,0,0,0,S1,50%
2024-11-06,26.0,32.65,6.649999999999999,1.2557692307692307,0.4480726522487764,0.1211911192328859,0.863197346119874,-0.1225477022305832,-0.0995587424158852,6293.19,0,0,0,S1,50%
2024-11-07,29.75,36.32,6.57,1.2208403361344538,0.3410061116165138,0.1150401647151131,1.37724567350498,0.1124042879019908,0.1124042879019908,6403.92,0,0,0,S1,50%
2024-11-08,27.02,35.04,8.02,1.2968171724648407,0.8460416725765523,0.304028298390199,1.1454476142340733,-0.0352422907488987,-0.0583176565439398,6423.12,0,0,0,S1,50%
2024-11-11,27.7,28.21,0.5100000000000016,1.0184115523465704,-1.9334073324344392,-0.6404020377101602,0.1113267427609943,-0.1949200913242008,-0.1359877488514548,6579.01,0,0,0,S2,80%-100%
2024-11-12,26.28,29.01,2.7300000000000004,1.1038812785388128,-1.103886673470871,-0.3415513768760949,0.218332326969504,0.0283587380361574,-0.2012665198237885,6491.97,0,0,0,S2,80%-100%
2024-11-13,25.49,28.69,3.200000000000003,1.1255394272263637,-0.8451954831066572,-0.2685721595905606,0.1572104197776108,-0.0110306790761806,-0.1812214611872146,6474.39,0,0,0,S2,80%-100%
2024-11-14,24.88,28.77,3.890000000000001,1.1563504823151125,-0.5227379957422589,-0.1686109225748456,0.1561854952251129,0.0027884280237016,0.0198511166253101,6272.19,0,0,0,S2,80%-100%
2024-11-15,24.96,29.85,4.890000000000001,1.1959134615384617,-0.1339062577525018,-0.0299252572579349,0.3052631218145693,0.0375391032325338,0.0289555325749741,6125.51,0,0,0,S1,50%
2024-11-18,26.36,32.26,5.899999999999999,1.223823975720789,0.2603628347554031,0.1081516001125149,0.6491330646306321,0.0807370184254605,0.1244336005576853,5974.56,0,0,0,S1,50%
2024-11-19,26.36,31.65,5.289999999999999,1.2006828528072837,0.0548414511268777,0.0371176110482325,0.5351225993916214,-0.0189088654680719,0.1001042752867569,6130.28,0,0,0,S1,50%
2024-11-20,24.81,30.92,6.110000000000003,1.2462716646513503,0.4146356910930074,0.149160383659085,0.4038858050880887,-0.0230647709320693,0.0358458961474037,6250.8,0,0,0,S1,50%
2024-11-21,23.12,29.9,6.779999999999998,1.2932525951557092,0.7309337546659982,0.2401607625719497,0.2287389963607133,-0.0329883570504528,-0.0731556106633601,6262.16,0,0,0,S1,50%
2024-11-22,24.19,31.68,7.489999999999998,1.3096320793716412,1.1897960277873014,0.3361831047222465,0.4828919007645382,0.0595317725752508,0.0009478672985783,6030.49,0,0,0,S1,50%
2024-11-25,23.96,32.02,8.060000000000002,1.3363939899833055,1.2930138631669672,0.4132120973696687,0.514370987732663,0.0107323232323233,0.0355756791720569,6052.13,0,0,0,S1,50%
2024-11-26,23.34,32.09,8.750000000000004,1.3748928877463584,1.4172781184751222,0.5050242312861695,0.5035991014196936,0.0021861336664583,0.0732441471571907,5981.57,0,0,0,S1,50%
2024-11-27,23.6,30.14,6.539999999999999,1.2771186440677966,0.4230418216062975,0.2229861050602049,0.1789371148648334,-0.060766593954503,-0.048611111111111,6118.66,0,0,0,S1,50%
2024-11-28,22.17,30.16,7.989999999999998,1.3603969327920613,0.9645325071685996,0.4171431870912402,0.1634622616884947,0.0006635700066357,-0.0580886945658963,6086.09,0,0,0,S1,50%
2024-11-29,22.83,29.16,6.330000000000002,1.2772667542706966,0.1520215114897501,0.2067299814676488,-0.0141879315880115,-0.03315649867374,-0.091305702711125,6189.13,0,0,0,S1,50%
2024-12-02,24.54,29.61,5.07,1.206601466992665,-0.3676707741635802,0.0491980296319712,0.0380202336406049,0.0154320987654321,-0.017584605175846,6313.61,0,0,0,S2,80%-100%
2024-12-03,24.81,29.41,4.600000000000001,1.1854091092301493,-0.5678282220931101,-0.005870184571709,-0.0191789203690035,-0.0067544748395812,-0.024867374005305,6303.28,0,0,0,S2,80%-100%
2024-12-04,24.88,30.21,5.330000000000002,1.2142282958199355,-0.1817755405228351,0.0961809833325947,0.0921421727695722,0.0272016320979258,0.0360082304526749,6204.94,0,0,0,S1,50%
2024-12-05,24.04,29.88,5.84,1.242928452579035,0.0853173841747363,0.1706828548108927,0.0156261976100669,-0.0109235352532274,0.0091185410334346,6285.6,0,0,0,S1,50%
2024-12-06,23.93,30.652861253013707,6.722861253013708,1.280938623193218,0.5664057613729532,0.2901364693496387,0.1245830309082466,0.0258655037822526,0.0422598181915574,6349.62,0,0,0,S1,50%
2024-12-09,23.9,32.00643873453855,8.10643873453855,1.339181537009981,1.284906493263671,0.4726687195740289,0.3354109146476374,0.0441582751558555,0.059465035899985,6303.27,0,0,0,S1,50%
2024-12-10,24.91,27.53,2.620000000000001,1.1051786431152149,-2.014439738533691,-0.2413333753591037,-0.4723095876092657,-0.1398605690456891,-0.0786479250334671,6362.02,0,0,0,S2,80%-100%
2024-12-11,24.48,29.54307869620457,5.06307869620457,1.2068251101390757,-0.6485569055566376,0.0929736783317017,-0.1349740214089493,0.0731230910354003,-0.0362048602134988,6447.37,0,0,0,S2,80%-100%
2024-12-12,25.14,26.54,1.3999999999999986,1.0556881463802703,-2.507214353637453,-0.3832211121891802,-0.6996083200849488,-0.1016508376491709,-0.170791845349531,6490.15,0,0,0,S2,80%-100%
2024-12-13,23.51,26.89,3.379999999999999,1.1437686091025094,-1.3177793219767484,-0.1043611058287204,-0.6372699058481105,0.0131876412961569,-0.0232473665092626,6354.99,0,0,0,S2,80%-100%
2024-12-16,22.01,26.76,4.75,1.2158109950022715,-0.5570398769647472,0.0833917013244022,-0.6873325286822327,-0.004834510970621,-0.0942040849846199,6277.52,0,0,0,S2,80%-100%
2024-12-17,21.11,27.21,6.100000000000001,1.2889625769777358,0.1305983264119467,0.2675435800781138,-0.6284757688654153,0.0168161434977578,0.0252449133383572,6143.94,0,0,0,S1,50%
2024-12-18,21.01,27.76,6.75,1.3212755830556877,0.4531744747408097,0.3566739901644168,-0.5524005913194281,0.0202131569276,0.0323540349572331,6195.87,0,0,0,S1,50%
2024-12-19,21.11,27.94,6.830000000000002,1.3235433443865467,0.4933853349394866,0.3706282079708083,-0.5466500791476956,0.0064841498559078,0.0440956651718984,6207.19,0,0,0,S1,50%
2024-12-20,19.95,26.85,6.900000000000002,1.3458646616541354,0.5516262383346354,0.3812743109550121,-0.8031539884556783,-0.0390121689334287,-0.0132304299889746,6271.75,0,0,0,S1,50%
2024-12-23,19.52,28.95,9.43,1.483094262295082,1.754804292581187,0.721048388413145,-0.4098805483621206,0.0782122905027931,0.0428674351585014,6096.38,0,0,0,S1,50%
2024-12-24,18.94,28.23,9.29,1.4904963041182682,1.6356693338775925,0.6917984956097686,-0.59525624203932,-0.0248704663212434,0.0103793843951323,6164.36,0,0,0,S1,50%
2024-12-25,19.23,28.19,8.96,1.465938637545502,1.3449983590740024,0.6340256679365531,-0.6449026365219992,-0.0014169323414806,0.0499068901303538,6094.69,0,0,0,S1,50%
2024-12-26,18.54,26.9,8.36,1.4509169363538297,1.047612985821385,0.5439624377988848,-0.9328763609735108,-0.0457609081234481,-0.0708117443868739,6160.45,0,0,0,S1,50%
2024-12-27,18.2,25.98,7.780000000000001,1.4274725274725275,0.7352536125543842,0.4484385235453586,-1.12292040285446,-0.0342007434944237,-0.079702444208289,6171.57,0,0,0,S1,50%
2024-12-30,18.41,26.5,8.09,1.4394350896252035,0.7987042485257948,0.5060456539531432,-1.0890481346581895,0.0200153964588145,-0.0599503369989358,6145.93,0,0,0,S1,50%
2024-12-31,18.11,27.55,9.44,1.5212589729431254,1.2599158024983146,1.4734179840210049,-0.9805028304989284,0.039622641509434,0.0241635687732342,5957.72,0,0,0,S1,50%
2025-01-02,20.69,27.36,6.669999999999998,1.3223779603673271,0.0202130231667424,0.3148832705333645,-1.0411297114324634,-0.0068965517241379,0.0531177829099307,5797.09,0,0,0,S1,50%
2025-01-03,20.28,27.36,7.079999999999998,1.349112426035503,0.1739557972639387,0.463104285482151,-1.0318135987637032,0.0,0.0324528301886792,5625.21,0,0,0,S1,50%
2025-01-06,21.45,29.85,8.400000000000002,1.3916083916083917,0.7097805287785072,1.0100311507020818,-0.2757024886947879,0.0910087719298247,0.0834845735027223,5608.03,0,0,0,S0,20%
2025-01-07,19.19,27.37,8.18,1.426263678999479,0.6117661802914062,0.8835883887407865,-1.040290759153057,-0.0830820770519262,0.0003654970760234,5692.04,0,0,0,S1,50%
2025-01-08,18.47,27.21,8.740000000000002,1.4731997834325936,0.7843077122450558,1.0951806280284362,-1.0870606818726307,-0.0058458165875046,-0.0054824561403508,5661.78,0,0,0,S1,50%
2025-01-09,17.97,27.02,9.05,1.50361713967724,0.8414295921837819,1.210602080228377,-1.110735224640177,-0.0069827269386255,-0.0948073701842546,5672.78,0,0,0,S1,50%
2025-01-10,18.05,27.02,8.969999999999999,1.4969529085872575,0.8123255817677713,1.1722195365982822,-1.0742865408763436,0.0,-0.0127877237851662,5544.92,0,0,0,S1,50%
2025-01-13,18.76,28.33,9.569999999999997,1.5101279317697225,1.215488186265022,1.383996410369356,-0.6315854131193532,0.0484826054774241,0.0411613377434765,5559.47,0,0,0,S0,20%
2025-01-14,19.48,29.76,10.28,1.5277207392197123,1.7238204126909278,1.62596915245593,-0.139338265324576,0.0504765266501943,0.1014063656550703,5811.05,0,0,0,S0,20%
2025-01-15,18.77,29.76,10.990000000000002,1.5855087906233352,2.051134478805236,1.8381911428745268,-0.1066376327235031,0.0,0.1014063656550703,5775.57,0,0,0,S0,20%
2025-01-16,18.86,28.68,9.82,1.52067868504772,0.99689060766023,1.3311835379900523,-0.4570885258328075,-0.0362903225806452,0.0123543946346629,5801.31,0,0,0,S0,20%
2025-01-17,19.56,28.93,9.37,1.479038854805726,0.5410840435280168,1.1349199699965606,-0.3455252670058349,0.0087168758716875,-0.0278897849462366,5841.57,0,1,1,S0,20%
2025-01-20,19.25,29.89907140995514,10.64907140995514,1.5531985148028644,1.5448415813139862,1.638109861442948,0.0456995066190162,0.033497110610271,0.0046730984527936,5879.15,0,0,0,S0,20%
2025-01-21,18.65,28.8,10.150000000000002,1.544235924932976,1.030434285571639,1.3917834765477255,-0.3489879809164989,-0.0367593827542481,0.0041841004184099,5908.02,0,0,0,S0,20%
2025-01-22,18.79,28.83,10.04,1.5343267695582756,0.8813462017151783,1.30641761700446,-0.3167129297660676,0.0010416666666666,-0.0034566194262012,5855.74,0,1,0,S0,20%
2025-01-23,19.5,27.97,8.469999999999999,1.4343589743589742,-0.4638172704348774,0.6502408763794577,-0.6248352504164416,-0.0298300381546999,-0.0645194422095946,5829.03,0,1,0,S2,80%-100%
2025-01-24,19.1,26.88,7.779999999999998,1.407329842931937,-1.0156881475262745,0.3399942799170225,-1.023093374123253,-0.0389703253485878,-0.0666666666666667,5938.13,0,0,0,S2,80%-100%
2025-01-27,17.73,26.77,9.04,1.5098702763677383,0.0009152411868201,0.8463800885321844,-1.0640304192234846,-0.0040922619047618,-0.0714533472077696,5846.07,0,0,0,S1,50%
2025-02-05,18.64,27.15,8.509999999999998,1.4565450643776825,-0.4872215953432232,0.6214900753772123,-0.8743375038201893,0.0141949943967127,-0.0293171254915981,5881.44,0,0,0,S2,80%-100%
2025-02-06,18.4,26.12,7.720000000000002,1.4195652173913045,-1.077955246311895,0.2674408651517178,-1.360877200053249,-0.0379373848987107,-0.0282738095238094,6041.83,0,0,0,S2,80%-100%
2025-02-07,18.53,25.92,7.390000000000001,1.3988127361036158,-1.476041754183688,0.1198312276445078,-1.414049157626066,-0.0076569678407349,-0.0317519611505415,6134.05,0,0,0,S2,80%-100%
2025-02-10,18.99,27.12,8.130000000000003,1.4281200631911537,-0.9115815482397946,0.4273382637358406,-0.8647197891762339,0.0462962962962962,-0.0011049723756905,6210.55,0,0,0,S2,80%-100%
2025-02-11,16.49,25.36,8.870000000000001,1.537901758641601,-0.2133465919013038,0.7375168821833858,-1.8519591951123373,-0.0648967551622419,-0.0290964777947932,6190.17,0,0,0,S2,80%-100%
2025-02-12,18.57,26.03,7.460000000000001,1.4017232094776522,-1.50292192154728,0.0888141367221823,-1.4214460818443435,0.0264195583596216,0.0042438271604938,6284.61,0,0,0,S2,80%-100%
2025-02-13,17.86,25.47,7.609999999999999,1.4260918253079506,-1.252580010023269,0.125461644956928,-1.6640528088797937,-0.0215136381098732,-0.0608407079646018,6212.5,0,0,0,S2,80%-100%
2025-02-14,17.45,25.01,7.560000000000002,1.4332378223495703,-1.1819135919401385,0.0687852165797576,-1.8288668685794247,-0.0180604632901452,-0.0138012618296529,6248.83,0,0,0,S2,80%-100%
2025-02-17,18.21,25.79,7.579999999999998,1.416254805052169,-1.0686350281860275,0.0494120183428215,-1.362960407000256,0.0311875249900039,-0.0092201306185171,6281.57,0,0,0,S2,80%-100%
2025-02-18,18.12,25.07,6.949999999999999,1.3835540838852096,-1.4178714041417662,-0.2957570997624903,-1.667574754076164,-0.0279177975959673,-0.0157047506870827,6142.14,0,0,0,S2,80%-100%
2025-02-19,17.65,24.9,7.25,1.4107648725212465,-1.0693694229475046,-0.1521727243464879,-1.7116637880215244,-0.0067810131631432,-0.0043982407037186,6288.53,0,0,0,S2,80%-100%
2025-02-20,17.35,25.04,7.689999999999998,1.4432276657060517,-0.644715093400959,0.0580395964978178,-1.5919051486554034,0.0056224899598393,-0.029081039162466,6334.41,0,0,0,S2,80%-100%
2025-02-21,18.28,24.81,6.529999999999998,1.3572210065645514,-1.5153745487638872,-0.5620792992493638,-1.652258603357864,-0.0091853035143769,-0.0103709613083367,6449.23,0,0,0,S2,80%-100%
2025-02-24,17.92,25.40327802612323,7.483278026123227,1.4175936398506264,-0.5967469411531927,-0.0617333280655734,-1.2947665361673564,0.0239128587715933,0.0202119689206117,6464.02,0,0,0,S2,80%-100%
2025-02-25,17.91,25.44,7.530000000000001,1.4204355108877722,-0.4856031267408123,-0.0372171962251332,-1.2476279253088045,0.001445560444562,0.0159744408945687,6435.43,0,0,0,S2,80%-100%
2025-02-26,17.95,25.95,8.0,1.4456824512534818,0.1518575464699614,0.2135425903007108,-0.9580071359138675,0.0200471698113207,0.0459492140266022,6524.41,0,0,0,S1,50%
2025-02-27,17.69,25.7,8.009999999999998,1.4527981910684,0.3799281719409762,0.2260666691737034,-1.083600553768051,-0.0096339113680153,0.0116804600403002,6499.53,0,0,0,S1,50%
2025-02-28,17.84,25.62,7.780000000000001,1.4360986547085202,0.0617810325204625,0.0924768762561291,-1.0958585889568082,-0.003112840466926,0.0070754716981131,6270.42,0,0,0,S1,50%
2025-03-03,16.78,25.4,8.619999999999997,1.5137067938021451,1.3456939574432578,0.5353815896526543,-1.1881438891424474,-0.0085870413739267,-0.0211946050096339,6273.67,0,0,0,S1,50%
2025-03-04,18.28,24.81,6.529999999999998,1.3572210065645514,-1.863016008080378,-0.5835011923724603,-1.477137440683664,-0.0232283464566929,-0.0346303501945525,6357.63,0,0,0,S2,80%-100%
2025-03-05,15.71,25.45,9.739999999999998,1.6199872692552513,2.7124694510288303,1.097915474221516,-1.0701269643798732,0.0257960499798468,-0.0066354410616706,6398.24,0,0,0,S1,50%
2025-03-06,16.45,25.21,8.760000000000002,1.5325227963525836,1.2653908191642809,0.545321764147126,-1.1713292244796791,-0.0094302554027504,-0.0074803149606298,6534.97,0,0,0,S1,50%
2025-03-07,15.42,24.95,9.53,1.6180285343709468,1.9043236115636095,0.937784595441543,-1.2885905502801904,-0.0103133677112258,0.0056428859330914,6507.76,0,0,0,S1,50%
2025-03-10,15.11,25.63,10.52,1.6962276637988087,2.4042495006777247,1.4327961589937512,-0.8579891966495607,0.027254509018036,0.0070726915520629,6520.97,0,0,0,S0,20%
2025-03-11,16.45,25.21,8.760000000000002,1.5325227963525836,0.7333967325448009,0.4465148903361937,-1.0910434563718563,-0.0163870464299648,0.0,6551.73,0,0,0,S1,50%
2025-03-12,15.53,25.62,10.090000000000002,1.6497102382485511,1.7311937346179325,1.1484258369528435,-0.8394349750377548,0.0162633875446251,0.0268537074148296,6566.97,0,0,0,S0,20%
2025-03-13,15.52,25.23,9.71,1.6256443298969072,1.252880017542198,0.9423084814488658,-1.069700346708331,-0.0152224824355972,-0.0156067108856807,6466.85,0,0,0,S1,50%
2025-03-14,18.08,24.92,6.840000000000003,1.3783185840707968,-1.1177158927864914,-0.7738044695006001,-1.2470366289322494,-0.0122869599682916,-0.0115033716779056,6571.17,0,0,0,S2,80%-100%
2025-03-17,17.59,25.59,8.0,1.4548038658328597,-0.1794132258197785,-0.1702815516092828,-0.7731494146419862,0.0268860353130016,-0.0011709601873536,6589.57,0,0,0,S1,50%
2025-03-18,17.36,25.63,8.27,1.476382488479263,-0.0104196436135946,-0.0415814898757217,-0.7282844333453393,0.0015631105900741,0.0158541418945699,6611.93,0,0,0,S1,50%
2025-03-19,17.69,25.27,7.579999999999998,1.4284906726964386,-0.6225954654897512,-0.6704833664164191,-0.9483759583952404,-0.0140460397971127,0.0140449438202245,6564.68,0,0,0,S2,80%-100%
2025-03-20,16.49,25.36,8.870000000000001,1.537901758641601,0.4448486249325882,0.397988629291543,-0.8623694362154344,0.0035615354174911,-0.0089878858929269,6535.06,0,0,0,S1,50%
2025-03-21,15.9,24.62,8.72,1.548427672955975,0.2362940105558084,0.2421260923097238,-1.3096588239944429,-0.0291798107255519,-0.039406944986344,6405.61,0,0,0,S1,50%
2025-03-24,15.33,23.16665487109182,7.836654871091818,1.5111973170966613,-0.6139635940444605,-0.5699929556608361,-2.145545070038103,-0.0590310775348571,-0.0832348685757096,6360.34,0,0,0,S1,50%
2025-03-25,15.53,25.62,10.090000000000002,1.6497102382485511,1.3570068805561384,1.424142917770545,-0.5592190483306773,0.1058998436571676,0.0102523659305995,6310.76,0,0,0,S0,20%
2025-03-26,14.7,22.47,7.77,1.5285714285714285,-0.7581357533691058,-0.654882507801846,-2.4255007129087893,-0.1229508196721311,-0.0873273761169781,6334.91,0,0,0,S1,50%
2025-03-27,14.3,22.35,8.05,1.562937062937063,-0.5051194522889737,-0.3830411478633108,-2.346950914197944,-0.0053404539385846,-0.0352513073482554,6328.77,0,0,0,S1,50%
2025-03-28,14.59,22.4,7.809999999999999,1.5352981494174092,-0.7263506085281297,-0.5835749892393828,-2.188701143840458,0.0022371364653241,-0.1256830601092897,6268.32,0,0,0,S1,50%
2025-03-31,15.74,23.22,7.479999999999999,1.4752223634053363,-0.9510692902897276,-0.8650105537712317,-1.642866817627048,0.0366071428571428,0.0333778371161548,6226.65,0,0,0,S1,50%
2025-04-01,15.52,22.72,7.199999999999999,1.4639175257731958,-1.2933119897149497,-1.101184930982729,-1.838490531353025,-0.0215331610680448,0.0165548098434002,6259.48,0,0,0,S1,50%
2025-04-02,15.33,22.57,7.24,1.472276581865623,-1.1350574579644312,-1.0434637673665563,-1.8303909861018093,-0.0066021126760562,0.0075892857142858,6277.25,0,0,0,S1,50%
2025-04-03,15.35,23.03,7.6800000000000015,1.500325732899023,-0.6671886381274179,-0.6282438587333137,-1.5232387510438794,0.0203810367744794,-0.0081826012058568,6203.26,0,0,0,S1,50%
2025-04-07,31.37,27.61,-3.7600000000000016,0.8801402613962384,-3.961052690798816,-6.2462216411575815,0.8738554934200636,0.1988710377768128,0.2152288732394367,5496.44,0,0,0,S1,50%
2025-04-08,24.24,26.92,2.6800000000000037,1.1105610561056107,-1.53802442169476,-2.674054935743486,0.5179167823455834,-0.0249909453096702,0.1927337173238812,5530.02,0,0,0,S1,50%
2025-04-09,22.62,27.46,4.84,1.213969938107869,-0.7538720674580016,-1.5532510646463331,0.8484108799210667,0.0200594353640415,0.1923577941815024,5652.33,0,0,0,S1,50%
2025-04-10,20.05,26.32,6.27,1.312718204488778,-0.2304419388953789,-0.846502656606238,0.2419495703594979,-0.0415149308084487,-0.0467222021006881,5784.59,0,0,0,S1,50%
2025-04-11,19.5,27.97,8.469999999999999,1.4343589743589742,0.5348006349572676,0.2049596093834785,1.125504628779999,0.062689969604863,0.0390044576523029,5862.19,0,0,0,S1,50%
2025-04-14,17.07,25.04,7.969999999999999,1.4669009958992385,0.3444831690206497,-0.0250944855239859,-0.4412533983522483,-0.1047550947443689,-0.0881281864530226,5938.53,0,0,0,S1,50%
2025-04-15,15.85,23.74,7.889999999999999,1.4977917981072555,0.3194511283662863,-0.0548349133923418,-1.1074596212040198,-0.0519169329073482,-0.0980243161094225,5914.03,0,0,0,S1,50%
2025-04-16,16.68,24.26,7.580000000000002,1.4544364508393286,0.2269844442056063,-0.1882890501907856,-0.7999608713295842,0.021903959561921,-0.13264211655345,5835.35,0,0,0,S1,50%
2025-04-17,16.14,24.18,8.04,1.4981412639405205,0.3748425493912902,0.0515619232532938,-0.8229424654321071,-0.0032976092333059,-0.0343450479233227,5839.56,0,0,0,S1,50%
2025-04-18,16.0,25.0,9.0,1.5625,0.697585500611855,0.5436835021889066,-0.3313373908551695,0.0339123242349048,0.0530749789385005,5831.69,0,0,0,S1,50%
2025-04-21,15.69,24.13,8.44,1.5379222434671764,0.5138706043249113,0.2800653758623457,-0.8208912292343158,-0.0348,-0.0053586150041221,5952.64,0,0,0,S1,50%
2025-04-22,15.59,24.06,8.469999999999999,1.5432969852469531,0.5109288606355087,0.303692465865418,-0.8413881463685812,-0.0029009531703274,-0.0049627791563275,5949.31,0,0,0,S1,50%
2025-04-23,15.34,23.78,8.440000000000001,1.5501955671447198,0.541487155424454,0.312113010613471,-1.0164139907501193,-0.0116375727348294,-0.0487999999999999,5984.58,0,0,0,S1,50%
2025-04-24,15.11,23.93,8.82,1.583719391131701,0.6490517751894098,0.5216444477561101,-0.8993328446344311,0.0063078216989065,-0.0082884376295068,5920.48,0,0,0,S1,50%
2025-04-25,15.15,23.68,8.53,1.563036303630363,0.5390305064548526,0.3896390084796345,-1.0635870508541208,-0.0104471374843292,-0.0157938487115544,5939.5,0,0,0,S1,50%
2025-04-28,16.14,23.79,7.649999999999999,1.473977695167286,0.2408757035187117,-0.0597022964060675,-0.9610461519106523,0.0046452702702701,0.0004205214465937,5877.06,0,0,0,S1,50%
2025-04-29,16.15,23.6,7.450000000000003,1.4613003095975234,0.1729266864193619,-0.1606423768647902,-1.069977853872208,-0.0079865489701553,-0.0137902214793146,5903.38,0,0,0,S1,50%
2025-04-30,17.07,24.23,7.16,1.4194493263034564,0.0743114402009458,-0.2958065955468441,-0.5669521127069419,0.0266949152542372,0.0232263513513513,5950.12,0,0,0,S1,50%
2025-05-06,14.91,21.99,7.079999999999998,1.4748490945674042,0.0496659504959443,-0.3252172041697245,-2.1831976233723824,-0.092447379281882,-0.0756620428751576,6102.92,0,0,0,S1,50%
2025-05-07,14.6,22.15,7.549999999999999,1.5171232876712328,0.2129953926416737,-0.0789121970354022,-1.9595215976923288,0.0072760345611642,-0.0614406779661018,6111.49,0,0,0,S1,50%
2025-05-08,14.59,21.46,6.870000000000001,1.470870459218643,-0.3974044580842848,-0.4280138205368312,-2.3115674240562347,-0.0311512415349886,-0.1143210895583987,6158.08,0,0,0,S2,80%-100%
2025-05-09,14.66,21.74,7.079999999999998,1.4829467939972714,-0.612933876810045,-0.3095569571120417,-2.0268531741046645,0.0130475302889094,-0.011368804001819,6082.08,0,0,0,S2,80%-100%
2025-05-12,15.75,22.98,7.23,1.4590476190476191,-0.7827390127264048,-0.217985450831619,-1.125843217386614,0.0570377184912604,0.0374717832957112,6167.46,0,0,0,S2,80%-100%
2025-05-13,14.99,21.83,6.839999999999998,1.4563042028018678,-1.4665827301014556,-0.4153960841309964,-1.8313333227386472,-0.0500435161009574,0.0172413793103447,6151.01,0,0,0,S2,80%-100%
2025-05-14,15.0,21.83,6.829999999999998,1.4553333333333331,-1.3256047493571117,-0.4132250814566975,-1.7484849545160464,0.0,0.0041398344066236,6160.37,0,0,0,S2,80%-100%
2025-05-15,16.13,22.19,6.060000000000002,1.375697458152511,-2.0283663145177,-0.796245269489376,-1.454342396699351,0.016491067338525,-0.0343777197563097,6057.04,0,0,0,S2,80%-100%
2025-05-16,15.74,23.22,7.479999999999999,1.4752223634053363,-0.1915963031153013,-0.0610217718594917,-0.7603226383663093,0.0464173050923839,0.0636738433348602,6068.12,0,0,0,S1,50%
2025-05-19,14.47,21.22,6.749999999999998,1.4664823773324118,-1.0386422059660447,-0.43651388627448,-1.9529148519689457,-0.0861326442721791,-0.0279431974347228,6095.34,0,0,0,S2,80%-100%
2025-05-20,14.96,21.33,6.369999999999997,1.425802139037433,-1.3452780398665536,-0.6233868378094138,-1.7963049223686751,0.0051837888784165,-0.0387561964849032,6146.02,0,0,0,S2,80%-100%
2025-05-21,15.28,21.21,5.9300000000000015,1.3880890052356023,-1.6990906072897716,-0.8300115453902202,-1.7832090496101556,-0.0056258790436004,-0.08656330749354,6132.18,0,0,0,S2,80%-100%
2025-05-22,16.01,22.03,6.02,1.3760149906308556,-1.4310883423152392,-0.7773279992312278,-1.2513581389422253,0.0386610089580385,0.0381715362865222,6066.1,0,0,0,S2,80%-100%
2025-05-23,16.33,22.37,6.040000000000003,1.3698714023270058,-1.2835134534714066,-0.7511568749666746,-1.017191525904968,0.0154334997730367,0.0487576183778717,5989.68,0,0,0,S1,50%
2025-05-26,15.76,22.25,6.49,1.4118020304568528,-0.6673883584758278,-0.5125002082612826,-1.051756539002909,-0.0053643272239607,0.049033474776049,6028.79,0,0,0,S1,50%
2025-05-27,15.68,21.71,6.030000000000001,1.3845663265306123,-1.229925364437887,-0.7261690416585656,-1.319386619563281,-0.0242696629213482,-0.014525646845211,6008.46,0,0,0,S1,50%
2025-05-28,15.72,22.05,6.33,1.4026717557251909,-0.7557905954576034,-0.5593751736721067,-1.084961039948207,0.015660985720866,-0.0143048725972284,5984.46,0,0,0,S1,50%
2025-05-29,15.3,20.96,5.66,1.3699346405228758,-1.722559580017573,-0.8736447301168774,-1.64594394256379,-0.0494331065759636,-0.0579775280898876,6089.58,0,0,0,S2,80%-100%
2025-05-30,15.21,20.48,5.27,1.346482577251808,-2.0406116642389285,-1.0346443743113638,-1.830626132775884,-0.0229007633587786,-0.056655918931368,6026.56,0,0,0,S1,50%
2025-06-03,14.74,20.74,5.999999999999998,1.407055630936228,-0.7946211167538922,-0.6653178359803594,-1.6150814140201493,0.0126953125,-0.0594104308390023,6070.04,0,0,0,S1,50%
2025-06-04,14.55,20.84,6.289999999999999,1.4323024054982818,-0.2723743546356597,-0.4978520869145419,-1.5006146188076372,0.0048216007714561,-0.0057251908396946,6123.17,0,0,0,S2,80%-100%
2025-06-05,14.61,20.93,6.32,1.432580424366872,-0.1348018180119902,-0.4637457886293238,-1.3983793489418674,0.0043186180422265,0.02197265625,6167.01,0,0,0,S2,80%-100%
2025-06-06,14.33,20.72,6.389999999999999,1.445917655268667,0.0360289586789593,-0.406294640424194,-1.4529531600382024,-0.0100334448160535,-0.0009643201542911,6152.84,0,0,0,S1,50%
2025-06-09,14.61,20.78,6.170000000000002,1.4223134839151268,-0.3003212337697301,-0.4925663829009414,-1.3714998787687884,0.0028957528957529,-0.0028790786948176,6218.96,0,0,0,S2,80%-100%
2025-06-10,14.52,20.58,6.059999999999999,1.4173553719008265,-0.4369347519201668,-0.5284458552000907,-1.421825958028306,-0.0096246390760348,-0.0167224080267559,6161.69,0,0,0,S2,80%-100%
2025-06-11,14.57,20.6,6.030000000000001,1.4138641043239537,-0.430517296761267,-0.5188223827064455,-1.3628069732723251,0.0009718172983481,-0.0057915057915056,6186.51,0,0,0,S2,80%-100%
2025-06-12,14.49,20.98,6.49,1.4478951000690132,0.6422449871729818,-0.2496603502096244,-1.1275361256592848,0.0184466019417475,0.0096246390760346,6192.22,0,0,0,S1,50%
2025-06-13,14.8,21.0,6.199999999999999,1.4189189189189189,-0.0366857922440822,-0.4005221620925167,-1.0802062082014825,0.0009532888465204,0.0204081632653061,6106.01,0,0,0,S2,80%-100%
2025-06-16,14.3,20.74,6.439999999999998,1.4503496503496502,0.8480473394979712,-0.2571242406377875,-1.175200632477711,-0.0123809523809524,0.0067961165048542,6147.46,0,0,0,S1,50%
2025-06-17,14.23,21.27596780752817,7.045967807528168,1.495148826952085,2.418561429819112,0.083076622048365,-0.8692641697221203,0.0258422279425347,0.0141071404922863,6141.47,0,0,0,S1,50%
2025-06-18,14.49,21.11,6.619999999999999,1.4568668046928916,1.1594451095520146,-0.1405163320600634,-0.924567501520508,-0.0078007171767502,0.0052380952380952,6135.39,0,0,0,S1,50%
2025-06-19,14.61,20.63,6.02,1.412046543463381,-0.4790973065733268,-0.445767200666998,-1.138656533799536,-0.0227380388441497,-0.0053037608486017,6048.22,0,0,0,S1,50%
2025-06-20,13.73,20.22,6.489999999999998,1.472687545520757,0.7313851819885124,-0.1682080986443298,-1.3064811319796552,-0.0198739699466795,-0.0496319517439075,5999.59,0,0,0,S1,50%
2025-06-23,13.57,20.93,7.359999999999999,1.542372881355932,2.407943958126735,0.3200198010345136,-0.9103121224921028,0.0351137487636004,-0.0085267645665561,6078.22,0,0,0,S1,50%
2025-06-24,14.32,20.08,5.759999999999998,1.4022346368715082,-1.06636015836073,-0.5449736905374036,-1.3100714022399853,-0.0406115623506928,-0.0266602035870092,6194.67,0,0,0,S2,80%-100%
2025-06-25,16.97,21.0,4.030000000000001,1.2374779021803184,-3.13706691774702,-1.475142785441082,-0.8131596350093564,0.0458167330677292,0.0385756676557864,6276.16,0,0,0,S1,50%
2025-06-26,15.51,20.93,5.42,1.3494519664732432,-0.986027227430737,-0.6689897093854655,-0.8322512265957246,-0.0033333333333332,0.0,6247.79,0,0,0,S1,50%
2025-06-27,14.53,19.99,5.459999999999999,1.375774260151411,-0.903279282478222,-0.6247361866006933,-1.2775391455779608,-0.0449116101290014,-0.0044820717131474,6276.94,0,0,0,S2,80%-100%
2025-06-30,14.52,20.66,6.140000000000001,1.4228650137741048,0.0047515862961904,-0.228949074407225,-0.9100416269421572,0.0335167583791897,-0.0161904761904762,6356.18,0,0,0,S1,50%
2025-07-01,14.24,20.56,6.319999999999999,1.443820224719101,0.2480081335948855,-0.1190559076356055,-0.935355817957904,-0.0048402710551791,-0.0176779741997133,6373.77,0,0,0,S1,50%
2025-07-02,14.03,19.95,5.92,1.4219529579472558,-0.3173425298582426,-0.333060284191521,-1.2038758014706974,-0.0296692607003891,-0.00200100050025,6309.48,0,0,0,S2,80%-100%
2025-07-03,14.1,20.03,5.9300000000000015,1.420567375886525,-0.2736631888253741,-0.3118147760357065,-1.1279808347490778,0.0040100250626566,-0.0304937076476282,6342.64,0,0,0,S2,80%-100%
2025-07-04,14.5,20.56,6.059999999999999,1.4179310344827585,-0.0569727272646597,-0.5109362674277884,-0.856514027314648,0.0264603095356963,0.0,6312.2,0,0,0,S2,80%-100%
2025-07-07,14.64,21.26,6.620000000000001,1.4521857923497268,0.7317458072005126,-0.0872523085999055,-0.4692912465210064,0.0340466926070039,0.0656641604010026,6327.14,0,0,0,S1,50%
2025-07-08,15.34,21.7,6.359999999999999,1.4146023468057367,0.3277347747611656,-0.379018436476686,-0.1916548492648937,0.0206961429915333,0.0833749375936094,6407.7,0,0,0,S1,50%
2025-07-09,15.34,21.92,6.580000000000002,1.4289439374185138,0.6033546505806898,-0.1615351484945478,-0.0198560707680755,0.0101382488479264,0.0661478599221792,6390.47,0,0,0,S1,50%
2025-07-10,15.74,21.77,6.029999999999999,1.3831003811944091,-0.1605887123241016,-0.6945787155805473,-0.0563806755067247,-0.0068430656934307,0.0239887111947318,6406.57,0,0,0,S1,50%
2025-07-11,16.44,21.74,5.299999999999997,1.3223844282238442,-1.1173821510269986,-1.4040695865819477,-0.0402797208466565,-0.0013780431786862,0.0018433179723502,6461.1,0,0,0,S1,50%
2025-07-14,16.25,22.12,5.870000000000001,1.3612307692307692,-0.2777176520542733,-0.785102148400026,0.271448359899873,0.017479300827967,0.0091240875912408,6462.31,0,0,0,S1,50%
2025-07-15,15.16,21.46,6.300000000000001,1.4155672823219,0.4018605823395033,-0.3152973017978074,-0.2059723079407111,-0.0298372513562387,-0.0142397795130913,6442.83,0,0,0,S1,50%
2025-07-16,15.06,21.16,6.1,1.4050464807436918,0.1464329615978619,-0.5011557024278042,-0.4172462211151709,-0.0139794967381174,-0.0266789328426861,6462.06,0,0,0,S1,50%
2025-07-17,15.3,20.89,5.59,1.365359477124183,-0.5891006310034529,-1.041853977447167,-0.6215698565143678,-0.0127599243856332,-0.0556057866184448,6535.67,0,0,0,S2,80%-100%
2025-07-18,15.07,20.6,5.530000000000001,1.3669542136695425,-0.6107692807134444,-1.0898941896162129,-0.8553025971619014,-0.0138822403063666,-0.0400745573159365,6552.07,0,0,0,S2,80%-100%
2025-07-21,15.49,20.89565094510021,5.405650945100211,1.3489768202130543,-0.743855503106768,-1.2200377322431768,-0.5635087805957032,0.0143519876262236,-0.0124928664886478,6612.26,0,0,0,S2,80%-100%
2025-07-22,15.71,22.1,6.390000000000001,1.406747294716741,0.8827934557851268,0.017935872419019,0.6302962305980903,0.0576363501698995,0.057922450933461,6637.1,0,0,0,S1,50%
2025-07-23,17.37,22.6,5.23,1.3010938399539436,-1.6017008911537354,-1.5000780637120916,1.1942138621675316,0.0226244343891401,0.0970873786407766,6607.22,0,0,0,S1,50%
2025-07-24,16.89,22.8,5.91,1.349911190053286,-0.1009001049066212,-0.5452310196819813,1.4572652147168292,0.0088495575221239,0.0911361440666838,6701.12,0,0,0,S1,50%
2025-07-25,17.13,23.29,6.16,1.3596030356100408,0.4267134096139489,-0.1370335960771455,2.0265126607335904,0.0214912280701753,0.0538461538461536,6706.61,0,0,0,S1,50%
2025-07-28,17.74,23.46,5.720000000000002,1.322435174746336,-0.6046576001571426,-0.7999445707521351,2.2259952679784054,0.0072992700729928,0.0380530973451327,6729.98,0,0,0,S1,50%
2025-07-29,17.86,23.38,5.52,1.309070548712206,-0.9908918513451402,-1.0873510984151404,2.2482713922468167,-0.0034100596760444,0.025438596491228,6773.88,0,0,0,S1,50%
2025-07-30,17.33,23.04005533054169,5.710055330541692,1.329489632460571,-0.4982996819766173,-0.7525501269878536,1.7973960493442018,-0.0145399773078831,-0.0107318449745945,6718.48,0,0,0,S1,50%
2025-07-31,17.14,22.99,5.849999999999998,1.3413068844807468,-0.1495626887107713,-0.4979717297041497,1.6929076902323432,-0.0021725351707527,-0.0200341005967605,6661.19,0,0,0,S1,50%
2025-08-01,16.08,22.11,6.030000000000001,1.375,0.2901512190949978,-0.1674960693683884,0.7221750756756821,-0.0382775119617224,-0.0543199315654405,6670.47,0,0,0,S1,50%
2025-08-04,16.03,22.21,6.18,1.3855271366188395,0.7607399955838416,0.1222226218886691,0.8178018472860662,0.0045228403437358,-0.0360266205368602,6739.69,0,0,0,S1,50%
2025-08-05,15.84,22.33,6.489999999999998,1.409722222222222,1.5150614076934086,0.7180789572004346,0.973708776689788,0.0054029716343988,-0.0287081339712919,6787.48,0,0,0,S1,50%
2025-08-06,15.89,22.49,6.599999999999998,1.4153555695405915,1.784077316733269,0.93548840041866,1.1258341351262529,0.0071652485445588,0.0171867933061962,6861.31,0,0,0,S0,20%
2025-08-07,15.9,23.07,7.17,1.450943396226415,2.500878846996617,1.9465214105599216,1.6906277086825865,0.025789239662072,0.0387212967131922,6862.15,0,0,0,S0,20%
2025-08-08,15.51,22.86,7.35,1.4738878143133465,2.3399440430785186,2.1447182834146497,1.4378231074431604,-0.0091027308192458,0.0237348858038513,6838.13,0,0,0,S0,20%
2025-08-11,16.08,23.27,7.190000000000001,1.4471393034825872,1.7628568774818754,1.908786512626244,1.861685249788364,0.0179352580927383,0.0346820809248555,6943.94,0,0,0,S0,20%
2025-08-12,16.44,23.26,6.82,1.4148418491484185,1.076061941848411,1.245169747897195,1.7674326632798998,-0.0004297378599054,0.0082358040745558,6963.61,0,1,1,S0,20%
2025-08-13,17.14,22.99,5.849999999999998,1.3413068844807468,-0.4530120806609912,-0.4612210004002091,1.4396725401143995,-0.0116079105760964,0.0056867891513561,7064.33,0,1,1,S1,50%
2025-08-14,17.86,22.66,4.800000000000001,1.2687569988801792,-1.8859461305101293,-2.1960398356646063,1.0770749609770889,-0.0143540669856458,-0.0262140094542329,6976.49,0,0,0,S1,50%
2025-08-15,20.1,21.75,1.6499999999999986,1.082089552238806,-3.524063913848265,-5.319094547227461,0.1839589773387456,-0.0401588702559576,-0.0649183147033534,7117.5,0,0,0,S2,80%-100%
2025-08-18,22.29,28.670063719236904,6.3800637192369045,1.2862298662735263,0.3569050642142427,0.4330429832452145,5.136965952809466,0.3181638491603173,0.2470667124504961,7237.6,0,0,0,S1,50%
2025-08-19,20.49,27.54376617841641,7.05376617841641,1.344254083866101,0.8727491547348228,1.2278343330088235,3.713021693967282,-0.0392847937782844,0.2155236618895148,7242.85,0,0,0,S0,20%
2025-08-20,22.29,29.1501584408492,6.860158440849201,1.3077684361080844,0.6476900863460523,0.9702769740976576,3.977701455005581,0.0583214456595111,0.3402371696942161,7305.46,0,0,0,S0,20%
2025-08-21,20.94,28.79259853901852,7.852598539018519,1.375004705779299,1.3101653666115616,2.0481055991298613,3.34324392651182,-0.0122661392237792,0.0042739639849282,7253.34,0,0,0,S0,20%
2025-08-22,22.7,25.65,2.9499999999999997,1.129955947136564,-2.0660493829814004,-3.215785007110329,1.7180253183095693,-0.1091460548362734,-0.0687548015819414,7362.94,0,0,0,S1,50%
2025-08-25,25.78,25.83,0.0499999999999971,1.0019394879751744,-2.8494284452487784,-4.803216093008429,1.7245880904064923,0.0070175438596491,-0.1138984698003061,7477.73,1,0,0,S1,50%
2025-08-26,25.06,26.19,1.1300000000000026,1.0450917797286514,-1.951317139742056,-3.4405786756765844,1.8053080914341728,0.0139372822299652,-0.0903912349380896,7476.47,1,0,0,S1,50%
2025-08-27,24.14,25.3,1.16,1.048053024026512,-1.6859367431599337,-3.0737176408884967,1.346659383601376,-0.0339824360442917,-0.0136452241715399,7336.5,0,0,0,S1,50%
2025-08-28,24.68,26.38,1.6999999999999993,1.068881685575365,-1.3138151536077691,-2.516066606065332,1.752461878476933,0.0426877470355731,0.0212930700735578,7447.11,0,0,0,S1,50%
2025-08-29,24.22,26.25,2.030000000000001,1.083815028901734,-1.0750188426534475,-2.1721833371177217,1.6240811856895288,-0.0049279757391963,0.0022909507445589,7438.68,0,0,0,S1,50%
2025-09-01,23.39,26.68,3.289999999999999,1.1406584010260794,-0.541460442838574,-1.360686010035669,1.730265501703079,0.0163809523809523,0.0545454545454544,7501.15,0,0,0,S1,50%
2025-09-02,23.32,26.87,3.5500000000000007,1.152229845626072,-0.3904909316003448,-1.167894963375244,1.73131514336521,0.0071214392803597,0.0185746777862017,7313.88,0,0,0,S1,50%
2025-09-03,22.24,26.04,3.8000000000000007,1.170863309352518,-0.2451647118284917,-0.9911000413401116,1.335992671435297,-0.0308894678079643,-0.008,7206.88,0,0,0,S1,50%
2025-09-04,22.24,26.38,4.140000000000001,1.1861510791366907,-0.0562331380820153,-0.7679588523206711,1.4208532606571698,0.0130568356374807,-0.0112443778110944,7041.15,0,0,0,S1,50%
2025-09-05,20.66,25.12,4.460000000000001,1.2158760890609874,0.135646243987197,-0.5639372950912573,0.8781382652051714,-0.0477634571645184,-0.0651283959806475,7245.67,0,0,0,S1,50%
2025-09-08,20.33,25.72,5.390000000000001,1.265125430398426,0.5841695265928709,-0.012438358954915,1.0850297599505594,0.0238853503184712,-0.0122887864823348,7311.03,0,0,0,S1,50%
2025-09-09,20.66,25.12,4.460000000000001,1.2158760890609874,0.240806338740436,-0.5331486884724289,0.8146652678868158,-0.0233281493001554,-0.0477634571645184,7226.03,0,0,0,S1,50%
2025-09-10,23.19,24.29,1.099999999999998,1.0474342388960758,-1.1525751576145633,-2.343584304871572,0.4588081600507111,-0.0330414012738854,-0.0330414012738854,7230.17,0,0,0,S1,50%
2025-09-11,20.0,24.42,4.420000000000002,1.221,0.3343557891507165,-0.4653462664972391,0.4894661479909873,0.0053519967064636,-0.0505443234836702,7399.89,0,0,0,S1,50%
2025-09-12,19.34,24.54,5.199999999999999,1.2688728024819027,0.6111110645392482,-0.015794624572103,0.514718067925514,0.0049140049140048,-0.0230891719745223,7422.88,0,0,0,S1,50%
2025-09-15,20.15,25.79,5.640000000000001,1.2799007444168735,0.8415967981059627,0.2512244262243603,0.998357081593621,0.0509372453137735,0.0617538081515027,7415.57,0,0,0,S1,50%
2025-09-16,20.8,26.33,5.529999999999998,1.2658653846153844,0.8638283392179243,0.1908017152988941,1.183569105565682,0.0209383481969755,0.078214578214578,7483.63,0,0,0,S1,50%
2025-09-17,21.82,27.9662140969324,6.1462140969324,1.2816780062755453,1.2073162204570358,0.5229790726287165,1.7813325263745046,0.0621425786909382,0.1396175263623635,7554.81,0,0,0,S1,50%
2025-09-18,21.07,27.295034424452624,6.225034424452623,1.2954453927125118,1.3879689674407862,0.558890223693263,1.4523951653360745,-0.0239996615256334,0.0583572867178217,7476.4,0,0,0,S1,50%
2025-09-19,19.87,25.88,6.009999999999998,1.3024660291897332,1.151426346441289,0.4305015553366273,0.8518286729558913,-0.0518421923360883,-0.0170907709836688,7438.19,0,0,0,S1,50%
2025-09-22,19.64,26.57505926249976,6.93505926249976,1.3531089237525336,1.5173065859911534,0.9440635278071288,1.10071505131866,0.0268570039605779,-0.0497441244499817,7489.48,0,0,0,S0,20%
2025-09-23,20.8,26.33,5.529999999999998,1.2658653846153844,0.6851963380201886,0.1569170881871857,0.9683858177680104,-0.0092214004145445,-0.0353556771332769,7408.07,0,0,0,S1,50%
2025-09-24,19.01,24.88322509663636,5.873225096636357,1.3089545027162734,0.8116000415465346,0.3521852981955853,0.3418138491785668,-0.0549477745295723,-0.0385152590171422,7534.22,0,0,0,S1,50%
2025-09-25,18.16,24.99852796296293,6.838527962962928,1.3765709230706458,1.314162232600733,0.8865271381410086,0.3646548868098619,0.0046337589230809,-0.0593237171727208,7506.51,0,0,0,S1,50%
2025-09-26,18.38,24.702209649290747,6.322209649290748,1.3439722333672877,0.9053349253969192,0.5918691479522357,0.2098187212319049,-0.0118534304944354,-0.0618226490964394,7397.59,0,0,0,S1,50%
2025-09-29,19.86,24.70879403104957,4.848794031049572,1.2441487427517408,-0.2011699978505233,-0.2230498358129959,0.1899838937861351,0.0002665503148222,-0.0070099862421116,7497.83,0,0,0,S2,80%-100%
2025-09-30,17.86,22.66,4.800000000000001,1.2687569988801792,-0.2939474552411599,-0.236661290458729,-0.7486948426758328,-0.0829176053058281,-0.0935466266824839,7574.96,0,0,0,S2,80%-100%
2025-10-09,17.14,22.99,5.849999999999998,1.3413068844807468,0.4440762975540494,0.3680814110621054,-0.6108583331176904,0.0145631067961164,-0.0693140279189521,7648.05,0,0,0,S1,50%
2025-10-10,19.03,23.59,4.559999999999999,1.2396216500262742,-0.595857246467694,-0.3538605634922874,-0.3534976161968364,0.0260983036102653,-0.0452791839878413,7533.82,0,0,0,S2,80%-100%
2025-10-13,22.46,26.21,3.75,1.1669634906500446,-1.1808909095693576,-0.7970343289355717,0.8319495514838137,0.1110640101738025,0.1566637246248896,7519.76,0,0,0,S1,50%
2025-10-14,22.59,26.57,3.98,1.1761841522797698,-0.9251317577249168,-0.6471797792154664,0.9672304813235174,0.0137352155665775,0.1557198782079165,7373.15,0,0,0,S1,50%
2025-10-15,20.84,24.85,4.010000000000002,1.192418426103647,-0.8740774160169182,-0.6089623115199243,0.1390185323743198,-0.0647346631539329,0.0534124629080119,7483.45,0,0,0,S2,80%-100%
2025-10-16,22.0,24.85,2.8500000000000014,1.1295454545454546,-2.215795785678378,-1.2231296832944296,0.1123008549534628,0.0,-0.0518885921404044,7401.84,0,0,0,S1,50%
2025-10-17,21.66,27.0,5.34,1.2465373961218835,0.0261626237535182,0.1761432157803755,1.1298564965985518,0.0865191146881287,0.0161836657884832,7185.48,0,0,0,S1,50%
2025-10-20,21.82,25.72914345368779,3.90914345368779,1.1791541454485697,-1.1980621190956184,-0.6102927653349715,0.4738516357510641,-0.0470687609745262,0.0353780061846191,7239.18,0,0,0,S1,50%
2025-10-21,20.94,24.138013318222047,3.1980133182220456,1.152722699055494,-1.6033019385849168,-0.98006970121849,-0.3843736271595983,-0.0618415509373548,-0.0286513755242637,7344.05,0,0,0,S1,50%
2025-10-22,19.0,25.65,6.649999999999999,1.35,1.177619226585717,0.9330589055687002,0.3952083719353449,0.0626392347143389,-0.05,7312.21,0,0,0,S0,20%
2025-10-23,17.02264109,24.44,7.417358910000001,1.43573490569318,1.6351038433599243,1.318252175527888,-0.2800005611386995,-0.0471734892787523,-0.0501044061574857,7308.1,0,0,0,S1,50%
2025-10-24,16.65,23.66,7.010000000000002,1.4210210210210212,1.2596935634095388,1.077171682534256,-0.7211212466291246,-0.0319148936170212,-0.0198033413902042,7419.24,0,0,0,S1,50%
2025-10-27,17.43,23.32870598911916,5.898705989119161,1.3384226040802731,0.4535937756068074,0.4781690168507505,-0.9048622309002744,-0.0140022827929349,-0.0904987918472061,7495.38,0,0,0,S1,50%
2025-10-28,17.15,23.74,6.59,1.3842565597667638,0.9862474832122992,0.8411558132916096,-0.6814248623172471,0.0176303825455501,-0.0286415711947628,7479.22,0,0,0,S1,50%
2025-10-29,17.08,23.766716843786,6.686716843786002,1.3914939604090166,0.988347301203668,0.8775120587423733,-0.6720911316073983,0.0011253935882897,0.0045104329579881,7569.12,0,0,0,S1,50%
2025-10-30,17.2,23.71274518849771,6.512745188497711,1.3786479760754482,0.8271283033649975,0.773812716078095,-0.7123350411826809,-0.0022708923425576,0.0164620875053107,7485.08,0,0,0,S1,50%
2025-10-31,17.33,24.05,6.720000000000002,1.3877668782458166,0.9833827718359472,0.8723575332491414,-0.53827301662566,0.0142225123587074,0.0130581297388374,7506.67,0,0,0,S1,50%
2025-11-03,17.4,24.09,6.690000000000001,1.3844827586206898,0.938130124278598,0.8471532452046361,-0.5456146498388577,0.0016632016632016,0.0136023481214875,7538.12,0,0,0,S1,50%
2025-11-04,17.35,24.02,6.669999999999998,1.3844380403458212,0.8454980507314065,0.8296731786291116,-0.6154666628653623,-0.0029057700290576,0.0129573699316487,7435.73,0,0,0,S1,50%
2025-11-05,17.12,24.04,6.919999999999998,1.4042056074766354,0.9281788227348642,0.9547444686105472,-0.6325562012060746,0.0008326394671107,-0.0004158004158004,7464.86,0,0,0,S1,50%
2025-11-06,16.65,22.540507229714933,5.890507229714935,1.353784218000897,0.223786690641263,0.4209390598614118,-1.5314808603730126,-0.0623749072497947,-0.0643209950305133,7551.83,0,0,0,S1,50%
2025-11-07,16.28,23.27,6.989999999999998,1.4293611793611791,0.8834137158003815,1.0049075781264671,-1.0992267711915011,0.0323636359577295,-0.0312239800166528,7541.88,0,0,0,S1,50%
2025-11-11,17.23,23.71,6.48,1.376088218224028,0.4660108099981857,0.7484515349831821,-0.8517304985834943,0.0189084658358402,-0.0137271214642261,7540.79,0,0,0,S1,50%
2025-11-12,17.53,24.23,6.699999999999999,1.3822019395322305,0.5472931682383492,0.8739541519938451,-0.5508523042875777,0.0219316743989876,0.0749536269555559,7486.38,0,0,0,S1,50%
2025-11-13,17.07,23.42,6.350000000000001,1.3719976567076744,0.2158495913550433,0.6931532544521486,-1.0493167668451473,-0.0334296326867519,0.006446067898582,7590.58,0,0,0,S1,50%
2025-11-14,17.02,22.94,5.920000000000002,1.347826086956522,-0.2971475924623803,0.4613484842477081,-1.3417078061363403,-0.0204953031596926,-0.0324757486292703,7502.76,0,0,0,S2,80%-100%
2025-11-17,17.56,22.62533438912965,5.065334389129653,1.2884586781964495,-1.095687051615109,-0.000126375756493,-1.5330005939356608,-0.0137168967249498,-0.0662263974771089,7523.08,0,0,0,S2,80%-100%
2025-11-18,18.27,22.85,4.580000000000002,1.2506841817186647,-1.7033616542346013,-0.2956037013368838,-1.435572295218394,0.0099298249920358,-0.0243381725021349,7448.1,0,0,0,S1,50%
2025-11-19,17.56,22.56,5.0,1.284738041002278,-1.8165793654760405,-0.0507725312857571,-1.5862255908596017,-0.012691466083151,-0.0165649520488231,7387.21,0,0,0,S1,50%
2025-11-20,17.17,22.4,5.229999999999997,1.304601048340128,-1.342271007273482,0.0948430357417208,-1.6315592301491852,-0.0070921985815602,-0.0099593838152471,7340.41,0,0,0,S1,50%
2025-11-21,18.75,23.64,4.890000000000001,1.2608,-1.6015420797340016,-0.0782300727836673,-0.8317855929898772,0.0553571428571428,0.0345733041575491,7067.7,0,0,0,S1,50%
2025-11-24,17.12,17.83,0.7099999999999973,1.0414719626168225,-3.602045686527389,-2.316504982994165,-4.144650488937621,-0.2457698815566836,-0.2096631205673759,7156.41,0,0,0,S1,50%
2025-11-25,17.07,23.42,6.350000000000001,1.3719976567076744,0.3528560771807404,0.7674955091556859,-0.7429678587918539,0.3135165451486261,0.0455357142857144,7249.95,0,0,0,S1,50%
2025-11-26,15.9,23.07,7.17,1.450943396226415,0.894445047905364,1.2223137447736678,-0.9235155276614642,-0.0149444918872758,-0.0241116751269035,7248.45,0,0,0,S1,50%
2025-11-27,14.92252914,20.72501200001488,5.802482860014878,1.3888404442422069,-0.0206240524454026,0.3933348238175632,-2.199040207738069,-0.1016466406582193,0.1623674705560784,7257.45,0,0,0,S1,50%
2025-11-28,14.54,19.90114702381612,5.36114702381612,1.368717126809912,-0.2894178644431003,0.0836090824389991,-2.485636330641554,-0.0397522074389229,-0.1502499135859898,7334.21,0,0,0,S1,50%
2025-12-01,14.52,20.151104888719704,5.631104888719705,1.3878171410963984,-0.0630291347428029,0.226749362221737,-2.2144173612445366,0.0125599727796823,-0.1265234118456998,7386.68,0,0,0,S1,50%
2025-12-02,14.53,20.209830783476004,5.679830783476005,1.3909037015468688,0.007405609479529,0.2283624311454115,-2.068523273751825,0.002914276665255,-0.0248579453917084,7313.18,0,0,0,S1,50%
2025-12-03,14.17,20.12288078394895,5.952880783948951,1.4201045013372584,0.232285647974179,0.3979330506117604,-2.0120441257799624,-0.0043023615812828,0.0111417578025767,7248.27,0,0,0,S1,50%
2025-12-04,14.5,20.56,6.059999999999999,1.4179310344827585,0.3489440423695107,0.4514573053024287,-1.722428449149935,0.0217224969299483,0.0202914487090575,7248.66,0,0,0,S1,50%
2025-12-05,13.79,21.1,7.310000000000002,1.5300942712110226,1.179019702549692,1.322570421809979,-1.3998396520921177,0.0262645914396888,0.0440463468527316,7342.49,0,0,0,S1,50%
2025-12-08,14.26,21.95,7.689999999999999,1.5392706872370263,1.3831449564585216,1.538609222503132,-0.9466975436354308,0.0402843601895732,0.0907980937554653,7423.05,0,0,0,S0,20%
2025-12-09,14.06,21.54,7.479999999999999,1.5320056899004266,1.1661274815414753,1.3367176493629012,-1.1130992841234264,-0.0186788154897494,0.0476653696498055,7380.58,0,0,0,S1,50%
2025-12-10,15.71,22.1,6.390000000000001,1.406747294716741,0.4459144546043153,0.5431449887455458,-0.8080382385212146,0.0259981429897866,0.04739336492891,7408.24,0,1,1,S1,50%
2025-12-11,14.42,16.57,2.1500000000000004,1.1490984743411927,-2.0176867759238584,-2.351954117527928,-3.1755509627112195,-0.2502262443438914,-0.2451025056947607,7312.0,0,0,0,S1,50%
2025-12-12,13.88,17.92,4.040000000000001,1.2910662824207493,-0.8160572945046795,-1.1805407965021932,-2.391412944997713,0.0814725407362704,-0.1680594243268337,7370.94,0,0,0,S2,80%-100%
2025-12-15,14.33,18.98,4.65,1.324494068387997,-0.4431053606358,-0.7350401689179206,-1.842834228110372,0.0591517857142855,-0.1411764705882353,7309.08,0,0,0,S1,50%
2025-12-16,15.14,16.19,1.0500000000000007,1.0693527080581242,-2.131952353056392,-3.0660101318731066,-2.7560403769696777,-0.1469968387776606,-0.0229330114665057,7181.62,0,0,0,S1,50%
2025-12-17,14.74,17.06,2.3199999999999985,1.157394843962008,-1.3436756731861208,-2.085169806464145,-2.271604798490195,0.053736874613959,-0.0479910714285716,7288.74,0,0,0,S1,50%
2025-12-18,14.67,17.78,3.110000000000001,1.2119972733469666,-0.889881274484366,-1.5132363553282782,-1.9096384587126236,0.0422039859320049,-0.0632244467860906,7272.4,0,0,0,S1,50%
2025-12-19,14.29,14.5,0.2100000000000008,1.0146955913226032,-1.919787722111079,-3.033877009886159,-2.8938167050712496,-0.1844769403824522,-0.1043854231006795,7329.81,0,0,0,S2,80%-100%
2025-12-22,13.89,17.69,3.8000000000000007,1.2735781137509,-0.5084898794665226,-0.8991135376306421,-1.7114128488169258,0.2200000000000002,0.0369284876905042,7408.35,0,0,0,S2,80%-100%
2025-12-23,13.3,17.22,3.919999999999998,1.294736842105263,-0.4009770659041718,-0.8052318589105709,-1.794802061527621,-0.026568682871679,-0.0314960629921261,7392.42,0,0,0,S2,80%-100%
2025-12-24,13.94,15.87,1.93,1.1384505021520803,-1.1909122731059678,-1.869767677480093,-2.146870818081684,-0.078397212543554,0.0944827586206895,7506.38,0,0,0,S2,80%-100%
2025-12-25,13.66,15.53,1.8699999999999992,1.136896046852123,-1.1002464596639452,-1.8157900896347816,-2.146461443963561,-0.0214240705734088,-0.1221028829847372,7579.38,0,0,0,S2,80%-100%
2025-12-26,14.27,11.76,-2.51,0.8241065171688858,-2.395282522558284,-3.6518208804034855,-3.0553121890760355,-0.2427559562137797,-0.3170731707317072,7605.53,0,0,0,S2,80%-100%
2025-12-29,14.48,14.08,-0.4000000000000003,0.9723756906077348,-1.4278229834589349,-2.4500117670600563,-2.2161355686595208,0.1972789115646258,-0.1127914303717706,7594.16,0,0,0,S2,80%-100%
2025-12-30,15.0,14.38,-0.6199999999999992,0.9586666666666668,-1.3423939902434736,-2.3818260947582246,-2.017762175746264,0.0213068181818181,-0.074050225370251,7597.3,0,0,0,S2,80%-100%
2025-12-31,14.81,16.84,2.03,1.1370695476029709,-0.379790651088569,-1.1788473793114007,-1.2747588201539155,0.1710709318497913,0.4319727891156462,7595.28,0,0,0,S2,80%-100%
2026-01-05,17.17,22.4,5.229999999999997,1.304601048340128,0.7557025767949969,0.211268979437638,0.2904851819915968,0.3301662707838479,0.5909090909090908,7753.88,0,0,0,S1,50%
2026-01-06,18.75,23.64,4.890000000000001,1.2608,0.7141941515010186,0.0703865886426233,0.63528781850779,0.0553571428571428,0.6439499304589706,7864.9,0,0,0,S1,50%
2026-01-07,17.12,17.83,0.7099999999999973,1.0414719626168225,-0.7608085405937116,-1.682028396690315,-0.965266766774308,-0.2457698815566836,0.0587885985748217,7906.42,0,0,0,S1,50%
2026-01-08,17.07,23.42,6.350000000000001,1.3719976567076744,1.583858927636253,0.6965105522142354,0.6187917835202452,0.3135165451486261,0.0455357142857144,7971.59,0,0,0,S1,50%
2026-01-09,17.84,17.83,-0.0100000000000015,0.999439461883408,-0.9846418037389204,-1.9111748284602936,-0.935367051029079,-0.2386848847139199,-0.2457698815566836,8129.18,0,0,0,S1,50%
2026-01-12,20.13,27.243210338246936,7.113210338246937,1.353363653166763,1.8312449856740425,0.986648062438628,1.7255517012987365,0.5279422511635972,0.5279422511635972,8357.01,0,0,0,S0,20%
2026-01-13,19.38,25.79074809748944,6.410748097489442,1.330791955494811,1.4332660849809364,0.6767099089793293,1.3042172771056415,-0.0533146506129041,0.10122750202773,8203.13,0,0,0,S1,50%
2026-01-14,19.15,25.930375151921886,6.780375151921888,1.3540665875677227,1.462859164400353,0.8134654472605779,1.3588169396810983,0.0054138427433223,0.4543115620819904,8257.17,0,0,0,S0,20%
2026-01-15,16.83,24.774451438858662,7.944451438858664,1.4720410837111506,1.6376759881535892,1.2431313899670768,1.0418394734162175,-0.0445779787716472,-0.0906192357191606,8240.78,0,0,0,S0,20%
2026-01-16,16.68,21.679787855919763,4.999787855919763,1.2997474733764849,0.6016269732468714,0.0507689956718011,0.1741985016534629,-0.1249135057773641,-0.1593967040440309,8232.73,0,0,0,S1,50%
2026-01-19,15.75,20.60380294888533,4.853802948885331,1.3081779650085923,0.520265671965956,0.0040889242878635,-0.1113653185705689,-0.0496307857892912,-0.2054182468178353,8265.65,0,0,0,S1,50%
2026-01-20,15.43,19.52461730916163,4.094617309161631,1.2653672915853291,0.2118805191808925,-0.2828367338610414,-0.4040663938379597,-0.0523779829578541,-0.2119051613575863,8182.75,0,0,0,S1,50%
2026-01-21,15.77,19.933708262903007,4.163708262903008,1.2640271568105903,0.2288774342249419,-0.2368919288289537,-0.2674946951080021,0.0209525721945607,-0.0805395147139311,8247.68,0,0,0,S1,50%
2026-01-22,16.25,20.325145673678108,4.075145673678108,1.2507781953032682,0.1961813025625985,-0.2611228350882147,-0.1382424179134524,0.0196369589447424,-0.0135245554375823,8309.35,0,0,0,S1,50%
2026-01-23,17.91,23.0665070764625,5.1565070764625,1.2879121762402288,0.5077792295503989,0.1940772699539708,0.6768306992211967,0.1348753630993437,0.1814063605558553,8470.74,0,0,0,S1,50%
2026-01-26,19.29,24.66715858216255,5.377158582162551,1.2787536849228902,0.5244542344872927,0.2957426696389508,1.1413391879601429,0.0693928864216024,0.2374595964198282,8365.43,0,0,0,S1,50%
2026-01-27,17.96,24.833649515758523,6.8736495157585225,1.382719906222635,0.9851417489429564,0.9125464593579792,1.1781974830026114,0.0067494978410835,0.2218190174114771,8382.15,0,0,0,S0,20%
2026-01-28,17.99,25.13336869730133,7.14336869730133,1.3970744134130813,1.012181258831774,1.018527955707917,1.253354023011686,0.0120690751213434,0.0896044474348651,8399.79,0,0,0,S0,20%
2026-01-29,17.99,24.3428120534953,6.352812053495303,1.3531301864088552,0.6268790705149229,0.6955196918441274,1.0204318465118491,-0.031454464116102,-0.0131489213719894,8332.21,0,0,0,S1,50%
2026-01-30,18.26,25.44666281979877,7.186662819798769,1.3935740865169095,0.9306789200132952,1.0335616631443063,1.324374849727121,0.0453460661766467,0.0246847852004696,8254.86,0,0,0,S0,20%
2026-02-02,23.03,33.64417326131524,10.614173261315235,1.460884640091847,2.1393818523409625,2.323583645027333,3.308200982169849,0.3221448132341502,0.3386256998222348,7975.43,0,0,0,S0,20%
2026-02-03,19.37,27.0025109007112,7.6325109007112,1.3940377336453895,0.8075922615032938,1.121840237235674,1.5190037009755428,-0.1974089929040032,0.1092601315481134,8209.1,0,0,0,S0,20%
2026-02-04,17.63,25.91815019204104,8.28815019204104,1.4701162899626228,1.0256788170031663,1.357379857010644,1.2162983010780284,-0.0401577732032912,0.0185284559936649,8207.12,0,0,0,S0,20%
2026-02-05,17.55,27.125961012370915,9.575961012370914,1.5456388041236988,1.4538887044676725,1.792520242876266,1.4857638730869418,0.0466009653999446,-0.1937397063770057,8068.08,0,0,0,S0,20%
2026-02-06,18.26,27.852789965526885,9.592789965526883,1.5253444668963243,1.51986169153319,1.7409247157195178,1.6229206730972825,0.0267945881373381,0.0314888888645272,8051.57,0,0,0,S0,20%
2026-02-09,17.53,27.09479217014056,9.56479217014056,1.5456241968134945,1.365685476431157,1.673131047545649,1.4005187264724013,-0.0272144297330533,0.0453983779467734,8233.78,0,0,0,S0,20%
2026-02-10,16.8,17.83,1.0299999999999976,1.0613095238095236,-2.321316345980573,-1.3681957540413054,-0.8215148535728982,-0.3419399607113687,-0.3426960986979024,8250.3,0,1,1,S2,80%-100%
2026-02-11,17.12,17.83,0.7099999999999973,1.0414719626168225,-2.042100571674868,-1.4306073132655577,-0.7985795868642958,0.0,-0.3598486894107194,8239.51,0,0,0,S1,50%
2026-02-12,17.11,25.66900063795621,8.55900063795621,1.5002338186999538,0.826708827700942,1.278392102815921,1.0646521314145263,0.4396523072325413,-0.0526223461405851,8314.83,0,0,0,S0,20%
2026-02-13,17.86,27.49323118317265,9.63323118317265,1.539374646314258,1.1019887615628223,1.5872465390432569,1.45381543910581,0.071067454901964,0.5419647326512986,8204.83,0,0,0,S0,20%
2026-02-24,16.59,17.83,1.2399999999999984,1.0747438215792646,-1.677971639042376,-1.2108955298295034,-0.7866729282662187,-0.3514767369026844,0.0,8299.77,0,0,0,S2,80%-100%
2026-02-25,15.55,23.64783017428722,8.097830174287218,1.5207607829123613,0.5152058801172665,1.0491829589080874,0.5687081592699218,0.326294457335234,-0.0787397410665192,8426.33,0,0,0,S1,50%
2026-02-26,15.15,22.1,6.950000000000001,1.4587458745874589,0.0901445655338657,0.6440829006828592,0.1924937909056734,-0.0654533698389886,-0.1961657815787617,8490.62,0,0,0,S1,50%
2026-02-27,14.8,23.181737783902072,8.381737783902071,1.5663336340474372,0.5077561919152894,1.1024057442961093,0.4469138744012603,0.0489474110362928,0.3001535492934422,8560.84,0,0,0,S1,50%
2026-03-02,15.83,24.05518152865133,8.225181528651332,1.5195945375016635,0.4038464064669726,1.0392308812202675,0.6463276714699516,0.0376780961328877,0.0172257391634618,8476.97,0,0,0,S1,50%
2026-03-03,18.32,27.01085376047017,8.69085376047017,1.4743915808116903,0.5081164967478378,1.163868905946475,1.293893633511701,0.1228705020703515,0.2222105773968401,8142.45,0,0,0,S0,20%
2026-03-04,19.02,27.442631098628794,8.422631098628795,1.442830236520967,0.3874636930602179,1.049571388288882,1.3443706112756892,0.0159853273053709,0.183803878486003,8094.52,0,0,0,S0,20%
2026-03-05,16.53,24.856105771180665,8.326105771180664,1.5036966588736034,0.332993942889866,0.9954011419472611,0.736525124549583,-0.0942520896830977,0.0332952898973295,8171.12,0,0,0,S1,50%
2026-03-06,15.48,24.08204446296864,8.602044462968639,1.5556876268067596,0.3886129426466794,1.0581166458669082,0.5459388758175098,-0.0311416967459765,-0.1084308301941859,8248.86,0,0,0,S1,50%
2026-03-09,17.88,26.25404078330609,8.37404078330609,1.4683467999611908,0.2896917793201632,0.9654141429589392,1.005392785565327,0.0901915252119629,-0.0433118206140989,8203.87,0,0,0,S0,20%
2026-03-10,16.63,24.524740154094804,7.894740154094805,1.474728812633482,0.1778875742309952,0.8006125603188696,0.6016970494718095,-0.0658679798467776,-0.0133313568962223,8350.09,0,0,0,S0,20%
2026-03-11,17.12,17.83,0.7099999999999973,1.0414719626168225,-1.975029350365063,-1.3987360584122,-0.8764347203999059,-0.2729790453244419,-0.2596143559398586,8363.53,0,0,0,S2,80%-100%
2026-03-12,16.53,25.84767170651261,9.31767170651261,1.5636824988815856,0.6868946654258727,1.2447043734662446,0.8832468429244404,0.4496731187051381,-0.0154783440822515,8335.91,0,0,0,S0,20%
2026-03-13,17.12,17.83,0.7099999999999973,1.0414719626168225,-1.709085191756242,-1.3445942779653426,-0.8656120332711702,-0.3101893198563207,-0.2729790453244419,8214.29,0,0,0,S1,50%
2026-03-16,17.67,25.88433210302934,8.214332103029339,1.4648744823446145,0.4759063844646091,0.9151117928882992,0.8794357764614466,0.4517292261934573,0.4517292261934573,8211.35,0,0,0,S0,20%
2026-03-17,17.88,26.335604701310217,8.455604701310218,1.4729085403417348,0.5694428423532173,0.9554561275964164,0.9457392894593648,0.0174341990546498,0.018877251318333,8019.86,0,0,0,S0,20%
2026-03-18,19.33,24.875265370227368,5.545265370227369,1.2868735318275928,-0.3843485094129789,0.0718391892413503,0.6036580591382212,-0.0554511410558268,0.3951354666420286,8096.59,0,0,0,S1,50%
2026-03-19,17.88,26.692574806866848,8.812574806866849,1.4928733113460206,0.5848317389469476,1.0265820855667465,0.9700253658747968,0.0730568864127405,0.0312251712974627,7909.23,0,0,0,S0,20%
2026-03-20,19.94,26.77034453272229,6.83034453272229,1.3425448612197737,-0.0858890134668538,0.4109839037086173,0.9555445607474886,0.0029135340602448,0.016507683660305,7783.43,0,0,0,S1,50%
2026-03-23,42.16,33.038290362803934,-9.121709637196062,0.7836406632543629,-3.3753779528237247,-3.806508740144073,2.2051970235042964,0.2341376601418081,0.3281583079047954,7409.11,0,0,0,S1,50%
2026-03-24,28.87,29.18256186768326,0.3125618676832573,1.010826528149749,-1.2617655389685067,-1.2859359555763836,1.3346581557454795,-0.1167048431616678,0.0932838843323515,7600.86,0,0,0,S1,50%
2026-03-25,17.27,27.06903483992064,9.79903483992064,1.5674021331743275,0.7829406605796849,1.154388840843677,0.86078234526023,-0.0724243141279222,0.0111575070254792,7751.18,0,0,0,S0,20%
2026-03-26,18.54,28.29875886123276,9.75875886123276,1.5263623981247445,0.7333308343486095,1.10758786588536,1.0904584113589186,0.045429178712296,-0.1434557130385646,7639.38,0,0,0,S0,20%
2026-03-27,17.458477056847013,27.7998827577628,10.341405700915786,1.5923429441893964,0.8249994119859064,1.2170608990096123,0.9508698270477896,-0.0176289040065776,-0.0473803196645198,7746.3131,0,0,0,S0,20%
