date,ivix_50,ivix_1000,csi1000_close,spread_1000_50,ratio_1000_50,z_20_spread,z_60_spread,z_60_ivix_1000,d1_ivix_1000,d3_ivix_1000,ivix_1000_ma20,spread_ma20,csi1000_ma5,csi1000_ma10,csi1000_ma20
2022-07-22,19.918,24.34,7034.6,4.422000000000001,1.222010241992168,,,,,,,,,,
2022-07-25,20.407,23.952,6948.91,3.5450000000000017,1.1737149017493997,,,,-0.01594083812654057,,,,,,
2022-07-26,19.376,22.39,7027.42,3.0139999999999993,1.1555532617671345,,,,-0.06521376085504349,,,,,,
2022-07-27,19.648,22.646,7099.43,2.998000000000001,1.1525855048859937,,,,0.011433675748101946,-0.06959737058340176,,,,,
2022-07-28,19.7,25.659,7150.2,5.959,1.30248730964467,,,,0.13304777885719332,0.07126753507014016,,,7052.111999999999,,
2022-07-29,21.31,24.176,7117.43,2.8659999999999997,1.1344908493664947,,,,-0.05779648466425036,0.07976775346136655,,,7068.678,,
2022-08-01,21.57,24.749,7180.45,3.1789999999999985,1.1473806212331943,,,,0.023701191264063448,0.09286408195707851,,,7114.986,,
2022-08-02,25.36,26.375,6957.98,1.0150000000000006,1.0400236593059937,,,,0.06569962422724163,0.02790443898826922,,,7101.098,,
2022-08-03,23.47,25.659,6916.67,2.189,1.0932680017043033,,,,-0.02714691943127967,0.06134182660489751,,,7064.545999999999,,
2022-08-04,21.33,25.45,6960.31,4.120000000000001,1.1931551804969527,,,,-0.008145290151603701,0.028324376742494772,,,7026.567999999999,7039.339999999999,
2022-08-05,19.557,23.312,7090.0,3.7550000000000026,1.1920028634248607,,,,-0.08400785854616888,-0.11613270142180088,,,7021.081999999999,7044.88,
2022-08-08,19.71,25.488,7176.11,5.777999999999999,1.2931506849315069,,,,0.09334248455730942,-0.006664328305857614,,,7020.214,7067.6,
2022-08-09,19.45,24.651,7207.4,5.2010000000000005,1.2674035989717225,,,,-0.032838983050847426,-0.03139489194499012,,,7070.098,7085.598,
2022-08-10,19.917,24.603,7212.08,4.686,1.235276397047748,,,,-0.00194718267007421,0.055379203843514135,,,7129.18,7096.863,
2022-08-11,20.006,22.804,7294.49,2.7979999999999983,1.1398580425872238,,,,-0.0731211640856807,-0.1053044569993723,,,7196.0160000000005,7111.2919999999995,
2022-08-12,19.174,21.013,7228.83,1.8390000000000022,1.0959111296547408,,,,-0.07853885283283624,-0.14758021986937642,,,7223.781999999999,7122.432000000001,
2022-08-15,19.43,21.501,7283.5,2.0710000000000015,1.1065877509006692,,,,0.023223718650359215,-0.12608218509937807,,,7245.259999999999,7132.736999999999,
2022-08-16,19.167,21.586,7324.62,2.418999999999997,1.1262065007565085,,,,0.0039533044974651155,-0.05341168216102443,,,7268.704,7169.401,
2022-08-17,18.918,20.92,7328.67,2.0020000000000024,1.1058251400782324,,,,-0.030853330862596007,-0.004425831628039778,,,7292.022,7210.601000000001,
2022-08-18,19.488,22.082,7351.44,2.594000000000001,1.133107553366174,-0.5396749765450995,,,0.05554493307839392,0.027021998976791695,23.6678,3.3225000000000002,7303.411999999999,7249.714,7144.527
2022-08-19,18.76,21.701,7234.41,2.940999999999999,1.1567697228144989,-0.2317191723561625,,,-0.017253871931890208,0.005327527100898788,23.535850000000003,3.2484500000000005,7304.528,7264.155000000001,7154.5175
2022-08-22,18.349,21.369,7288.58,3.0199999999999996,1.1645866259741675,-0.15250722958521734,,,-0.015298834155108132,0.02146271510516251,23.406699999999997,3.2222,7305.544,7275.401999999999,7171.500999999999
2022-08-23,18.027,21.705,7306.02,3.6779999999999973,1.204027292394741,0.3180644744611214,,,0.01572371191913513,-0.017072728919482083,23.372449999999997,3.2554000000000003,7301.823999999999,7285.264,7185.431
2022-08-24,18.92,23.319,7039.41,4.398999999999997,1.232505285412262,0.7945638410920957,,,0.07436074637180368,0.07455877609326755,23.406100000000002,3.325449999999999,7243.972,7267.997,7182.43
2022-08-25,17.85,22.683,7016.31,4.832999999999998,1.2707563025210082,1.2454057679857655,,,-0.02727389682233372,0.0614909448266181,23.257299999999997,3.26915,7176.945999999999,7240.178999999999,7175.7355
2022-08-26,17.01815914,22.074,6980.18,5.05584086,1.2970850618100402,1.277511957616437,,,-0.02684830048935316,0.017000691085003572,23.1522,3.378642043,7126.1,7215.314,7168.873000000001
2022-08-29,17.687,23.625,7021.31,5.937999999999999,1.335726804998021,1.6927400847449805,,,0.07026365860288109,0.013122346584330424,23.096,3.516592043,7072.646000000001,7189.094999999999,7160.916
2022-08-30,17.416,23.87,6976.72,6.454000000000001,1.3705787781350482,1.842350993251475,,,0.010370370370370363,0.052329938720627744,22.970750000000002,3.7885420429999996,7006.786,7154.305,7161.853
2022-08-31,17.566,23.253,6750.74,5.687000000000001,1.323750426961175,1.1848697542213715,,,-0.02584834520318391,0.05341125305789607,22.85045,3.9634420429999997,6949.052000000001,7096.512,7153.556500000001
2022-09-01,17.853,23.428,6717.1,5.574999999999999,1.312272447207752,1.026829775973818,,,0.007525910635186817,-0.008338624338624312,22.74935,4.036192043,6889.210000000001,7033.0779999999995,7141.396000000001
2022-09-02,18.29,23.639,6776.83,5.349,1.2924548933843631,0.8085883949183624,,,0.009006317227249427,-0.00967741935483879,22.7657,4.1158920430000006,6848.539999999999,6987.32,7125.7375
2022-09-05,19.14,24.262,6791.09,5.122,1.26760710553814,0.6953287460270495,,,0.026354752739117693,0.04339225046230588,22.7044,4.083092043,6802.496000000001,6937.571000000001,7106.486499999999
2022-09-06,18.098,20.851,6919.65,2.753,1.152116255939883,-0.8062078103552562,,,-0.14059022339460892,-0.10999658528256795,22.514400000000002,3.9606920429999994,6791.082,6898.933999999999,7092.099
2022-09-07,17.95,19.63,6963.52,1.6799999999999997,1.0935933147632313,-1.3565589843003334,,,-0.058558342525538376,-0.16959262236135197,22.26575,3.8103920429999993,6833.638000000001,6891.344999999999,7079.671
2022-09-08,17.493,17.918,6897.1,0.4250000000000007,1.0242954324586977,-1.8858289132123502,,,-0.08721344880285276,-0.2614788558239223,22.021449999999998,3.691742042999999,6869.638000000001,6879.424000000001,7059.8015
2022-09-09,16.964,19.0,6913.58,2.0360000000000014,1.1200188634755954,-0.9674134272797401,,,0.06038620381739035,-0.0887727207328185,21.9208,3.7015920429999993,6896.988,6872.764,7044.039
2022-09-13,17.174,20.612,6904.08,3.437999999999999,1.2001863281704903,-0.19756219618119744,,,0.08484210526315783,0.0500254712175241,21.87635,3.7699420429999995,6919.586,6861.041,7025.068000000001
2022-09-14,17.241,20.504,6829.56,3.2630000000000017,1.1892581636796011,-0.3318315069756613,,,-0.005239666213855854,0.144324143319567,21.82225,3.812142043,6901.568000000001,6846.325,7000.3150000000005
2022-09-15,17.59,22.802,6619.19,5.212,1.296304718590108,0.7624541079907015,,,0.11207569254779548,0.20010526315789479,21.91635,3.9726420429999996,6832.702,6833.17,6964.841
2022-09-16,19.0,22.2,6481.24,3.1999999999999993,1.1684210526315788,-0.5006062349378811,,,-0.026401192877817725,0.07704249951484576,21.92225,4.002942043,6749.530000000001,6809.584,6921.331
2022-09-19,18.97,19.13,6399.8,0.16000000000000014,1.0084343700579863,-2.0481977667539337,,,-0.13828828828828832,-0.06701131486539225,21.793699999999998,3.863892043,6646.774,6771.880999999999,6879.600499999999
2022-09-20,18.49,22.55,6482.13,4.060000000000002,1.2195781503515415,0.08016042386064076,,,0.17877679038159977,-0.011051662134900386,21.85275,3.9158920430000004,6562.384,6740.985000000001,6839.278
2022-09-21,19.42,23.18,6480.6,3.759999999999998,1.1936148300720906,-0.08901964014531906,,,0.027937915742793695,0.04414414414414414,21.9265,3.9199920429999997,6492.592000000001,6697.08,6798.007
2022-09-22,19.63,23.13,6487.27,3.5,1.1782985226693836,-0.2088326271707177,,,-0.002157031924072461,0.20909566126502876,21.91705,3.8750420429999997,6466.2080000000005,6649.455,6770.4
2022-09-23,19.2,22.97,6363.68,3.7699999999999996,1.1963541666666666,-0.02912455015011577,,,-0.006917423259835687,0.018625277161862464,21.931400000000004,3.8218920429999996,6442.696000000001,6596.113,6737.7685
2022-09-26,20.11,24.09,6283.59,3.9800000000000004,1.1979114868224765,0.12049329908363109,,,0.04875925119721369,0.03925798101811906,22.0322,3.7680999999999996,6419.454,6533.114,6702.939
2022-09-27,18.88,23.76,6409.78,4.880000000000003,1.2584745762711866,0.6831703329704815,,,-0.013698630136986245,0.027237354085603238,22.03895,3.7152000000000007,6404.984,6483.684,6672.3625
2022-09-28,19.56,24.44,6211.11,4.880000000000003,1.2494887525562373,0.7746053718690084,,,0.028619528619528545,0.06399651719634325,22.06745,3.6365000000000003,6351.086,6421.839,6634.082
2022-09-29,20.39411041,24.33,6228.78,3.9358895899999986,1.1929914818971503,0.2522835828208179,,,-0.0045008183306056715,0.00996264009962644,22.121299999999998,3.5489444795000002,6299.388,6382.798000000001,6607.9839999999995
2022-09-30,19.13,24.48,6124.86,5.350000000000001,1.2796654469419761,1.1931851584335067,,,0.006165228113440335,0.030303030303030276,22.1739,3.5376944795,6251.624,6347.16,6578.372
2022-10-10,20.53,24.97,5984.5,4.439999999999998,1.2162688748173403,0.6426386793870738,,,0.020016339869280975,0.021685761047463004,22.240450000000003,3.4922444795000005,6191.806,6305.63,6538.7555
2022-10-11,20.01,24.73,6017.72,4.719999999999999,1.2358820589705146,0.8582228869319473,,,-0.009611533840608644,0.016440608302507265,22.263849999999998,3.4721444795,6113.394,6259.189,6500.0869999999995
2022-10-12,20.82,24.81,6192.65,3.9899999999999984,1.19164265129683,0.3149000354942873,,,0.0032349373230893264,0.013480392156862697,22.4618,3.5339944795,6109.701999999999,6230.394,6463.737
2022-10-13,21.07,24.92,6252.22,3.8500000000000014,1.1827242524916943,0.15018756285077087,,,0.00443369609028621,-0.002002402883459986,22.726300000000002,3.6424944795000003,6114.39,6206.889,6428.1720000000005
2022-10-14,19.36,23.75,6406.46,4.390000000000001,1.2267561983471076,0.47235372773911505,,,-0.0469502407704655,-0.03962798220784469,23.0179,3.8407444794999996,6170.71,6211.1669999999995,6403.64
2022-10-17,19.19,24.16,6472.45,4.969999999999999,1.2589890568004167,0.8876911045083432,,,0.01726315789473687,-0.026199113260781837,23.2759,3.9874444795,6268.3,6230.053,6381.5835
2022-10-18,19.918,24.34,6508.5,4.422000000000001,1.222010241992168,0.3493637237743198,,,0.007450331125827825,-0.02327447833065821,23.4623,4.0366444795000005,6366.456,6239.925,6361.8045
2022-10-19,19.06,23.78,6461.15,4.720000000000002,1.2476390346274924,0.5563526743494489,,,-0.023007395234182382,0.001263157894736855,23.6261,4.1094944795,6420.156,6264.929,6343.384
2022-10-20,19.98,24.25,6429.7,4.27,1.2137137137137137,0.19450939714316628,,,0.019764507989907365,0.0037251655629138014,23.698500000000003,4.0623944795,6455.652,6285.021,6333.9095
2022-10-21,20.38,23.93,6432.33,3.5500000000000007,1.174190382728165,-0.5021526387496855,-0.18306068188962965,0.45129219908459517,-0.013195876288659814,-0.016844700082169317,23.785,4.0798944795,6460.825999999999,6315.768,6331.464
2022-10-24,24.64,26.25,6378.43,1.6099999999999994,1.0653409090909092,-3.2278835862706545,-1.5303823831886971,1.6972904719479334,0.09694943585457594,0.10386879730866272,24.141,4.1523944795,6442.022,6355.161,6330.3955
2022-10-25,22.9,26.68,6355.78,3.780000000000001,1.1650655021834062,-0.45260910342608424,0.01510839044597195,1.8539478114203127,0.016380952380952385,0.10020618556701022,24.3475,4.1383944795,6411.478,6388.967,6324.0779999999995
2022-10-26,21.11,25.0,6491.69,3.8900000000000006,1.1842728564661298,-0.3230191197395827,0.08338706499348629,0.9296645874084103,-0.06296851574212892,0.04471374843292941,24.438499999999998,4.1448944795000005,6417.586,6418.871000000001,6324.6325
2022-10-27,21.06551721,25.0,6461.61,3.9344827900000006,1.1867736144703944,-0.2990329552028515,0.10430929219081402,0.9032459709452276,0.0,-0.04761904761904767,24.532,4.166618619,6423.968,6439.8099999999995,6323.349499999999
2022-10-28,24.03,26.19,6239.93,2.16,1.0898876404494382,-2.154213219508657,-1.1342925984051833,1.5154083909629166,0.04760000000000009,-0.01836581709145424,24.692999999999998,4.086118619,6385.488,6423.157,6317.162
2022-10-31,26.78,26.94,6292.62,0.16000000000000014,1.0059746079163554,-2.9793024527381218,-2.4258420685730675,1.8318260425845725,0.028636884306987298,0.07760000000000011,24.8355,3.8951186190000002,6368.326,6405.174,6317.6135
2022-11-01,23.33,25.28,6439.82,1.9500000000000028,1.083583369052722,-1.3806056496352408,-1.1656699193116873,0.9788532768531085,-0.06161841128433554,0.011200000000000099,24.9115,3.7486186189999997,6385.134,6398.306,6319.1155
2022-11-02,22.09,24.34,6524.51,2.25,1.1018560434585785,-1.039444938401031,-0.9951354222453315,0.5291749328123333,-0.037183544303797555,-0.0706376479572356,24.9065,3.617118619,6391.697999999999,6404.642,6334.7855
2022-11-03,22.24,25.29,6566.84,3.0500000000000007,1.1371402877697843,-0.3964239569322986,-0.4521007854889599,1.0264631082183693,0.039030402629416594,-0.061247216035634766,24.954500000000003,3.5728241395000007,6412.744000000001,6418.356,6351.688499999999
2022-11-04,22.24,25.29,6709.64,3.0500000000000007,1.1371402877697843,-0.3251061241618381,-0.439206614299229,1.029391336655877,0.0,0.00039556962025311115,24.995,3.4578241395,6506.686,6446.0869999999995,6380.9275
2022-11-07,23.01,24.53,6713.64,1.5199999999999996,1.066058235549761,-1.3750615029200726,-1.4570888920752885,0.6224298328881801,-0.030051403716884084,0.007806080525883274,24.973,3.3118241395000005,6590.889999999999,6479.608,6417.3845
2022-11-08,22.35,23.91,6694.96,1.5599999999999987,1.0697986577181207,-1.2121437023430033,-1.384281466416365,0.31858150311487554,-0.02527517325723605,-0.05456702253855272,24.932000000000002,3.1538241395,6641.918000000001,6513.526,6451.2465
2022-11-09,22.18,23.85,6676.01,1.6700000000000017,1.075293056807935,-1.0212683787026888,-1.2642217336033472,0.2952631363137731,-0.0025094102885820924,-0.05693950177935936,24.884,3.0378241395000005,6672.217999999999,6531.9580000000005,6475.4145
2022-11-10,22.33,23.92,6603.31,1.5900000000000034,1.0712046574115541,-0.979795851602417,-1.2728400307644199,0.3389829745027628,0.002935010482180367,-0.02486750917244185,24.834,2.924824139500001,6679.512000000001,6546.128000000001,6492.968999999999
2022-11-11,21.81,24.2,6643.48,2.3900000000000006,1.1095827602017423,-0.3289276692375989,-0.7214658436689768,0.4733183501131718,0.011705685618728978,0.01212881639481389,24.8565,2.824824139500001,6666.280000000001,6586.483,6504.820000000001
2022-11-14,22.93,23.83,6599.67,0.8999999999999986,1.039249890972525,-1.3373188625172587,-1.696998029903191,0.2574476961525818,-0.0152892561983472,-0.0008385744234802317,24.839999999999996,2.621324139500001,6643.486,6617.188,6511.1810000000005
2022-11-15,23.16,23.7,6752.51,0.5399999999999991,1.0233160621761657,-1.4584460364161689,-1.8751753212649245,0.17025676265201764,-0.0054553084347460645,-0.009197324414715768,24.808,2.4272241395000007,6654.996000000001,6648.457,6523.3815
2022-11-16,22.91,23.62,6702.04,0.7100000000000009,1.0309908336970754,-1.2340313914481353,-1.7073235213731313,0.11010419353616926,-0.0033755274261603185,-0.023966942148760273,24.8,2.2267241395000004,6660.202,6666.210000000001,6535.426
2022-11-17,22.37,23.05,6714.5,0.6799999999999997,1.0303978542691103,-1.1626370362464111,-1.6814769552129871,-0.22027337576352582,-0.024132091447925497,-0.03273185060847661,24.74,2.0472241395000004,6682.4400000000005,6680.976000000001,6549.666
2022-11-18,21.78,22.76,6658.4,0.9800000000000004,1.0449954086317723,-0.8212317118301596,-1.4522458811214662,-0.38691489618785146,-0.012581344902386049,-0.03966244725738388,24.681500000000003,1.9187241395000008,6685.423999999999,6675.852000000001,6560.969499999999
2022-11-21,22.0,23.83,6689.33,1.8299999999999983,1.083181818181818,-0.08740080582226904,-0.9102943685540451,0.18397071419754946,0.04701230228470976,0.008890770533446224,24.5605,1.9297241395000007,6703.356,6673.421,6576.5145
2022-11-22,21.99,23.31,6583.23,1.3200000000000003,1.0600272851296044,-0.4588201747179755,-1.190994094194199,-0.12395527166116664,-0.02182123373898448,0.01127982646420822,24.392000000000003,1.8067241395000004,6669.5,6662.248,6587.887000000001
2022-11-23,22.08,22.75,6567.99,0.6700000000000017,1.0303442028985508,-1.007652962381804,-1.5235333638925153,-0.4515058670754488,-0.024024024024023927,-0.0004393673110720808,24.279500000000002,1.6457241395000004,6642.69,6651.446000000001,6591.702
2022-11-24,21.88829295,22.49,6586.86,0.6017070499999981,1.0274899029985798,-1.056191751192841,-1.5026771031864452,-0.589082412459649,-0.011428571428571455,-0.05623164078892151,24.154000000000003,1.4790853525000003,6617.161999999999,6649.8009999999995,6597.9645
2022-11-25,21.25084989,22.56,6512.16,1.3091501099999974,1.0616046001348889,-0.15618676475228732,-1.0534525528520078,-0.5481100447475059,0.003112494441974256,-0.03217503217503215,23.972500000000004,1.4365428580000001,6587.914,6636.669,6611.575999999999
2022-11-28,22.91,23.39,6492.71,0.4800000000000004,1.0209515495416848,-1.2278296757401115,-1.480668295650965,-0.09311950258196908,0.036790780141844115,0.028131868131868076,23.795,1.4525428580000002,6548.59,6625.973,6621.580499999999
2022-11-29,24.04,22.84,6594.32,-1.1999999999999993,0.9500831946755408,-2.5483859130717836,-2.327212728897429,-0.3970137560478393,-0.023514322359982964,0.015562472209871059,23.673,1.295042858,6550.808,6610.1539999999995,6629.3054999999995
2022-11-30,23.55,22.86,6590.31,-0.6900000000000013,0.970700636942675,-1.756325386551941,-1.9735187455073997,-0.37581171537250035,0.0008756567425569628,0.013297872340425565,23.599,1.148042858,6555.272,6598.981,6632.5955
2022-12-01,23.8,21.73,6658.43,-2.0700000000000003,0.9130252100840336,-2.5206501484223045,-2.5819125914747967,-0.9923781120095294,-0.049431321084864366,-0.07097050021376661,23.421,0.8920428579999999,6569.586,6593.374000000001,6637.175
2022-12-02,21.55,21.15,6680.54,-0.40000000000000213,0.9814385150812064,-1.025279623319792,-1.6166171066950081,-1.2780962173546537,-0.02669121030832955,-0.07399299474605958,23.214,0.7195428579999998,6603.262000000001,6595.588000000001,6635.719999999999
2022-12-05,22.2,21.52,6714.37,-0.6799999999999997,0.9693693693693693,-1.1538814487240039,-1.7046651250889933,-1.044072022075106,0.017494089834515503,-0.05861767279090113,23.063499999999998,0.6095428579999999,6647.594,6598.092,6635.7565
2022-12-06,21.8,21.17,6703.55,-0.629999999999999,0.9711009174311928,-1.002884553495549,-1.6175972848355606,-1.194810906264024,-0.016263940520445996,-0.02577082374597328,22.926499999999997,0.5000428579999999,6669.44,6610.124000000001,6636.186
2022-12-07,21.78,20.59,6705.29,-1.1900000000000013,0.9453627180899907,-1.3432639356410774,-1.8291705652066097,-1.5016931789746213,-0.027397260273972712,-0.02647754137115832,22.7635,0.3570428579999998,6692.436,6623.854000000001,6637.65
2022-12-08,21.36,20.4,6662.34,-0.9600000000000009,0.9550561797752809,-1.0351304396644254,-1.6475812474167943,-1.6323005129978931,-0.00922778047595929,-0.052044609665427566,22.5875,0.22954285799999957,6693.218000000001,6631.402,6640.6015
2022-12-09,20.96,20.1,6680.38,-0.8599999999999994,0.958969465648855,-0.8800618283946388,-1.5637475031068824,-1.9117658978099636,-0.014705882352941013,-0.05054322153991497,22.3825,0.06704285799999958,6693.186,6648.224,6642.4465
2022-12-12,21.49,20.34,6655.67,-1.1499999999999986,0.9464867380176827,-1.0438654800706697,-1.6435908053726378,-1.8392623007685627,0.011940298507462588,-0.012141816415735751,22.208000000000002,-0.035457142000000275,6681.445999999999,6664.5199999999995,6645.246499999999
2022-12-13,21.03,20.41,6593.67,-0.620000000000001,0.9705183071802187,-0.4937999882403583,-1.3330954807062465,-1.7894516686885262,0.003441494591936989,0.0004901960784313708,22.0435,-0.09345714200000028,6659.469999999999,6664.455,6637.3045
2022-12-14,20.68,20.58,6570.02,-0.10000000000000142,0.995164410058027,0.032357567941280654,-1.0459736376401274,-1.6919397209473526,0.00832925036746679,0.023880597014925176,21.8915,-0.1339571420000004,6632.416,6662.426000000001,6630.7035000000005
2022-12-15,19.8,19.69,6597.55,-0.10999999999999943,0.9944444444444445,0.06149506794406125,-1.019362580405341,-2.105257387450008,-0.04324586977648193,-0.03195673549655842,21.7235,-0.17345714200000034,6619.4580000000005,6656.338000000001,6624.856
2022-12-16,19.44,18.52,6519.44,-0.9200000000000017,0.9526748971193415,-0.6468256250668537,-1.3630419547670656,-2.584396215344554,-0.05942102590147291,-0.09260166585007357,21.511499999999998,-0.2684571420000005,6587.2699999999995,6640.228,6617.908
2022-12-19,19.95,19.09,6390.77,-0.8599999999999994,0.9568922305764411,-0.516754589251513,-1.3141435071773975,-2.2756438460177133,0.03077753779697634,-0.07240038872691923,21.2745,-0.4029571420000003,6534.29,6607.8679999999995,6602.9800000000005
2022-12-20,20.25,19.77,6341.58,-0.4800000000000004,0.9762962962962963,0.016484937004295337,-1.0953835704763994,-1.8327365837873992,0.03562074384494496,0.00406297613001505,21.0975,-0.4929571420000004,6483.872,6571.671,6590.897500000001
2022-12-21,19.82,19.52,6289.14,-0.3000000000000007,0.9848637739656911,0.3267426893315288,-0.9764795194500075,-1.8722371374774942,-0.01264542235710675,0.05399568034557234,20.936,-0.5414571420000005,6427.696000000001,6530.0560000000005,6576.955
2022-12-22,18.95,20.31,6186.93,1.3599999999999994,1.0717678100263852,2.283346180671829,-0.16964772288076577,-1.4229997548424664,0.04047131147540983,0.06390780513357774,20.826999999999998,-0.5035424945000004,6345.572,6482.515,6556.958499999999
2022-12-23,19.56,20.99,6160.75,1.4299999999999997,1.0731083844580778,2.320634253022722,-0.1183997496264467,-1.0581014017432067,0.03348104382077799,0.061709661102680835,20.7485,-0.49750000000000033,6273.834,6430.552000000001,6539.388000000001
2022-12-26,19.51,19.29,6275.52,-0.22000000000000242,0.9887237314197846,0.3899078091776499,-0.8853268221015569,-1.8065749230149242,-0.08099094807050977,-0.011782786885245922,20.5435,-0.5325000000000004,6250.784,6392.537,6528.5285
2022-12-27,18.85,18.78,6325.63,-0.07000000000000028,0.996286472148541,0.5128142455299955,-0.7857007152445674,-1.9464232500400789,-0.026438569206842844,-0.07533234859675031,20.3405,-0.47600000000000053,6247.594,6365.733,6515.094
2022-12-28,18.26,18.52,6268.47,0.259999999999998,1.0142387732749178,0.8536317176640178,-0.5973991481281792,-1.960969404368265,-0.013844515441959637,-0.11767508337303478,20.1235,-0.42850000000000055,6243.460000000001,6335.5779999999995,6499.0019999999995
2022-12-29,17.94050355,18.33,6261.83,0.38949644999999933,1.0217104524917306,0.9564827483053664,-0.5081871492455365,-1.9424840050706722,-0.01025917926565878,-0.04976671850699854,19.9535,-0.3055251775000006,6258.4400000000005,6302.005999999999,6479.1720000000005
2022-12-30,17.2,18.01,6281.62,0.8100000000000023,1.047093023255814,1.374478768656186,-0.26459247851616013,-1.9750187217963278,-0.017457719585379006,-0.041001064962726264,19.7965,-0.24502517750000036,6282.6140000000005,6278.224,6459.226
2023-01-03,17.23,18.17,6423.7,0.9400000000000013,1.0545560069645967,1.3733659111836314,-0.16907521990411362,-1.8202650996483407,0.008883953359244856,-0.018898488120950185,19.629,-0.16402517750000029,6312.25,6281.517,6444.6925
2023-01-04,17.17,18.14,6421.28,0.9699999999999989,1.0564938846825858,1.26364519873238,-0.12278924613009656,-1.751577671903154,-0.001651073197578512,-0.010365521003818712,19.4775,-0.08402517750000041,6331.38,6289.486999999999,6430.579
2023-01-05,17.73,17.94,6485.47,0.21000000000000085,1.011844331641286,0.2820747118510844,-0.521805321502632,-1.752472739708357,-0.011025358324145529,-0.0038867295946696245,19.345000000000002,-0.014025177500000296,6374.780000000001,6309.12,6419.588000000001
2023-01-06,17.94,17.77,6500.32,-0.1700000000000017,0.9905239687848383,-0.25594360786811116,-0.711746111577755,-1.7418883339719764,-0.009476031215161718,-0.022014309301045754,19.2135,0.02547482249999966,6422.478,6340.459,6411.487
2023-01-09,19.43,18.95,6535.75,-0.4800000000000004,0.9752959341224909,-0.7039439121086828,-0.8668843920729757,-1.2351205471800966,0.06640405177265052,0.0446527012127893,19.156,0.04447482249999961,6473.303999999999,6377.959,6404.2555
2023-01-10,19.3,18.93,6540.2,-0.370000000000001,0.9808290155440414,-0.6495135604827232,-0.7836146026302677,-1.2003694198777575,-0.0010554089709762238,0.05518394648829417,19.0855,0.08347482249999949,6496.604,6404.427000000001,6398.482
2023-01-11,19.41,18.93,6486.9,-0.4800000000000004,0.9752704791344667,-0.825076080077488,-0.8317825572033813,-1.1598750594046516,0.0,0.06527855936972426,19.011499999999998,0.09047482249999952,6509.728,6420.553999999999,6393.1435
2023-01-12,18.98,18.75,6489.57,-0.23000000000000043,0.9878819810326659,-0.45247044862823904,-0.6516909198860168,-1.187157503362888,-0.009508716323296307,-0.01055408970976246,18.919999999999998,0.08397482249999957,6510.548,6442.663999999999,6389.121
2023-01-13,17.71,18.1,6517.51,0.39000000000000057,1.0220214568040655,0.4040266397706357,-0.1947666268558206,-1.3820789153961681,-0.03466666666666662,-0.043845747490755316,18.8405,0.10897482249999957,6513.985999999999,6468.232,6385.119000000001
2023-01-16,19.28,17.98,6591.81,-1.3000000000000007,0.9325726141078838,-1.9053553405889572,-1.3815738648042397,-1.374981024072383,-0.006629834254143652,-0.05018489170628626,18.813499999999998,0.08997482249999962,6525.198,6499.250999999999,6388.7375
2023-01-17,18.7,17.92,6597.49,-0.7799999999999976,0.958288770053476,-1.20676966765029,-0.9671152153139488,-1.3585996745062132,-0.0033370411568408587,-0.044266666666666565,18.755,0.09397482249999971,6536.656,6516.63,6399.0735
2023-01-18,19.47,18.15,6613.01,-1.3200000000000003,0.9322033898305084,-1.7558628122244213,-1.3469680245362952,-1.2431175886332493,0.012834821428571175,0.0027624309392264568,18.674,0.05197482249999972,6561.878,6535.803,6412.645
2023-01-19,20.46,18.79,6676.08,-1.6700000000000017,0.918377321603128,-1.902760216926527,-1.6044529498978426,-0.9660760268606301,0.03526170798898076,0.045050055617352536,18.6375,-0.01652517750000033,6599.18,6554.864,6431.992
2023-01-20,20.63,18.74,6736.85,-1.8900000000000006,0.9083858458555502,-1.8983340101953239,-1.780832370166033,-0.954774664254625,-0.0026609898882384853,0.04575892857142838,18.559,-0.17902517750000033,6643.048000000001,6578.517,6459.487999999999
2023-01-30,19.37,19.59,6786.45,0.21999999999999886,1.0113577697470315,0.5570048180545218,-0.011120186347953916,-0.597469583785872,0.045357524012807016,0.07933884297520666,18.488999999999997,-0.23952517750000038,6681.976,6603.5869999999995,6490.772999999999
2023-01-31,19.28,19.05,6805.28,-0.23000000000000043,0.9880705394190871,0.012151969565862883,-0.3850396609186283,-0.7977769394683948,-0.027565084226646164,0.013837147418839901,18.476999999999997,-0.24002517750000027,6723.534,6630.094999999999,6517.261
2023-02-01,19.73,19.78,6916.72,0.05000000000000071,1.0025342118601115,0.34355669731064253,-0.12453101771776144,-0.4634734194984281,0.038320209973753405,0.0554962646744932,18.527,-0.23402517750000024,6784.276,6673.077,6546.8155
2023-02-02,19.93,20.15,6933.23,0.21999999999999886,1.0110386352232814,0.5524166949528709,0.05193305276284444,-0.27778087280247166,0.018705763397370845,0.028586013272077437,18.6085,-0.23602517750000018,6835.706,6717.443000000001,6580.0535
2023-02-03,20.04,20.3,6925.08,0.26000000000000156,1.0129740518962076,0.6121780753139595,0.13613221858716262,-0.18077060355078056,0.007444168734491496,0.06561679790026242,18.707,-0.24250000000000008,6873.352000000001,6758.2,6613.216
2023-02-06,20.96,20.47,6891.41,-0.490000000000002,0.97662213740458,-0.23285728047923182,-0.5466915289527072,-0.06854587276644418,0.008374384236453203,0.0348837209302324,18.83,-0.3075000000000003,6894.344,6788.160000000001,6643.705500000001
2023-02-07,20.61,20.48,6924.32,-0.129999999999999,0.9936923823386706,0.31700743963258554,-0.16145541516509468,-0.03252225940923743,0.0004885197850512668,0.016377171215880892,18.9455,-0.3610000000000003,6918.152,6820.842999999999,6668.736499999999
2023-02-08,20.08,19.69,6877.72,-0.389999999999997,0.980577689243028,0.05927316833123036,-0.40168422922727187,-0.39611668840811376,-0.03857421875,-0.03004926108374384,19.023,-0.4290000000000001,6910.351999999999,6847.314,6691.558499999999
2023-02-09,19.58,19.74,6999.18,0.16000000000000014,1.0081716036772217,0.9023574089420845,0.20267444137181387,-0.3447358092233707,0.002539360081259323,-0.035661944308744475,19.113,-0.4315000000000001,6923.5419999999995,6879.624000000001,6717.244000000001
2023-02-10,18.89,20.06,6975.39,1.1699999999999982,1.061937533086289,2.0572729800893046,1.3055217171965023,-0.15045047079609378,0.016210739614994862,-0.02050781250000011,19.2275,-0.36450000000000016,6933.604000000001,6903.478,6740.9975
2023-02-13,19.02,18.93,7052.18,-0.08999999999999986,0.9952681388012619,0.34099692903353374,-0.014031692614797362,-0.7285188692924026,-0.05633100697906279,-0.038598273235144864,19.2265,-0.3450000000000001,6965.758,6930.0509999999995,6766.819
2023-02-14,18.92,18.62,7061.45,-0.3000000000000007,0.9841437632135306,0.05549256257299435,-0.23553247566142438,-0.8752288757464338,-0.01637612255678811,-0.05673758865248213,19.211000000000002,-0.3415000000000001,6993.183999999999,6955.668,6792.8815
2023-02-15,18.38,18.31,7063.6,-0.07000000000000028,0.9961915125136017,0.33490365078052964,0.044474795212001504,-1.0264718055571067,-0.016648764769065627,-0.08723828514456633,19.18,-0.32100000000000006,7030.360000000001,6970.356,6821.7164999999995
2023-02-16,18.46,19.02,6925.2,0.5599999999999987,1.0303358613217768,1.0859406338483426,0.7869037324294946,-0.5900176480198274,0.03877662479519395,0.004754358161648264,19.1935,-0.28150000000000014,7015.564,6969.553,6843.498
2023-02-17,18.68,17.96,6868.55,-0.7199999999999989,0.961456102783726,-0.5013406358848884,-0.6902510688401464,-1.1966577913898784,-0.055730809674027326,-0.03544575725026855,19.1865,-0.3370000000000001,6994.196000000001,6963.9,6861.05
2023-02-20,19.35,19.09,6959.36,-0.26000000000000156,0.9865633074935399,0.03426654863411817,-0.12610575834444082,-0.4799676188973261,0.06291759465478841,0.04259967231021311,19.242,-0.28500000000000014,6975.6320000000005,6970.695,6879.4275
2023-02-21,19.52,19.04,6990.48,-0.4800000000000004,0.9754098360655737,-0.2908968511414308,-0.3605886942748908,-0.4871157683668208,-0.002619172341540077,0.001051524710830698,19.298,-0.2700000000000003,6961.438,6977.311,6899.077
2023-02-22,18.92,19.02,6998.43,0.09999999999999787,1.0052854122621564,0.4384654446508327,0.4059438724096382,-0.4751086384548084,-0.0010504201680672232,0.059020044543429684,19.3415,-0.19900000000000037,6948.404,6989.382,6918.348
2023-02-23,18.75,17.98,6966.79,-0.7699999999999996,0.9589333333333333,-1.01799117699545,-0.6951363059787857,-1.174456003273773,-0.05467928496319663,-0.05814562598218964,19.301,-0.15400000000000028,6956.722,6986.143000000001,6932.883500000001
2023-02-24,19.2,17.98,6944.82,-1.2199999999999989,0.9364583333333334,-2.131144464940343,-1.2390783340295353,-1.150196795056117,0.0,-0.05567226890756294,19.262999999999998,-0.12050000000000019,6971.976,6983.086,6943.282000000001
2023-02-27,19.36,16.98,6894.3,-2.379999999999999,0.8770661157024794,-2.979024095327341,-2.603862236368259,-1.8399174891688894,-0.05561735261401557,-0.10725552050473186,19.1325,-0.25050000000000006,6958.964,6967.298,6948.674499999999
2023-02-28,18.53,16.66,6955.57,-1.870000000000001,0.8990825688073394,-1.9189911840309182,-1.8655800388502193,-2.077660766102011,-0.018845700824499434,-0.07341490545050056,19.012999999999998,-0.33250000000000013,6951.982000000001,6956.710000000001,6956.189
2023-03-01,18.27,15.0,7002.77,-3.2699999999999996,0.8210180623973727,-2.692717409033708,-3.251252722261423,-3.171867014902639,-0.09963985594237701,-0.16573971078976646,18.773999999999997,-0.4985000000000001,6952.85,6950.627,6960.491499999999
2023-03-02,18.18,17.24,6972.31,-0.9400000000000013,0.9482948294829482,-0.3762483377211269,-0.6030470977851481,-1.4879375025566524,0.14933333333333332,0.015312131919905658,18.6285,-0.5565000000000001,6953.954000000001,6955.338000000001,6962.4455
2023-03-03,17.98,16.69,6967.94,-1.2899999999999991,0.9282536151279199,-0.6476899290165871,-1.0364510924609844,-1.8699592242200436,-0.03190255220417615,0.0018007202881153983,18.448,-0.6340000000000001,6958.5779999999995,6965.277,6964.5885
2023-03-06,17.97,16.59,6997.04,-1.379999999999999,0.9232053422370619,-0.683962427385243,-1.109698727764137,-1.877311530577477,-0.005991611743559111,0.1060000000000001,18.254,-0.6785,6979.126000000001,6969.045,6969.87
2023-03-07,18.23,16.98,6855.34,-1.25,0.9314317059791553,-0.5030778114956892,-0.9435095128212221,-1.5329186635325203,0.02350813743218816,-0.015081206496519561,18.079,-0.7345,6959.08,6955.531,6966.421
2023-03-08,18.3,16.6,6891.46,-1.6999999999999993,0.907103825136612,-0.8627187660440901,-1.4105627208588205,-1.7809234669992573,-0.022379269729092988,-0.005392450569203122,17.924500000000002,-0.8000000000000002,6936.818000000001,6944.834,6967.108
2023-03-09,18.12,15.94,6892.86,-2.1800000000000015,0.879690949227373,-1.1904442854101094,-1.880295756356599,-2.1946376559641263,-0.03975903614457843,-0.03918022905364682,17.7345,-0.9170000000000001,6920.928,6937.441000000001,6961.7919999999995
2023-03-10,18.57,16.68,6798.3,-1.8900000000000006,0.8982229402261712,-0.8541861795489805,-1.520298833176387,-1.5543098168443197,0.046424090338770485,-0.017667844522968212,17.5655,-1.0700000000000003,6887.0,6922.789,6952.9375
2023-03-13,18.03,16.33,6832.62,-1.7000000000000028,0.9057127010537991,-0.5840859452069879,-1.2852073468413812,-1.7501178188196922,-0.020983213429256686,-0.01626506024096408,17.435499999999998,-1.1505000000000003,6854.116,6916.621000000001,6941.9595
2023-03-14,18.35,17.88,6769.85,-0.4700000000000024,0.9743869209809263,0.7381324792430353,0.00248498007878601,-0.5336729360026372,0.0949173300673607,0.12170639899623592,17.3985,-1.1590000000000003,6837.017999999999,6898.049000000001,6927.3795
2023-03-15,17.38,16.23,6803.47,-1.1499999999999986,0.9338319907940162,0.07018122768288991,-0.7068271118631062,-1.7491488006315554,-0.09228187919463082,-0.026978417266186994,17.2945,-1.2130000000000003,6819.42,6878.119000000001,6914.373
2023-03-16,17.91,17.72,6689.78,-0.19000000000000128,0.9893914014517029,1.2730318052192724,0.30948235317881323,-0.5732111720572847,0.09180529882932831,0.08511941212492347,17.229499999999998,-1.2505000000000002,6778.804000000001,6849.866,6902.602000000001
2023-03-17,17.09,16.71,6736.37,-0.379999999999999,0.9777647747220597,1.006740864366396,0.11346913415559232,-1.320512303446985,-0.05699774266365676,-0.06543624161073813,17.167,-1.2335000000000005,6766.418000000001,6826.709,6895.9929999999995
2023-03-20,18.0,17.78,6721.45,-0.21999999999999886,0.9877777777777779,1.1896553510225998,0.27083316159543813,-0.47293234439105436,0.06403351286654702,0.09550215650030802,17.101499999999998,-1.2315,6744.183999999999,6799.15,6884.097499999999
2023-03-21,17.35,16.85,6809.39,-0.5,0.9711815561959655,0.8624474263093691,-0.03236649290721464,-1.1593614075896121,-0.05230596175478064,-0.04909706546275383,16.992,-1.2325000000000004,6752.092,6794.555,6875.043
2023-03-22,18.0,17.78,6840.33,-0.21999999999999886,0.9877777777777779,1.2457816698329367,0.2600990220557366,-0.4178515634553064,0.055192878338278906,0.06403351286654702,16.93,-1.2485,6759.464,6789.442,6867.138000000001
2023-03-23,17.38,16.23,6868.83,-1.1499999999999986,0.9338319907940162,0.14358420791952597,-0.7085838447413889,-1.5634736076387763,-0.08717660292463447,-0.08717660292463447,16.8425,-1.2675,6795.274,6787.039,6862.24
2023-03-24,16.43,15.09,6867.95,-1.3399999999999999,0.9184418746195983,-0.08125527189073957,-0.8852410445949497,-2.3124686447053855,-0.07024029574861368,-0.10445103857566773,16.698,-1.2734999999999999,6821.589999999999,6794.003999999999,6858.3965
2023-03-27,17.07,15.65,6886.69,-1.42,0.9168131224370241,-0.25025364852195925,-0.9509255019572833,-1.8437572833082307,0.03711066931742879,-0.1197975253093364,16.6315,-1.2255,6854.638000000001,6799.411,6858.0160000000005
2023-03-28,16.73,15.72,6825.38,-1.0099999999999998,0.9396294082486552,0.22597949931149014,-0.47619272742847235,-1.7132966895285935,0.004472843450479269,-0.031423290203327126,16.5845,-1.1824999999999999,6857.836,6804.964,6851.5065
2023-03-29,16.72,16.09,6806.28,-0.629999999999999,0.9623205741626795,0.7096926049982445,-0.040068828128425625,-1.385267499336298,0.023536895674300284,0.06626905235255132,16.639000000000003,-1.0505,6851.026,6805.245,6841.682000000001
2023-03-30,16.4,16.02,6807.64,-0.379999999999999,0.976829268292683,1.0516381547837872,0.2547294996464617,-1.3844828506031535,-0.004350528278433852,0.023642172523961502,16.578,-1.0224999999999997,6838.7880000000005,6817.031,6833.4485
2023-03-31,16.34,15.97,6875.81,-0.3699999999999992,0.9773561811505509,0.9715801947031699,0.2832985982670183,-1.3704071103679667,-0.003121098626716501,0.01590330788804062,16.542,-0.9764999999999999,6840.360000000001,6830.975,6828.842
2023-04-03,17.16,17.18,6962.2,0.019999999999999574,1.0011655011655012,1.4158436137784307,0.758405739919826,-0.4999136767806865,0.07576706324358162,0.06774394033561215,16.5715,-0.9065,6855.4619999999995,6855.05,6827.1
2023-04-04,16.87,17.27,6953.36,0.3999999999999986,1.02371072910492,1.7229563556715868,1.231850146439015,-0.4249626818544279,0.0052386495925493826,0.07802746566791519,16.586000000000002,-0.8240000000000001,6881.058,6869.447,6832.000999999999
2023-04-06,17.36,17.88,6983.03,0.5199999999999996,1.0299539170506913,1.6680593399345363,1.4039190036332234,0.010034203303052972,0.035321366531557485,0.11959924859110815,16.65,-0.7130000000000001,6916.408,6883.717,6836.5795
2023-04-07,16.58,17.6,7042.89,1.0200000000000031,1.0615199034981908,2.094091104206356,1.9412077226011069,-0.18422566656046235,-0.015659955257270597,0.024447031431897637,16.733,-0.5529999999999998,6963.4580000000005,6901.123,6844.081
2023-04-10,16.56,17.43,6968.57,0.870000000000001,1.052536231884058,1.7222517033926843,1.7048897862226402,-0.3003678814693807,-0.009659090909091006,0.009264620729589002,16.7705,-0.41499999999999976,6982.01,6911.185,6852.594500000001
2023-04-11,16.12,17.3,6984.14,1.1799999999999997,1.0732009925558312,1.9022224541161536,1.9607474401058664,-0.37438791706539065,-0.007458405048766492,-0.032438478747203514,16.819,-0.27099999999999963,6986.397999999999,6920.93,6860.1705
2023-04-12,15.72,17.22,7021.02,1.4999999999999982,1.0954198473282442,1.9513344812035116,2.186068026940985,-0.41255985173574367,-0.0046242774566475076,-0.021590909090909216,16.786,-0.1724999999999996,6999.93,6940.494000000001,6872.729000000001
2023-04-13,15.22,16.8,6966.82,1.58,1.1038107752956636,1.777679211407966,2.1443306294604936,-0.6878325778465414,-0.024390243902438935,-0.036144578313252906,16.814500000000002,-0.03599999999999968,6996.688,6956.548,6880.8965
2023-04-14,15.03,17.08,7020.09,2.049999999999999,1.1363938789088488,1.9347910958520678,2.449352929073899,-0.46908470418028597,0.016666666666666607,-0.012716763005780507,16.782500000000002,0.07600000000000033,6992.128,6977.793,6897.411999999999
2023-04-17,16.06,17.0,7012.77,0.9400000000000013,1.0585305105853051,0.7733730778540082,1.3547025957405716,-0.5123755163995428,-0.004683840749414414,-0.012775842044134622,16.797,0.14200000000000035,7000.968000000001,6991.489,6911.232000000001
2023-04-18,15.53,16.47,6997.07,0.9399999999999995,1.06052801030264,0.7095146955927548,1.3064543175739953,-0.8677972973725354,-0.03117647058823536,-0.019642857142857295,16.7315,0.20000000000000026,7003.554000000001,6994.976000000001,6925.013000000001
2023-04-19,15.19,15.11,6965.58,-0.08000000000000007,0.9947333772218565,-0.2915807704785722,0.32893235687701106,-1.7526710696322416,-0.08257437765634479,-0.11533957845433251,16.6445,0.22100000000000025,6992.466,6996.198000000001,6932.8225
2023-04-20,15.0,15.62,6963.9,0.6199999999999992,1.0413333333333332,0.3464325230490859,0.9598043545955572,-1.3505821012153458,0.03375248180013224,-0.0811764705882353,16.5365,0.2630000000000002,6991.882,6994.285000000001,6939.000999999999
2023-04-21,15.91,15.59,6773.51,-0.3200000000000003,0.9798868636077939,-0.633127753643107,0.05012683724844422,-1.3219074475654267,-0.001920614596670922,-0.05343047965998782,16.5045,0.3045000000000001,6942.566000000001,6967.347,6934.235000000001
2023-04-24,17.12,16.97,6725.27,-0.15000000000000213,0.9912383177570092,-0.56157558725795,0.18859163424430775,-0.3725910173319642,0.08851828094932634,0.12309728656518848,16.5985,0.364,6885.066000000001,6943.017,6927.101
2023-04-25,17.27,17.89,6603.24,0.620000000000001,1.035900405327157,0.18916998665114015,0.9286614058743319,0.2745622601395362,0.05421331761932824,0.14532650448143425,16.7105,0.466,6806.3,6904.927000000001,6912.9285
2023-04-26,16.51,17.65,6624.4,1.139999999999997,1.0690490611750452,0.7571436095261859,1.3877801779618784,0.12652756155105077,-0.013415315818893325,0.13213598460551634,16.807000000000002,0.5734999999999999,6738.064,6865.264999999999,6902.8795
2023-04-27,15.28,17.41,6633.49,2.130000000000001,1.1393979057591623,1.8450964202741005,2.2036534332320756,-0.013288815368721806,-0.01359773371104811,0.0259281084266354,16.872999999999998,0.7114999999999998,6671.981999999999,6831.932000000001,6894.24
2023-04-28,15.01,16.17,6723.3,1.160000000000002,1.0772818121252499,0.5090057942200772,1.285697385488688,-0.8719178264231026,-0.07122343480758175,-0.09614309670206811,16.8805,0.7884999999999999,6661.94,6802.253,6890.022999999999
2023-05-04,15.58,17.04,6733.97,1.459999999999999,1.0937098844672657,0.8398141356787685,1.5109307579110436,-0.2041996768806633,0.05380333951762517,-0.03456090651558075,16.934,0.8799999999999997,6663.68,6774.373,6882.931
2023-05-05,15.34,17.06,6653.65,1.7199999999999989,1.1121251629726205,1.1041343507395025,1.6680751409660577,-0.15350930394950374,0.0011737089201877549,-0.02010338885697882,16.927999999999997,0.9649999999999999,6673.762,6740.031,6867.503500000001
2023-05-08,16.16,17.04,6702.5,0.879999999999999,1.0544554455445545,-0.1623890632542862,0.9195044340715829,-0.13135637465484581,-0.0011723329425556983,0.05380333951762517,16.9165,0.9889999999999997,6689.3820000000005,6713.723,6854.960499999999
2023-05-09,16.32,17.75,6611.64,1.4299999999999997,1.0876225490196079,0.5915344885174342,1.3450241652887591,0.5221927022368799,0.04166666666666674,0.04166666666666674,16.91,1.0345,6685.012000000001,6678.497,6836.3910000000005
2023-05-10,16.36,17.59,6627.31,1.2300000000000004,1.0751833740831296,0.276116165661713,1.1481560611738675,0.43127181609984955,-0.00901408450704222,0.031066822977725783,16.9095,1.0449999999999995,6665.814,6663.877,6815.611999999999
2023-05-11,15.91,17.2,6622.52,1.2899999999999991,1.081081081081081,0.3339218279592643,1.1943743856114322,0.12133188187236761,-0.022171688459351913,0.009389671361502261,16.898,1.0659999999999996,6643.523999999999,6653.602000000001,6798.3095
2023-05-12,16.24,17.51,6535.94,1.2700000000000031,1.0782019704433499,0.2969096237851189,1.145566676643062,0.46615596565253775,0.018023255813953698,-0.013521126760563273,16.9085,1.0704999999999998,6619.982000000001,6646.872,6775.899500000001
2023-05-15,16.14,16.9,6585.91,0.759999999999998,1.0470879801734818,-0.409808359413064,0.7068268738737857,-0.13148017897851622,-0.03483723586522003,-0.039226833428084196,16.8925,1.0334999999999996,6596.664,6643.022999999999,6754.144
2023-05-16,16.34,17.74,6516.29,1.3999999999999986,1.0856793145654835,0.568243110970237,1.1980010734760096,0.7654910279217605,0.04970414201183426,0.03139534883720918,16.9395,1.0244999999999997,6577.594,6631.303,6731.6175
2023-05-17,16.9,17.51,6554.98,0.610000000000003,1.0360946745562132,-0.5520576003483882,0.5554056412623941,0.5698293143739026,-0.01296505073280707,0.0,16.961,0.9524999999999999,6563.128,6614.471,6708.361999999999
2023-05-18,16.14,17.08,6583.74,0.9399999999999977,1.0582403965303593,-0.020148087603958746,0.7983829426962583,0.11493318882439085,-0.02455739577384375,0.010650887573964374,16.965,0.9524999999999995,6555.372,6599.447999999999,6686.9105
2023-05-19,15.86,15.75,6602.32,-0.10999999999999943,0.9930643127364439,-1.5201975595368995,-0.0535707886198095,-1.3426944551237783,-0.07786885245901631,-0.1121758737316797,16.929000000000002,0.8999999999999997,6568.647999999999,6594.3150000000005,6667.173
2023-05-22,15.53,14.94,6595.98,-0.5899999999999999,0.9620090148100451,-2.056715581900828,-0.44044700524862007,-2.2143995867044004,-0.05142857142857149,-0.14677327241576255,16.9205,0.8744999999999997,6570.661999999999,6583.6630000000005,6648.692999999999
2023-05-23,15.84,15.91,6528.45,0.07000000000000028,1.004419191919192,-1.0604257796215113,0.09400028881986983,-1.0811101089790314,0.06492637215528796,-0.06850117096018726,16.935,0.8469999999999999,6573.094,6575.344,6626.9205
2023-05-24,16.62,15.96,6513.18,-0.6600000000000001,0.9602888086642599,-1.9490340716445527,-0.4985958704610045,-0.9888771722355657,0.00314267756128217,0.01333333333333342,16.953500000000002,0.8299999999999997,6564.7339999999995,6563.931,6613.9039999999995
2023-05-25,16.82499111,16.53,6501.0,-0.294991109999998,0.9824670867240656,-1.442469720617098,-0.2170949362007004,-0.26560140850316893,0.03571428571428581,0.10642570281124519,16.9315,0.8227504445000001,6548.186,6551.7789999999995,6602.6905
2023-05-26,16.18,15.57,6546.41,-0.6099999999999994,0.9622991347342399,-1.6362304229773315,-0.5136070757159866,-1.4114188417012337,-0.05807622504537213,-0.021370207416719023,16.8155,0.7612504445,6537.004,6552.826,6599.849
2023-05-29,16.6,16.36,6534.12,-0.240000000000002,0.9855421686746987,-1.0818660697922406,-0.2300846942478927,-0.43430338851078837,0.05073859987154772,0.025062656641603898,16.750999999999998,0.6922504445000001,6524.6320000000005,6547.646999999999,6595.335000000001
2023-05-30,16.41,15.82,6564.47,-0.5899999999999999,0.9640463132236441,-1.3692425071711678,-0.6112775840305474,-1.145062965156575,-0.033007334963325086,-0.042952208106473155,16.6715,0.5562504445,6531.836,6552.464999999999,6591.884
2023-05-31,17.87,16.39,6561.65,-1.4800000000000004,0.9171796306659206,-2.0282008018821873,-1.4102863514505402,-0.40913008482637225,0.03603034134007577,0.05266538214515104,16.682499999999997,0.4242504444999999,6541.530000000001,6553.132,6583.8015
2023-06-01,16.58,15.85,6574.76,-0.7299999999999986,0.9559710494571774,-1.1121004916903225,-0.7398555512723818,-1.0635067072836208,-0.032946918852959195,-0.03117359413202936,16.622999999999998,0.3147504445,6556.282000000001,6552.234,6575.841
2023-06-02,17.0,12.77,6626.28,-4.23,0.7511764705882352,-3.1901403877856582,-3.5301786312668595,-4.084901896613031,-0.19432176656151423,-0.1927939317319849,16.408499999999997,0.017250444500000038,6572.255999999999,6554.63,6574.472500000001
2023-06-05,16.63,12.77,6632.96,-3.8599999999999994,0.7678893565844859,-2.318370426470498,-2.9645633070334343,-3.5520024016129095,0.0,-0.22086638194020747,16.195,-0.2197495554999999,6592.023999999999,6558.3279999999995,6570.9955
2023-06-06,16.96,15.4,6489.81,-1.5600000000000005,0.9080188679245282,-0.7697138001121326,-1.194247730519731,-1.0617697466214961,0.20595144870790927,-0.028391167192428957,16.0775,-0.3692495554999999,6577.092,6554.464,6564.904
2023-06-07,17.25,15.27,6488.56,-1.9800000000000004,0.8852173913043478,-0.9424269129194973,-1.528082911496308,-1.1613419857768599,-0.008441558441558472,0.19577133907595923,15.961499999999997,-0.5297495554999999,6562.474,6552.002,6557.9665
2023-06-08,17.16,16.27,6442.48,-0.8900000000000006,0.9481351981351981,-0.1698536263274423,-0.7044836631510067,-0.2366900551505168,0.06548788474132294,0.2740798747063431,15.914999999999997,-0.6387495554999999,6536.018,6546.15,6548.9645
2023-06-09,16.48,14.67,6495.56,-1.8100000000000005,0.8901699029126213,-0.7115958294980406,-1.4250462471026626,-1.6410938606636647,-0.09834050399508298,-0.047402597402597446,15.773,-0.7927495555000001,6509.874,6541.065,6546.9455
2023-06-12,16.47,14.01,6530.16,-2.459999999999999,0.8506375227686703,-1.0557027981169178,-1.8547956346673964,-2.1174598853242443,-0.04498977505112478,-0.08251473477406679,15.628499999999999,-0.9537495555,6489.314,6540.669,6544.158
2023-06-13,16.07,13.89,6554.96,-2.1799999999999997,0.8643434971997511,-0.7828577558896124,-1.6016019801335288,-2.103644192055788,-0.008565310492505307,-0.1462814996926859,15.436000000000002,-1.1327495554999998,6502.344,6539.718,6546.0915
2023-06-14,16.32,17.75,6578.12,1.4299999999999997,1.0876225490196079,1.7950500666872098,1.079233428136598,1.1347808214317068,0.2778977681785457,0.20995228357191542,15.448000000000002,-1.0917495555000003,6520.255999999999,6541.365,6547.2485
2023-06-15,15.66,13.33,6613.95,-2.33,0.851213282247765,-0.799107978029992,-1.6537009864984038,-2.3984847718925235,-0.2490140845070422,-0.04853675945753033,15.260499999999999,-1.2552495555,6554.55,6545.284,6548.759
2023-06-16,15.36,13.37,6669.01,-1.9900000000000002,0.8704427083333333,-0.4831295286857188,-1.363087200670178,-2.232163960203513,0.0030007501875468634,-0.037437005039596905,15.141499999999999,-1.3492495555000001,6589.24,6549.557,6552.0935
2023-06-19,16.03,13.96,6693.3,-2.0700000000000003,0.8708671241422333,-0.4888728740493394,-1.3794476956196104,-1.6995797178998195,0.04412864622288715,-0.21352112676056334,15.092499999999998,-1.4232495555,6621.8679999999995,6555.591,6556.9595
2023-06-20,15.45,13.87,6693.91,-1.58,0.8977346278317152,-0.05821198508925344,-1.0098306983455547,-1.6954226575087097,-0.006446991404011615,0.04051012753188288,14.9905,-1.5057495555,6649.658,6576.001000000001,6565.2325
2023-06-21,15.97,14.23,6548.41,-1.7400000000000002,0.8910457107075767,-0.14298755512028538,-1.1075269452041805,-1.3802526332143623,0.02595529920692141,0.06432311144353031,14.904,-1.5597495555000003,6643.716,6581.986,6566.994000000001
2023-06-26,17.05,16.73,6420.97,-0.3200000000000003,0.9812316715542522,0.9854732408433824,-0.13609043903893223,0.4262993999979367,0.17568517217146873,0.1984240687679082,14.913999999999998,-1.5610000000000004,6605.12,6579.835000000001,6562.9925
2023-06-27,16.43,15.66,6507.27,-0.7699999999999996,0.953134510042605,0.6374515666612368,-0.45970068444508644,-0.3575850324140246,-0.06395696353855351,0.12905551550108152,14.9185,-1.5690000000000002,6572.772,6581.005999999999,6561.0355
2023-06-28,15.69,15.67,6475.51,-0.019999999999999574,0.9987253027405991,1.2142727551844963,0.05442758966771362,-0.3495775892075213,0.0006385696040869249,0.10119465917076598,14.884,-1.5580000000000003,6529.214,6575.541,6558.1050000000005
2023-06-29,15.83855761,15.58,6520.04,-0.25855761000000044,0.9836754320458604,1.0006724640306026,-0.11777073978348959,-0.40868122758843195,-0.00574345883854499,-0.06873879258816495,14.872,-1.5414278805,6494.4400000000005,6572.049000000001,6555.883499999999
2023-06-30,15.46,15.07,6602.04,-0.39000000000000057,0.9747736093143596,0.8388422113884537,-0.21015946756308654,-0.7662146768054348,-0.03273427471116819,-0.037675606641123904,14.806000000000001,-1.4869278805000001,6505.166,6574.441000000001,6557.903
2023-07-03,15.09,15.6,6612.88,0.5099999999999998,1.033797216699801,1.4090653390435952,0.41246743311708434,-0.3756558733069064,0.03516921035169207,-0.004467134652201721,14.7935,-1.4249278805,6543.548,6574.334,6559.808999999999
2023-07-04,14.73,15.52,6638.45,0.7899999999999991,1.053632043448744,1.5227277041657923,0.5984533794421891,-0.4152211616029878,-0.00512820512820511,-0.0038510911424903815,14.931000000000001,-1.1739278805000002,6569.784,6571.278,6560.4175000000005
2023-07-05,15.01,15.82,6584.42,0.8100000000000005,1.0539640239840107,1.4620104452970821,0.6063056010908107,-0.17983758818032722,0.019329896907216648,0.049767750497677454,15.0835,-0.9404278805,6591.566000000001,6560.389999999999,6557.9905
2023-07-06,15.25,16.29,6567.08,1.0399999999999991,1.0681967213114754,1.4620242270698591,0.7583599617742994,0.18744241411690887,0.02970922882427307,0.044230769230769296,15.128,-0.8104278805,6600.974,6547.707,6561.854000000001
2023-07-07,15.4,16.44,6521.43,1.040000000000001,1.0675324675324676,1.3087560614729494,0.757993213571732,0.3170974252930722,0.009208103130755152,0.05927835051546393,15.1865,-0.6594278805000001,6584.852000000001,6545.009,6563.4975
2023-07-10,15.36,16.79,6526.85,1.4299999999999997,1.0930989583333333,1.4320782630216382,1.0176048018176977,0.5928754571164397,0.021289537712895212,0.061314791403286995,15.212500000000002,-0.5434278805000001,6567.646000000001,6555.597,6567.716
2023-07-11,14.97,15.9,6579.37,0.9299999999999997,1.062124248496994,0.967257456999013,0.675574812947818,-0.06514953622058856,-0.053007742703990446,-0.023941068139963106,15.274000000000001,-0.40642788050000006,6555.83,6562.807000000001,6571.9065
2023-07-12,15.22,16.85,6482.99,1.6300000000000008,1.107095926412615,1.3427682881947303,1.1581735464063765,0.6688741718835441,0.05974842767295607,0.024939172749391725,15.416000000000002,-0.20192788050000007,6535.544,6563.555,6569.548
2023-07-13,14.87,16.01,6548.31,1.1400000000000023,1.0766644250168125,0.8963426822059488,0.8277580172818341,0.03403372344023141,-0.04985163204747778,-0.046456223942823005,15.522,-0.035927880499999974,6531.79,6566.3820000000005,6569.2155
2023-07-14,14.8,15.9,6544.46,1.0999999999999996,1.0743243243243243,0.890270345610395,0.8214601191229749,-0.03580264485339621,-0.006870705808869504,0.0,15.429499999999999,-0.05242788049999998,6536.396000000001,6560.624000000001,6567.532499999999
2023-07-17,15.04,16.0,6516.56,0.9600000000000009,1.0638297872340425,0.7095451164256977,0.7222910551037203,0.05498937310886814,0.0062893081761006275,-0.05044510385756684,15.562999999999999,0.11207211950000007,6534.338,6550.992,6562.6630000000005
2023-07-18,14.97,15.99,6510.03,1.0199999999999996,1.0681362725450902,0.6871306551475441,0.7631529381161986,0.05351009938396344,-0.0006249999999999867,-0.0012492192379763845,15.693999999999999,0.26257211950000003,6520.469999999999,6538.15,6554.714
2023-07-19,15.06,16.4,6492.35,1.339999999999998,1.0889774236387781,0.9260096512297734,0.9642977080294506,0.3578416514209472,0.02564102564102555,0.03144654088050314,15.816000000000003,0.43307211949999996,6522.342000000001,6528.943000000001,6544.6665
2023-07-20,15.66,16.0,6408.76,0.33999999999999986,1.0217113665389528,-0.2202866974135699,0.2683900574736343,0.03969453096913916,-0.024390243902438935,0.0,15.922500000000003,0.5290721195,6494.432000000001,6513.111,6530.409000000001
2023-07-21,15.14,15.28,6401.42,0.1399999999999988,1.0092470277410832,-0.7088979447331804,0.12297566866079321,-0.5194812127741132,-0.04500000000000004,-0.044402751719824995,15.975,0.6230721195,6465.8240000000005,6501.110000000001,6523.0595
2023-07-24,14.84,16.0,6393.79,1.1600000000000001,1.0781671159029649,0.7084662630163399,0.8174679949896148,0.05662866312004433,0.04712041884816753,-0.024390243902438935,15.9385,0.6970721194999999,6441.27,6487.804,6521.700500000001
2023-07-25,15.31,15.69,6498.27,0.379999999999999,1.024820378837361,-0.6668688974954606,0.27728749086341675,-0.16166737170741186,-0.01937500000000003,-0.01937500000000003,15.940000000000001,0.7545721194999999,6438.918,6479.694,6521.2505
2023-07-26,15.68,16.05,6457.25,0.370000000000001,1.0235969387755102,-0.7486669785365159,0.28065342207885696,0.1514153431665102,0.02294455066921608,0.050392670157068054,15.959,0.7740721194999999,6431.898,6477.120000000001,6520.3375
2023-07-27,15.06360091,16.04,6407.55,0.9763990899999992,1.0648184385548753,0.2910355869390965,0.730256166808535,0.16413285414695583,-0.0006230529595016021,0.0024999999999999467,15.982,0.8358199544999998,6431.656000000001,6463.044,6514.713
2023-07-28,15.20077873,16.11,6465.38,0.9092212699999997,1.0598141244044015,0.02178724947084318,0.6870338585908853,0.22298554065492782,0.00436408977556102,0.026768642447418722,16.034,0.900781018,6444.448,6455.136,6507.88
2023-07-31,18.36,17.42,6515.85,-0.9399999999999977,0.9488017429193901,-3.1513967325152277,-0.6076849258932475,1.2950711699970268,0.0813159528243328,0.08535825545171338,16.125,0.8282810180000002,6468.86,6455.0650000000005,6503.0285
2023-08-01,18.36,17.61,6507.41,-0.75,0.9591503267973857,-2.2642177960806347,-0.4474764023572836,1.4306203268813054,0.010907003444316832,0.09788029925187036,16.2295,0.751281018,6470.688,6454.803000000001,6496.4765
2023-08-02,17.77,17.68,6496.02,-0.08999999999999986,0.9949352841868317,-1.1558923868345317,0.044821387706342565,1.4632807055177843,0.003975014196479387,0.09745499689633763,16.3225,0.7062810180000001,6478.442,6455.17,6492.056500000001
2023-08-03,18.33,17.68,6499.54,-0.6499999999999986,0.9645390070921986,-1.702523330270008,-0.34292984098598,1.4663187737580405,0.0,0.01492537313432818,16.392,0.6217810180000002,6496.84,6464.2480000000005,6488.6795
2023-08-04,17.77,17.68,6535.32,-0.08999999999999986,0.9949352841868317,-0.866343053378389,0.08800725931858022,1.4625312454375121,0.0,0.003975014196479387,16.454,0.5652810180000001,6510.8279999999995,6477.638,6489.374
2023-08-07,18.36,17.61,6503.98,-0.75,0.9591503267973857,-1.5428486716800116,-0.3826780266276346,1.3909184138142128,-0.0039592760180995334,-0.0039592760180995334,16.494999999999997,0.45628101800000015,6508.454,6488.657000000001,6488.2305
2023-08-08,18.78,17.41,6471.34,-1.370000000000001,0.9270500532481363,-1.9615492340240284,-0.8210233294396696,1.2341272969161357,-0.011357183418512218,-0.015271493212669629,16.570500000000003,0.3412810180000001,6501.24,6485.964,6482.829
2023-08-09,19.01,17.8,6420.98,-1.2100000000000009,0.9363492898474487,-1.5965920365506587,-0.675978323102508,1.5134242272169525,0.02240091901206198,0.006787330316742057,16.618,0.19928101800000003,6486.232,6482.3369999999995,6479.7285
2023-08-10,19.05,17.62,6426.81,-1.4299999999999997,0.9249343832020998,-1.6231718026280857,-0.8144646483591195,1.3757130753032998,-0.010112359550561778,0.0005678591709257219,16.6985,0.07078101799999992,6471.686,6484.263,6473.6535
2023-08-11,19.03,18.74,6304.64,-0.2900000000000027,0.9847609038360482,-0.3254800566048071,0.06996385321983231,2.184810080360877,0.06356413166855823,0.07639287765651925,16.8405,0.0012810179999998006,6425.55,6468.189,6461.6625
2023-08-14,18.73,19.83,6319.41,1.0999999999999979,1.0587293112653495,1.2085506154271646,1.1344527785565575,2.8002487126574853,0.058164354322305156,0.11404494382022468,17.032,0.00828101799999965,6388.636,6448.545,6451.805
2023-08-15,18.25,18.42,6261.73,0.1700000000000017,1.0093150684931507,0.2340080742559933,0.4167130757062753,1.7058786440091205,-0.07110438729198165,0.04540295119182747,17.1535,-0.034218982000000245,6346.714,6423.977,6439.39
2023-08-16,18.92,19.65,6186.4,0.7299999999999969,1.038583509513742,0.9553650131061028,0.8244333926847819,2.3996697428481375,0.06677524429967407,0.048559231590181495,17.316,-0.0647189820000003,6299.798,6393.015,6424.0925
2023-08-17,19.11,18.91,6247.6,-0.1999999999999993,0.989534275248561,-0.13096889750451612,0.11909735422917511,1.81571718995089,-0.0376590330788803,-0.046394351991931315,17.4615,-0.09171898200000025,6263.956,6367.821,6416.0345
2023-08-18,19.72,20.74,6117.11,1.0199999999999996,1.0517241379310345,1.2380805667017054,1.019570809346914,2.756640370734211,0.09677419354838701,0.12595005428881634,17.7345,-0.04771898200000022,6226.45,6326.0,6401.819
2023-08-21,21.02,20.12,6057.17,-0.8999999999999986,0.9571836346336823,-0.8994075448678773,-0.42421141423960196,2.240521489781441,-0.02989392478302788,0.02391857506361328,17.9405,-0.15071898200000017,6174.0019999999995,6281.319,6384.987999999999
2023-08-22,20.32,19.37,6099.19,-0.9499999999999993,0.9532480314960631,-0.8707731238372691,-0.45702942966701215,1.7244138616195677,-0.03727634194831009,0.024325753569540032,18.1245,-0.21721898200000006,6141.494000000001,6244.104,6365.034000000001
2023-08-23,20.53939803,21.18,5973.67,0.6406019699999987,1.0311889359690256,0.9891442705549992,0.7279527959692509,2.5488697640896834,0.09344346928239533,0.02121504339440694,18.381,-0.2036888835000002,6098.947999999999,6199.373,6340.8550000000005
2023-08-24,19.76795694,20.0,5987.97,0.23204305999999875,1.0117383430520563,0.5804926936296032,0.4105362719191357,1.8279576136882973,-0.05571293673276678,-0.005964214711729698,18.579,-0.2409066850000002,6047.022,6155.489,6319.876
2023-08-25,19.800155,20.93,5879.03,1.1298449999999995,1.0570624320870214,1.6334318115642676,1.0479819187036563,2.1766470877734516,0.046499999999999986,0.08053691275167774,18.82,-0.22987549850000022,5999.406,6112.928,6290.5585
2023-08-28,20.32,19.37,5922.16,-0.9499999999999993,0.9532480314960631,-0.8640156789850885,-0.5035116570159102,1.3513033837020958,-0.07453416149068315,-0.08545797922568454,18.9175,-0.2303754985000003,5972.404,6073.2029999999995,6260.874
2023-08-29,20.61108648,20.97,6108.76,0.358913519999998,1.0174136147722377,0.6405748672663603,0.4512861974576983,2.0553096295699556,0.08260196179659252,0.04849999999999999,19.0855,-0.1749298225000004,5974.318000000001,6057.906,6240.9415
2023-08-30,20.2,20.97,6139.63,0.7699999999999996,1.0381188118811882,1.0490440311755587,0.77872803543305,1.985304784145522,0.0,0.00191113234591489,19.25,-0.13192982250000043,6007.51,6053.229,6223.122
2023-08-31,18.71743542,19.48,6104.3,0.7625645799999994,1.040740868761603,0.9438429298786432,0.7450914177290213,1.2177429293540898,-0.07105388650453026,0.005678884873515644,19.34,-0.06130159350000053,6030.776,6038.898999999999,6203.36
2023-09-01,18.06,19.33,6107.2,1.2699999999999996,1.0703211517165006,1.370001608714867,1.159250275390802,1.1073138995756069,-0.007700205338809107,-0.07820696232713398,19.4225,0.006698406499999443,6076.41,6037.908,6181.954
2023-09-04,17.58,18.08,6198.76,0.5,1.0284414106939703,0.4731915581237277,0.45300624624911023,0.49290883844698374,-0.06466632177961718,-0.13781592751549832,19.446,0.06919840649999945,6131.7300000000005,6052.067,6166.693
2023-09-05,17.22,18.41,6167.64,1.1900000000000013,1.0691056910569106,1.13234925096106,1.0400396164380454,0.6261068055509379,0.018252212389380684,-0.05492813141683783,19.496,0.19719840649999956,6143.505999999999,6058.911999999999,6151.508
2023-09-06,17.17,18.22,6195.38,1.0499999999999972,1.0611531741409432,0.8910506307712628,0.8946862124723894,0.5093035733391179,-0.010320478001086486,-0.057423693740299986,19.517000000000003,0.31019840649999947,6154.656000000001,6081.0830000000005,6140.228
2023-09-07,17.61,19.33,6083.49,1.7199999999999989,1.0976717773992049,1.6054626256425024,1.4985687365524816,1.024473116998683,0.06092206366630082,0.06913716814159288,19.6025,0.4676984064999994,6150.494000000001,6090.635,6123.062
2023-09-08,17.99,18.8,6102.49,0.8100000000000023,1.0450250138966093,0.3768538493131817,0.6361384343722717,0.7483442024504486,-0.027418520434557614,0.021184139054861495,19.6055,0.5226984064999997,6149.552000000001,6112.981,6112.9545
2023-09-11,18.06,19.33,6182.64,1.2699999999999996,1.0703211517165006,0.9594164460969392,1.0714051324645528,0.9870390831539061,0.028191489361701905,0.06092206366630082,19.5805,0.5311984064999997,6146.3279999999995,6139.0289999999995,6106.116
2023-09-12,17.17,18.14,6184.61,0.9699999999999989,1.0564938846825858,0.5171984307452818,0.7456228916169316,0.3531697339758588,-0.06156233833419544,-0.06156233833419544,19.566499999999998,0.5711984064999995,6149.722,6146.614,6102.26
2023-09-13,17.08,18.41,6103.14,1.3300000000000018,1.0778688524590165,0.9236482932796777,1.1162521242655719,0.46987425971036795,0.014884233737596508,-0.020744680851063846,19.5045,0.6011984064999998,6131.273999999999,6142.964999999999,6098.097
2023-09-14,17.61,19.33,6068.71,1.7199999999999989,1.0976717773992049,1.273548562110615,1.5172320302282487,0.9464522689464264,0.04997284084736542,0.0,19.5255,0.6971984064999998,6128.318,6139.406000000001,6089.1525
2023-09-15,16.85,18.94,6079.06,2.09,1.1240356083086054,1.5583909654973718,1.9008845095696703,0.704035403838763,-0.020175892395240425,0.044101433296582115,19.435499999999998,0.7506984064999997,6123.632,6136.592,6087.25
2023-09-18,17.15,19.33,6083.97,2.1799999999999997,1.1271137026239066,1.5491101006758219,1.9070554009000473,0.899440437179829,0.020591341077085268,0.04997284084736542,19.395999999999997,0.9046984064999997,6103.898,6125.113,6088.59
2023-09-19,16.91,16.73,6031.04,-0.17999999999999972,0.9893554109994086,-1.5049008244035016,-0.7665843127152562,-0.6043755093556501,-0.13450594930160364,-0.13450594930160364,19.264,0.9431984064999996,6073.183999999999,6111.453,6085.1825
2023-09-20,16.56,17.17,5982.56,0.610000000000003,1.0368357487922708,-0.44397398293528717,0.12096906210701842,-0.36893770475149784,0.026300059772863094,-0.09345300950369584,19.063499999999998,0.9416683079999999,6049.068,6090.171,6085.627
2023-09-21,16.89,17.78,5939.66,0.8900000000000006,1.0526939017169923,-0.11609779105228321,0.42082949367633066,-0.03430722494532423,0.03552708211997668,-0.08018623900672517,18.952499999999997,0.974566155,6023.258,6075.7880000000005,6083.211499999999
2023-09-22,16.37,16.85,6054.93,0.4800000000000004,1.0293219303604155,-0.6281830581189032,-0.06677784107531128,-0.6160961517899176,-0.05230596175478064,0.0071727435744173285,18.7485,0.942073905,6018.432,6071.032000000001,6092.0065
2023-09-25,17.17,18.22,6027.39,1.0499999999999972,1.0611531741409432,0.013538797906002934,0.5812412779023236,0.1900533904211103,0.0813056379821957,0.061153174140943234,18.691000000000003,1.0420739049999999,6007.116,6055.5070000000005,6097.268
2023-09-26,16.96,17.57,5996.11,0.6099999999999994,1.0359669811320755,-0.7765545403879504,0.07665585115758461,-0.2352994086838935,-0.03567508232711303,-0.011811023622047334,18.521,1.054628229,6000.129999999999,6036.657000000001,6091.6355
2023-09-27,17.06,17.28,6034.06,0.22000000000000242,1.0128956623681127,-1.3462713902155836,-0.36251045207994687,-0.4384001351565673,-0.016505406943653878,0.025519287833827953,18.3365,1.0271282290000001,6010.43,6029.749000000001,6086.357
2023-09-28,16.99307936,16.77,6078.94,-0.22307935999999984,0.9868723404820255,-1.8198800133533266,-0.8472330257417342,-0.7713464539538635,-0.02951388888888895,-0.07958287596048297,18.201,0.9778460320000001,6038.286,6030.772,6085.089
2023-10-09,16.22,16.94,6059.97,0.7200000000000024,1.0443896424167696,-0.349785255681179,0.2453843255448559,-0.6710925434181411,0.010137149672033496,-0.03585657370517925,18.0815,0.9503460320000002,6039.294,6028.863,6082.7275
2023-10-10,16.08,16.65,6043.48,0.5700000000000003,1.0354477611940298,-0.584954630796498,0.08964062249980453,-0.8545985584039038,-0.017119244391971877,-0.03645833333333348,18.009999999999998,0.9538460320000002,6042.512000000001,6024.814,6074.9635
2023-10-11,15.63,15.9,6059.4,0.2699999999999996,1.017274472168906,-0.9507960158156222,-0.2477010588336563,-1.3351900996207933,-0.04504504504504492,-0.051878354203935606,17.8845,0.9078460320000001,6055.17,6027.65,6069.5515
2023-10-12,15.31,15.83,6104.46,0.5199999999999996,1.0339647289353364,-0.535013195639041,0.06689581882422856,-1.3535308887997204,-0.004402515723270439,-0.06552538370720196,17.765,0.8813460320000003,6069.25,6039.84,6065.0055
2023-10-13,15.61,15.49,6081.87,-0.11999999999999922,0.9923126201153107,-1.3363976028370406,-0.6685521773978033,-1.5513316993627209,-0.021478205938092243,-0.06966966966966959,17.573,0.7893460320000003,6069.836,6054.061,6064.924499999999
2023-10-16,16.41,16.35,6024.36,-0.05999999999999872,0.9963436928702012,-1.1408255640920482,-0.5756728179415544,-1.0211364169584467,0.05551969012265978,0.028301886792452935,17.450499999999998,0.7458460320000003,6062.714,6051.003999999999,6061.018
2023-10-17,15.8,16.37,6011.37,0.5700000000000003,1.0360759493670886,-0.20227689218892886,0.18311345233327503,-1.016947343156923,0.0012232415902140303,0.03411244472520547,17.302500000000002,0.7108460320000003,6056.2919999999995,6049.402,6052.4545
2023-10-18,15.7,17.1,5908.01,1.4000000000000021,1.0891719745222932,0.9387638747867559,1.1590547738731036,-0.5714518795931147,0.044593769089798396,0.10393802453195611,17.250500000000002,0.7323460320000005,6026.014,6040.592,6038.6245
2023-10-19,17.95,18.72,5842.89,0.7699999999999996,1.0428969359331477,0.09415108930606747,0.42655807884911634,0.44696949491014926,0.09473684210526301,0.14495412844036681,17.266,0.7043460320000003,5973.7,6021.475,6025.612
2023-10-20,18.94,19.46,5774.32,0.5199999999999996,1.027455121436114,-0.18963255690766997,0.12373924182171346,0.8954516831908831,0.03952991452991461,0.18875992669517405,17.2725,0.6443460320000004,5912.1900000000005,5991.013,6010.8925
2023-10-23,19.66,22.23,5638.14,2.5700000000000003,1.1307222787385554,2.6510912508039657,2.401959524923942,2.5490620291310986,0.14234326824254873,0.2999999999999998,17.437,0.6683460320000004,5834.946,5948.83,5988.8465
2023-10-24,18.29,20.34,5719.32,2.0500000000000007,1.1120831055221434,1.9736488911837908,1.755352280716069,1.3097709095703636,-0.08502024291497978,0.08653846153846168,17.487500000000004,0.6618460320000005,5776.536,5916.414,5970.614
2023-10-25,16.74,18.57,5778.9,1.8300000000000018,1.1093189964157708,1.4825942358189323,1.4565051991341498,0.16057853564457222,-0.08702064896755157,-0.04573484069886946,17.579500000000003,0.7623460320000006,5750.714,5888.364,5958.007
2023-10-26,16.13435859,17.91,5811.69,1.7756414099999986,1.1100534241937905,1.2673673873656635,1.3500726053519434,-0.29338955678309747,-0.03554119547657508,-0.19433198380566807,17.6165,0.8206281025000003,5744.474,5859.0869999999995,5949.4635
2023-10-27,15.75687621,17.0,5916.68,1.2431237900000003,1.0788940506628504,0.533127931788356,0.7705776443851652,-0.9178456700021376,-0.05080960357342268,-0.1642084562438545,17.5775,0.8382842920000003,5772.946,5842.568,5948.3145
2023-10-30,16.55,17.25,6006.56,0.6999999999999993,1.0422960725075527,-0.1976001181408075,0.19256604551619172,-0.7745521644528706,0.014705882352941124,-0.07108239095315028,17.5975,0.8492842920000003,5846.63,5840.7880000000005,5945.896
2023-10-31,16.44,17.33,5969.34,0.889999999999997,1.0541362530413623,0.06460151619011018,0.37117591618718504,-0.7186000629741148,0.004637681159420204,-0.032384142936906835,17.553000000000004,0.8412842920000003,5896.634,5836.585,5942.9935
2023-11-01,16.24,17.38,5958.42,1.1400000000000006,1.0701970443349753,0.3606212524814747,0.6193158335875201,-0.6809163204053837,0.002885170225043421,0.022352941176470464,17.5435,0.8677842920000003,5932.538,5841.625999999999,5941.1089999999995
2023-11-02,15.95,17.35,5885.25,1.4000000000000021,1.0877742946708466,0.6329490679537938,0.8789108260457538,-0.6959931409191441,-0.0017261219792863436,0.005797101449275477,17.547,0.9267842920000003,5947.25,5845.861999999999,5933.6685
2023-11-03,15.5,16.82,5973.17,1.3200000000000003,1.0851612903225807,0.45094513149162524,0.7628987515706047,-1.0374331272710497,-0.03054755043227675,-0.029428736295441293,17.549500000000002,1.0039382600000004,5958.548,5865.747,5928.379999999999
2023-11-06,16.34,17.53,6096.57,1.1900000000000013,1.0728274173806611,0.23264910645836354,0.5947166694032787,-0.5580551366967014,0.04221165279429262,0.008630609896432828,17.579,1.0274382600000003,5976.55,5911.59,5930.21
2023-11-07,16.08,17.78,6116.76,1.7000000000000028,1.105721393034826,0.8732760084647864,1.1350775287107167,-0.3924116963797807,0.01426126640045644,0.02478386167146973,17.6355,1.0839382600000005,6006.034,5951.334,5933.874
2023-11-08,16.07,17.32,6138.94,1.25,1.0777846919726197,0.17227440221827003,0.6011569247782134,-0.7001017768849152,-0.025871766029246346,0.029726516052318575,17.7065,1.1329382600000004,6042.138,5987.338,5937.851000000001
2023-11-09,16.13,17.13,6100.69,1.0,1.0619962802231866,-0.23598247857728907,0.2719395742340293,-0.8164966803020789,-0.010969976905311873,-0.02281802624073026,17.771499999999996,1.1569382600000004,6085.226,6016.238,5937.6625
2023-11-10,16.33,17.33,6088.56,1.0,1.0612369871402327,-0.3576614963050902,0.23738304026598359,-0.6782400335319354,0.011675423234092097,-0.02530933633295851,17.863500000000002,1.2129382600000003,6108.304,6033.426,5937.997
2023-11-13,16.7,17.37,6144.63,0.6700000000000017,1.040119760479042,-1.0886652872608098,-0.2319254537053034,-0.634474913339239,0.002308136180034781,0.0028868360277136684,17.9145,1.2494382600000005,6117.915999999999,6047.233,5944.0105
2023-11-14,16.45,17.6,6181.98,1.1500000000000021,1.0699088145896658,-0.2525569458533077,0.42418968259839585,-0.45986467159850397,0.013241220495106454,0.027437244600116983,17.976,1.2784382600000006,6130.96,6068.497,5952.540999999999
2023-11-15,16.13,17.08,6207.27,0.9499999999999993,1.0588964662120273,-0.5965719523822883,0.13353086488012977,-0.7891026102775541,-0.029545454545454763,-0.014425851125216438,17.975,1.2559382600000004,6144.626,6093.3820000000005,5967.504
2023-11-16,15.94,17.15,6145.15,1.209999999999999,1.075909661229611,-0.13583169940613532,0.4801747823380526,-0.716798919757039,0.004098360655737654,-0.012665515256188975,17.8965,1.2779382600000004,6153.518000000001,6119.372,5982.617
2023-11-17,15.28,16.83,6199.23,1.549999999999999,1.1014397905759161,0.4691385063036182,0.9184558020151993,-0.9027778753802184,-0.01865889212827987,-0.04375000000000018,17.765,1.3294382600000003,6175.652,6141.978,6003.8625
2023-11-20,14.23,16.09,6253.28,1.8599999999999994,1.1307097680955727,1.4446985754126287,1.31108264805382,-1.3559376847142384,-0.04396910279263211,-0.05796252927400458,17.458000000000002,1.2939382600000002,6197.382,6157.648999999999,6034.619499999999
2023-11-21,14.65,16.66,6212.13,2.01,1.1372013651877133,1.8514405371265001,1.5034030016850233,-0.9423637323421165,0.03542573026724671,-0.02857142857142847,17.273999999999997,1.2919382600000002,6203.411999999999,6167.186,6059.26
2023-11-22,14.97,16.96,6132.97,1.9900000000000002,1.1329325317301269,1.7210633142908653,1.4748952703401825,-0.7139314918460872,0.01800720288115243,0.007724301841949055,17.1935,1.29993826,6188.552,6166.589,6076.9635
2023-11-23,14.53,16.67,6197.53,2.1400000000000023,1.147281486579491,1.9074293598417753,1.6272038645362328,-0.8899481649446022,-0.017099056603773533,0.03604723430702306,17.1315,1.3181561895000002,6199.028,6176.272999999999,6096.2555
2023-11-24,14.88,16.51,6115.41,1.6300000000000008,1.1095430107526882,0.6709132628580068,0.8522981370586804,-0.9713492160835964,-0.00959808038392318,-0.009003601440576103,17.107,1.3375000000000004,6182.264,6178.9580000000005,6106.192
2023-11-27,15.73,17.11,6111.36,1.379999999999999,1.087730451366815,0.020765037835455084,0.4778399663810098,-0.5207604234666141,0.03634161114476053,0.008844339622641417,17.1,1.3715000000000004,6153.879999999999,6175.630999999999,6111.432
2023-11-28,15.48,16.85,6143.3,1.370000000000001,1.0885012919896642,-0.06482186592291335,0.43986176694344453,-0.6867800397148958,-0.015195791934541125,0.010797840431913563,17.076,1.3955000000000006,6140.114,6171.763,6120.13
2023-11-29,15.8,16.99,6113.37,1.1899999999999977,1.0753164556962025,-0.530839202476123,0.13364139395155467,-0.559841684570762,0.008308605341246222,0.029073288915808515,17.0565,1.3980000000000004,6136.194,6162.3730000000005,6127.8775000000005
2023-11-30,15.45,16.85,6080.55,1.4000000000000021,1.0906148867313916,0.005104223100736426,0.45444656782115694,-0.6507745089424934,-0.008240141259564293,-0.015195791934541125,17.0315,1.3980000000000004,6112.798000000001,6155.9130000000005,6137.6425
2023-12-01,15.76,16.75,6130.05,0.9900000000000002,1.0628172588832487,-0.9736302832818142,-0.21125269722719683,-0.7069870628075889,-0.005934718100890302,-0.005934718100890302,17.028,1.3815000000000004,6115.726000000001,6148.995,6145.486500000001
2023-12-04,16.58,17.55,6114.39,0.9700000000000024,1.0585042219541618,-0.9755480210509475,-0.23542882011442143,-0.011252307546821277,0.047761194029850795,0.03296056503825784,17.029,1.3705000000000005,6116.332,6135.106,6146.3775000000005
2023-12-05,18.32,18.54,5992.6,0.21999999999999886,1.012008733624454,-2.2607903786176995,-1.4233573782716125,0.8247731670578532,0.05641025641025621,0.1002967359050444,17.067,1.2965000000000004,6086.192,6113.153,6140.1695
2023-12-06,17.37,18.12,6023.8,0.75,1.0431778929188256,-1.0608085963980205,-0.5639136006208821,0.47263447713378287,-0.02265372168284785,0.08179104477611943,17.107000000000003,1.2715000000000003,6068.278,6102.236,6134.4125
2023-12-07,17.32,18.22,6020.83,0.8999999999999986,1.0519630484988451,-0.7403897272713649,-0.3207854038981617,0.5579475596489004,0.0055187637969094094,0.03817663817663797,17.161499999999997,1.2665000000000002,6056.334000000001,6084.566000000001,6130.4195
2023-12-08,16.81,18.06,6003.14,1.25,1.074360499702558,-0.05905513712884862,0.25057821175343564,0.4475679579603567,-0.008781558726673966,-0.02588996763754048,17.198,1.2790000000000004,6030.952,6073.339,6126.1485
2023-12-11,17.5,17.8,6075.08,0.3000000000000007,1.0171428571428571,-1.8426563480028733,-1.2447102934692797,0.23850520238605494,-0.01439645625692132,-0.017660044150110354,17.2195,1.2605,6023.090000000001,6069.711,6122.671
2023-12-12,16.97,17.54,6078.99,0.5700000000000003,1.033588685916323,-1.217349686573246,-0.7944763947011942,0.03737151118038111,-0.014606741573033766,-0.03732162458836441,17.216500000000003,1.2315,6040.368,6063.280000000001,6117.5215
2023-12-13,17.61,17.58,6019.55,-0.030000000000001137,0.9982964224872231,-1.9870761425850805,-1.6732477882023105,0.08184864471109864,0.0022805017103761926,-0.02657807308970106,17.2415,1.1824999999999999,6039.518,6053.898,6108.135499999999
2023-12-14,17.61,17.58,5991.86,-0.030000000000001137,0.9982964224872231,-1.723460508782506,-1.604056949184599,0.09484610993372888,0.0,-0.012359550561797938,17.262999999999998,1.1204999999999998,6033.724,6045.029,6100.471
2023-12-15,18.5,17.58,5951.6,-0.9200000000000017,0.9502702702702702,-2.3981222917798446,-2.715129158750043,0.1242715700188705,0.0,0.0022805017103761926,17.3005,0.9969999999999999,6023.416,6027.184,6088.0895
2023-12-18,18.14,18.54,5857.01,0.3999999999999986,1.022050716648291,-0.6692959590775245,-0.8116529777604519,1.0285685200658603,0.054607508532423354,0.054607508532423354,17.423,0.9239999999999998,5979.802,6001.446000000001,6068.276
2023-12-19,18.5,17.58,5863.54,-0.9200000000000017,0.9502702702702702,-2.018472797516227,-2.5586446867579427,0.16312130036387143,-0.05177993527508096,0.0,17.469,0.7775,5936.712,5988.539999999999,6050.846500000001
2023-12-20,18.96,19.44,5761.31,0.4800000000000004,1.0253164556962024,-0.280020005304845,-0.6276427755744483,1.8556338237323513,0.10580204778157021,0.10580204778157021,17.592999999999996,0.7019999999999998,5885.064,5962.291,6032.2635
2023-12-21,18.04,19.44,5798.91,1.4000000000000021,1.0776053215077606,0.9966158955401276,0.6603597879213362,1.7714360404792768,0.0,0.04854368932038855,17.7315,0.6649999999999998,5846.474,5940.099,6012.3325
2023-12-22,17.36,19.19,5733.91,1.8300000000000018,1.105414746543779,1.5349385596462828,1.2318636869226331,1.493882784084208,-0.012860082304526732,0.09158134243458504,17.8655,0.6749999999999999,5802.936,5913.176,5993.2575
2023-12-25,16.77,19.31,5735.73,2.539999999999999,1.1514609421586166,2.130191319108425,2.10131978618708,1.536931333096501,0.006253256904637627,-0.006687242798354087,17.9755,0.7329999999999999,5778.68,5879.241,5974.476000000001
2023-12-26,16.78,20.18,5651.59,3.3999999999999986,1.202622169249106,2.4897890500444255,2.9584102816860023,2.1824596160993037,0.045054375970999594,0.0380658436213992,18.142,0.8344999999999999,5736.289999999999,5836.501,5949.8904999999995
2023-12-27,16.89,19.71,5696.16,2.8200000000000003,1.16696269982238,1.6991988414034287,2.1095948935788504,1.7114032616164583,-0.023290386521308215,0.02709744658676394,18.278,0.916,5723.26,5804.161999999999,5929.030000000001
2023-12-28,17.6,19.71,5805.53,2.1099999999999994,1.1198863636363636,1.009507653316203,1.2155546962945851,1.6399289124448249,0.0,0.02071465561885044,18.421,0.9514999999999997,5724.584,5785.5289999999995,5915.279
2023-12-29,15.9229071,17.87,5887.24,1.9470929000000012,1.1222825007878117,0.8107019320905172,0.9908057652509502,0.1492367679139211,-0.09335362760020294,-0.11446977205153608,18.477,0.9993546449999997,5755.25,5779.093,5903.138499999999
2024-01-02,16.32,18.04,5854.75,1.7199999999999989,1.105392156862745,0.5789266791295914,0.6944140171660669,0.2721470951914,0.009513150531617054,-0.08472856418061903,18.5015,1.0368546449999996,5779.053999999999,5778.867,5890.156499999999
2024-01-03,16.32,17.96,5824.04,1.6400000000000006,1.1004901960784315,0.45444842610884534,0.57702301838745,0.1910059887605577,-0.0044345898004433115,-0.08878741755454089,18.4725,1.1078546449999997,5813.544,5774.9169999999995,5881.7285
2024-01-04,16.6,18.52,5783.02,1.9199999999999982,1.1156626506024094,0.6379630011116432,0.8852745775406569,0.6205280540084949,0.031180400890868487,0.03637381085618352,18.4925,1.1663546449999997,5830.915999999999,5777.088,5869.6895
2024-01-05,17.12,19.26,5675.81,2.1400000000000006,1.125,0.7603234765757702,1.1137444096222,1.196510971151913,0.03995680345572361,0.06762749445676297,18.5445,1.228354645,5804.972,5764.778,5852.4385
2024-01-08,16.89,19.71,5543.57,2.8200000000000003,1.16696269982238,1.2097506497370878,1.8607989052350717,1.5333178161483016,0.02336448598130847,0.09743875278396441,18.627000000000002,1.306854645,5736.238,5745.744,5829.46
2024-01-09,18.46,20.48,5553.3,2.0199999999999996,1.1094257854821234,0.5069996199233252,0.8747108305970871,2.0763286166358133,0.03906646372399791,0.10583153347732188,18.761,1.3928546449999994,5675.948,5727.501,5803.371
2024-01-10,19.0,20.48,5512.07,1.4800000000000004,1.0778947368421052,0.034086461301612546,0.2006816561977932,1.9801456737920395,0.0,0.063343717549325,18.907999999999998,1.4383546449999998,5613.554,5713.549,5775.025
2024-01-11,18.27,21.46,5611.11,3.1900000000000013,1.1746031746031746,1.2929880004078567,2.164946687770743,2.568230025813468,0.0478515625,0.08878741755454089,19.101999999999997,1.5993546449999996,5579.1720000000005,5705.044,5754.603
2024-01-12,18.25,20.89,5574.49,2.6400000000000006,1.1446575342465755,0.7634333663284805,1.460895172148497,2.0316937854977164,-0.02656104380242308,0.02001953125,19.267500000000002,1.7328546449999997,5558.907999999999,5681.9400000000005,5733.7345000000005
2024-01-15,17.26,20.88,5559.38,3.6199999999999974,1.20973348783314,1.5317188878735002,2.4236457823822444,1.955595144076539,-0.00047869794159893786,0.01953125,19.4325,1.9598546449999996,5562.07,5649.1539999999995,5714.1235
2024-01-16,16.59,21.0,5539.47,4.41,1.2658227848101267,1.9578414307762146,3.0351878329837656,2.1384624750605057,0.005747126436781658,-0.021435228331780132,19.555500000000002,2.160354645,5559.304,5617.625999999999,5698.2465
2024-01-17,19.18,18.84,5389.12,-0.33999999999999986,0.9822732012513035,-2.3596023267498745,-1.7663453406809335,0.55058475138741,-0.10285714285714287,-0.0981330780277645,19.6185,2.189354645,5534.714,5574.134,5674.5255
2024-01-18,18.94,20.71,5373.42,1.7699999999999996,1.0934530095036958,-0.48381828938899,0.3528876942058631,1.8947765305405813,0.09925690021231426,-0.008141762452107182,19.682000000000002,2.253854645,5487.1759999999995,5533.174,5655.130999999999
2024-01-19,17.8,19.83,5306.99,2.0299999999999976,1.1140449438202247,-0.26016383285601563,0.6084554400877801,1.2031847413417347,-0.042491549975857246,-0.05571428571428583,19.701500000000003,2.2853546449999995,5433.676,5496.2919999999995,5630.535
2024-01-22,21.61,19.83,5000.83,-1.7800000000000011,0.917630726515502,-2.9052912716219215,-2.918818379721428,1.1625487331305402,0.0,0.052547770700636764,19.7335,2.1048546449999996,5321.966,5442.018,5593.881
2024-01-23,19.67,22.0,5079.63,2.3299999999999983,1.1184544992374172,0.1765940487218063,0.8588105673068384,2.5438764155494025,0.10943015632879494,0.06228874939642681,19.868000000000002,2.0943546449999997,5229.998,5394.651,5561.075999999999
2024-01-24,18.26,20.29,5143.41,2.0299999999999976,1.1111719605695507,0.0031923689902491332,0.5638780286346882,1.3148012493675978,-0.07772727272727276,0.023197175995965713,19.8735,2.025854645,5180.856,5357.785,5535.6669999999995
2024-01-25,17.43875318,23.68,5316.2,6.241246820000001,1.3578952437470075,2.528992085015858,3.791762328302808,3.2333334835385528,0.16707737801872846,0.1941502773575392,20.072,2.1969169859999997,5169.412,5328.294,5516.669
2024-01-26,16.97,22.21,5269.76,5.240000000000002,1.3087802003535653,1.661425531329832,2.7422572762338024,2.184671193724892,-0.06207770270270263,0.009545454545454524,20.197,2.353416986,5161.966,5297.821,5489.8805
2024-01-29,18.13,20.88,5131.25,2.75,1.1516822945394374,0.20522587398624245,0.8598295671381843,1.341703346670642,-0.05988293561458813,0.029078363725973277,20.3475,2.393562341,5188.05,5255.008,5452.081
2024-01-30,19.5,21.0,4984.66,1.5,1.0769230769230769,-0.5066414378534102,-0.07177474163923246,1.361263104955134,0.005747126436781658,-0.11317567567567566,20.4955,2.382562341,5169.056,5199.527,5408.5765
2024-01-31,21.71,19.12,4785.03,-2.59,0.8807001381851681,-2.3067974169479624,-2.836642664019325,0.24776394867493487,-0.08952380952380945,-0.13912651958577216,20.5535,2.171062341,5097.38,5139.118,5356.625999999999
2024-02-01,21.91,22.0,4750.44,0.08999999999999986,1.004107713372889,-0.940441395636481,-0.968323107815224,1.8456209664984364,0.15062761506276146,0.05363984674329503,20.7275,2.079562341,4984.228,5076.82,5304.997
2024-02-02,23.72,30.0,4574.67,6.280000000000001,1.2647554806070826,1.725075858117003,2.9567763269031144,4.877756739586511,0.36363636363636354,0.4285714285714286,21.2645,2.2865623409999998,4845.209999999999,5003.588,5249.94
2024-02-05,24.99,30.5,4293.07,5.510000000000002,1.2204881952781113,1.2747484137416247,2.3119736198433505,4.1947508064849295,0.016666666666666607,0.5951882845188283,21.804,2.421062341,4677.573999999999,4932.812,5187.415
2024-02-06,23.5,31.99,4592.44,8.489999999999998,1.3612765957446809,2.0716322906621842,3.568930368353538,3.9854087063353703,0.04885245901639346,0.4540909090909091,22.3795,2.744562341,4599.13,4884.092999999999,5139.372
2024-02-07,20.97,36.0,4797.85,15.030000000000001,1.7167381974248928,2.9903727619539073,5.130468700182921,4.28233038267969,0.12535167239762424,0.19999999999999996,23.1555,3.4220623409999993,4601.6939999999995,4849.537,5103.660999999999
2024-02-08,20.77,37.44,4993.1,16.669999999999998,1.80259990370727,2.576087387060547,4.555021022332477,3.932849847698492,0.040000000000000036,0.2275409836065574,23.9545,4.096062341,4650.226000000001,4817.227,5072.7605
2024-02-19,20.93,36.75,5029.59,15.82,1.7558528428093645,2.0038767537334197,3.686540179565881,3.3402023043819544,-0.018429487179487114,0.14879649890590807,24.7475,4.755062341,4741.21,4793.21,5045.5154999999995
2024-02-20,19.08,30.88,5046.01,11.8,1.6184486373165619,1.1576589509056008,2.396850298306182,2.025362008282076,-0.15972789115646258,-0.14222222222222225,25.2475,5.164062340999999,4891.798000000001,4784.686,5019.847
2024-02-21,19.45,30.84,5073.48,11.39,1.5856041131105398,0.9970920288702784,2.155949950690488,1.9188350268024574,-0.0012953367875647714,-0.1762820512820512,25.7395,5.5130623409999995,4988.005999999999,4793.568,4996.5475
2024-02-22,20.55,31.33,5151.53,10.779999999999998,1.524574209245742,0.8070685414947552,1.9031514714835194,1.9142756955749463,0.015888456549935093,-0.14748299319727898,26.363999999999997,6.069062341,5058.742,4830.218,4984.668
2024-02-23,21.11,31.36,5225.67,10.25,1.4855518711511133,0.6459287489289803,1.6967793055367308,1.8297078694803626,0.0009575486753909956,0.015544041450777257,26.896499999999996,6.493062341,5105.255999999999,4877.741,4977.2805
2024-02-26,20.45,31.52,5255.4,11.07,1.541320293398533,0.710891161037442,1.8051649959047582,1.7752238197904107,0.005102040816326481,0.02204928664072625,27.481,6.945062340999999,5150.418,4945.814,4974.700999999999
2024-02-27,20.2,29.64,5394.03,9.440000000000001,1.4673267326732673,0.35511387262217764,1.3751510930524724,1.3850417557439432,-0.05964467005076135,-0.053941908713692865,27.9715,7.506062341000001,5220.022,5055.91,4994.360999999999
2024-02-28,20.67,33.51,5152.05,12.839999999999996,1.6211901306240926,0.8859784556796179,2.036322048257437,1.96843112654654,0.13056680161943301,0.06855867346938771,28.547000000000004,8.031562340999999,5235.736,5111.871000000001,4997.982
2024-02-29,19.44217792,31.58,5344.61,12.13782208,1.624303621227225,0.6783470652982707,1.7936418957535591,1.5692886664259844,-0.057594747836466675,0.0019035532994924331,29.1115,8.536953445,5274.352000000001,5166.547,5008.0419999999995
2024-03-01,18.97,31.62,5401.94,12.650000000000002,1.6668423827095415,0.7081515639541565,1.8140576935902517,1.5149269174225273,0.001266624445851905,0.0668016194331984,29.508499999999998,8.857391104,5309.606,5207.431,5012.329
2024-03-04,19.16,32.84,5428.34,13.680000000000003,1.7139874739039667,0.8167381859846257,1.9271912088585954,1.649133456547657,0.03858317520556609,-0.019994031632348364,30.040000000000003,9.279391104,5344.1939999999995,5247.306,5020.258
2024-03-05,18.17,33.03,5375.13,14.86,1.817831590533847,0.9395329250723432,2.0493047791321946,1.6129930391079863,0.0057856272838001654,0.045915136162127945,30.647499999999997,9.884891104,5340.414,5280.218,5032.451999999999
2024-03-06,17.22,31.09,5381.46,13.870000000000001,1.8054587688734032,0.6763991108508287,1.7700551475164992,1.2511466297416236,-0.05873448380260371,-0.0167615433270083,31.151999999999997,10.503391103999999,5386.296,5311.016,5052.2919999999995
2024-03-07,16.7,30.96,5303.28,14.260000000000002,1.8538922155688624,0.7343884877688965,1.7620977779290827,1.1881390471103654,-0.004181408813123122,-0.057247259439707765,31.744000000000007,11.345891104,5378.03,5326.191,5078.204500000001
2024-03-08,16.26,27.74,5370.37,11.479999999999997,1.7060270602706025,-0.1472984660787388,1.197757006552456,0.6452126445222008,-0.10400516795865644,-0.16015743263699678,32.031,11.915391104,5371.716,5340.661,5109.201
2024-03-11,16.42,26.99,5466.65,10.569999999999997,1.6437271619975637,-0.5849066766254452,0.9947108822207298,0.5026703936186652,-0.02703677000720983,-0.13187520102926986,31.880499999999994,12.129891103999999,5379.378,5361.786,5153.8
2024-03-12,16.4,26.4,5496.36,10.0,1.6097560975609757,-1.0537988657751547,0.8602609580340397,0.38672730244661696,-0.021859948128936657,-0.1472868217054264,31.6755,12.354391104,5403.624,5372.018999999999,5213.9645
2024-03-13,16.34,26.4,5521.78,10.059999999999999,1.6156670746634025,-1.1215581307621794,0.8424802521559175,0.36616134830929953,0.0,-0.048305695746214905,31.396000000000004,12.432891104,5431.688,5408.992,5260.4315
2024-03-14,16.07,25.4,5486.65,9.329999999999998,1.5805849408836339,-1.322143522009956,0.6820607140621728,0.18154770574448556,-0.037878787878787845,-0.058910707669507234,30.866000000000003,12.147891104,5468.361999999999,5423.196,5294.8715
2024-03-15,15.88,25.66,5555.64,9.78,1.6158690176322417,-1.0610776679278533,0.7391915072382372,0.20457329461905766,0.010236220472441104,-0.02803030303030296,30.276999999999997,11.803391104,5505.415999999999,5438.566,5322.9985
2024-03-18,15.94,25.44,5648.01,9.500000000000002,1.5959849435382687,-1.1548813363900337,0.6614348798946232,0.14717433404502395,-0.008573655494933718,-0.036363636363636265,29.7115,11.487391104,5541.688,5460.532999999999,5353.9195
2024-03-19,15.72,25.58,5607.48,9.859999999999998,1.6272264631043256,-0.8712144759662115,0.7028300082586035,0.15012687368244923,0.005503144654087855,0.007086614173228423,29.446499999999997,11.390391103999999,5563.911999999999,5483.768,5381.9929999999995
2024-03-20,15.85,25.32,5659.15,9.47,1.5974763406940065,-1.008874212716299,0.6041549616283061,0.08669125406275204,-0.010164190774042181,-0.013250194855806696,29.170499999999997,11.294391104,5591.386,5511.536999999999,5411.2765
2024-03-21,15.74,25.23,5658.28,9.49,1.6029224904701398,-0.9403910040060464,0.5827952809676056,0.04952328474454703,-0.0035545023696682554,-0.008254716981132115,28.865500000000004,11.229891104,5625.7119999999995,5547.036999999999,5436.614
2024-03-22,16.52,25.11,5595.88,8.59,1.5199757869249395,-1.3235243141470459,0.3853826122389425,0.011771274334367421,-0.0047562425683710385,-0.018373729476153233,28.553000000000004,11.146891104,5633.76,5569.588,5455.1245
2024-03-25,16.3,25.78,5466.06,9.48,1.5815950920245399,-0.8067664502143312,0.5375944543991636,0.11312891443674936,0.02668259657506966,0.018167456556082096,28.266000000000002,11.067391104,5597.37,5569.5289999999995,5465.6575
2024-03-26,15.84,26.45,5447.75,10.61,1.6698232323232323,-0.26678033525144274,0.7350984833649588,0.2136671793949268,0.025989138867339,0.04835513277843839,28.1065,11.125891103999999,5565.424000000001,5564.668,5468.343500000001
2024-03-27,16.32,30.46,5266.23,14.14,1.866421568627451,1.4638852879497544,1.384175901128779,0.9091187318155501,0.15160680529300574,0.21306252489048183,27.953999999999997,11.190891104,5486.839999999999,5539.112999999999,5474.0525
2024-03-28,15.4851118,27.76,5382.24,12.274888200000001,1.7926896724116645,0.5337158141483372,0.984303300883693,0.39822645019686936,-0.08864084044648712,0.07680372381691236,27.762999999999998,11.19774441,5431.632,5528.6720000000005,5475.933999999999
2024-03-29,15.03,27.76,5441.26,12.730000000000002,1.8469727212242184,0.7560741111131206,1.038202410305374,0.3769969829681338,0.0,0.04952741020793949,27.57,11.20174441,5400.7080000000005,5517.234,5477.9
2024-04-01,15.03,25.88,5559.06,10.85,1.7218895542248835,-0.10860080530233131,0.6459544186819515,0.011252220064702575,-0.06772334293948135,-0.15036112934996726,27.221999999999998,11.06024441,5419.308,5508.339,5484.436
2024-04-02,14.74,25.98,5531.05,11.24,1.762550881953867,0.20985626749512312,0.6966382429177931,0.00478513059056127,0.003863987635239541,-0.06412103746397702,26.8695,10.87924441,5435.968000000001,5500.696,5492.232
2024-04-03,14.64,25.46,5500.93,10.82,1.739071038251366,0.05945634111918332,0.5889742977235061,-0.11995004562226835,-0.02001539645881445,-0.08285302593659949,26.588,10.72674441,5482.908,5484.874000000001,5498.205499999999
2024-04-08,15.02,26.94,5399.91,11.920000000000002,1.7936085219707059,0.9598009928558804,0.7808522828007902,0.1410740146402822,0.058130400628436885,0.04095826893353949,26.387,10.60974441,5486.442,5459.037,5503.036999999999
2024-04-09,14.92,26.44,5468.91,11.520000000000001,1.772117962466488,0.6646567328459841,0.6743550111408039,0.016149797508426534,-0.018559762435040872,0.01770592763664358,26.321999999999996,10.61174441,5491.972,5446.34,5507.964
2024-04-10,14.81,26.44,5367.05,11.63,1.7852802160702228,0.696821324472367,0.6708182760464945,-0.008205241958085401,0.0,0.03849175176747832,26.2945,10.66474441,5453.570000000001,5436.439,5502.984
2024-04-11,14.64,25.6,5379.92,10.96,1.7486338797814207,0.1794839292037576,0.5100984817031656,-0.2048471135129019,-0.0317700453857791,-0.04974016332590947,26.2545,10.71274441,5423.344,5429.656000000001,5497.162
2024-04-12,14.94,25.25,5338.77,10.31,1.6900937081659975,-0.3025499976156293,0.3520533940378292,-0.29881229338506404,-0.013671875,-0.04500756429652042,26.197000000000003,10.72524441,5390.912,5436.91,5488.0115000000005
2024-04-15,15.5,27.22,5287.51,11.719999999999999,1.7561290322580645,0.6490862558131839,0.6226108533126969,0.09701148805017029,0.07801980198019787,0.029500756429651886,26.288,10.84474441,5368.432000000001,5427.437,5478.0545
2024-04-16,16.14,32.01,5066.66,15.869999999999997,1.9832713754646838,2.7300170833456763,1.4550267915133859,1.0924844491352095,0.1759735488611316,0.25039062499999987,26.6055,11.14924441,5287.982,5389.977,5453.6055
2024-04-17,15.41,29.47,5287.46,14.059999999999999,1.9123945489941596,1.4908367002244645,1.0372770060507215,0.5202126921499409,-0.07935020306154328,0.16712871287128706,26.807,11.37724441,5272.064,5362.817,5435.5779999999995
2024-04-18,16.8,26.45,5286.72,9.649999999999999,1.5744047619047619,-0.9487915434440705,0.07420579994244703,-0.162357805000497,-0.10247709535120464,-0.02828802351212345,26.8505,11.366744409999999,5253.424000000001,5338.384,5419.54
2024-04-19,17.4,26.4,5264.39,9.0,1.517241379310345,-1.2747802130786887,-0.08380788891076481,-0.19658202062584265,-0.001890359168241984,-0.17525773195876293,26.904500000000002,11.34324441,5238.548000000001,5314.7300000000005,5399.802
2024-04-22,15.56,28.24,5246.08,12.679999999999998,1.8149100257069408,0.6514900890681963,0.6977082638743872,0.18905501295103805,0.06969696969696959,-0.04173736002714623,27.055,11.50274441,5230.262,5299.347,5379.192
2024-04-23,15.19,27.45,5218.43,12.26,1.8071099407504938,0.3420592898890011,0.577194249308866,-0.021534167136245275,-0.02797450424929171,0.037807183364839236,27.171999999999997,11.68624441,5260.616,5274.299,5360.3195000000005
2024-04-24,14.92,26.44,5305.61,11.520000000000001,1.772117962466488,-0.16805219091819268,0.37880752488764224,-0.2965879894786443,-0.03679417122040063,0.0015151515151516914,27.205000000000002,11.78824441,5264.246,5268.155000000001,5352.2970000000005
2024-04-25,14.88,26.27,5313.99,11.389999999999999,1.7654569892473118,-0.27756515501261664,0.31726183486790194,-0.3761787168901203,-0.006429652042360123,-0.06975920679886682,27.196000000000005,11.82724441,5269.7,5261.562,5345.6089999999995
2024-04-26,14.95670132,24.84,5415.94,9.88329868,1.6607940125664018,-1.1289602741637923,-0.10518772451133576,-0.7599271818771096,-0.0544347164065474,-0.09508196721311468,26.915000000000003,11.614409343999998,5300.01,5269.279,5353.0945
2024-04-29,16.24,25.72,5545.23,9.48,1.583743842364532,-1.2497270301059065,-0.25612484676480723,-0.5746871498987712,0.03542673107890493,-0.027231467473525006,26.813,11.474664934,5359.84,5295.0509999999995,5361.244
2024-04-30,15.02,24.89,5497.43,9.870000000000001,1.6571238348868176,-0.9102520138982787,-0.16658359121291094,-0.8034083499984072,-0.03227060653188174,-0.05253140464408068,26.6695,11.331664933999999,5415.639999999999,5338.128,5364.0525
2024-05-06,16.01,26.02,5606.84,10.009999999999998,1.6252342286071204,-0.7851443435416449,-0.1524248511673947,-0.5295721440990533,0.045399758939333124,0.04750402576489532,26.676499999999997,11.289664934,5475.886,5370.066,5366.4415
2024-05-07,15.2,25.52,5625.34,10.32,1.6789473684210527,-0.5617574755974729,-0.10442154907604266,-0.705402377004766,-0.01921598770176791,-0.007776049766718529,26.6535,11.243664934,5538.156,5403.928,5371.156
2024-05-08,14.96,24.8,5536.66,9.84,1.6577540106951871,-0.8102540699748634,-0.31002148021773684,-0.9480399079634776,-0.028213166144200552,-0.0036159100040176195,26.6205,11.194664933999999,5562.3,5431.155000000001,5372.9425
2024-05-09,15.02,24.83,5626.83,9.809999999999999,1.6531291611185086,-0.7568150691874481,-0.46601490078080526,-1.0176538663194592,0.0012096774193548487,-0.04573405073020753,26.514999999999997,11.089164934,5578.62,5469.2300000000005,5384.288500000001
2024-05-10,14.89,24.81,5574.23,9.919999999999998,1.6662189388851576,-0.6382389137547526,-0.5833968228487254,-1.0600310201089918,-0.000805477245267805,-0.02782131661442011,26.4335,11.009164934,5593.9800000000005,5504.8099999999995,5389.5545
2024-05-13,14.64,25.46,5520.8,10.82,1.739071038251366,-0.08741869590841916,-0.21085344431693112,-0.8342193532230952,0.026199113260781948,0.02661290322580645,26.384499999999996,10.968664934,5576.772,5526.329,5397.242
2024-05-14,14.79,25.56,5551.68,10.77,1.7281947261663286,-0.11119568307435636,-0.298149316060987,-0.777728581588898,0.003927729772191579,0.029399919452275602,26.3825,10.959164933999999,5562.04,5550.098,5405.83
2024-05-15,14.85,25.61,5497.23,10.76,1.7245791245791247,-0.1307667613252933,-0.3291028757067324,-0.735527042184464,0.001956181533646406,0.03224506247480852,26.4005,10.981664933999998,5554.154,5558.227,5413.753
2024-05-16,14.35,24.51,5488.95,10.160000000000002,1.70801393728223,-0.43867674010615093,-0.62300620859116,-1.0626240233160384,-0.04295197188598199,-0.03731343283582089,26.264999999999997,10.903664934,5526.5779999999995,5552.599,5423.825
2024-05-17,14.08,23.42,5563.23,9.340000000000002,1.663352272727273,-0.9804570250240603,-1.0781298122100929,-1.4396435669885586,-0.04447164422684613,-0.08372456964006247,25.835500000000003,10.577164933999999,5524.378,5559.178999999999,5448.653499999999
2024-05-20,14.74,24.0,5596.78,9.26,1.6282225237449117,-1.085636951130144,-1.1237205757807378,-1.264319958886194,0.024765157984628416,-0.06286606794221006,25.562,10.337164934,5539.574,5558.173,5464.1195
2024-05-21,13.84,23.76,5536.74,9.920000000000002,1.716763005780347,-0.43759700800210877,-0.6922320422735926,-1.3104028762006403,-0.009999999999999898,-0.030599755201958345,25.427500000000002,10.350664934,5536.585999999999,5549.313,5476.6205
2024-05-28,13.84,23.76,5348.03,9.920000000000002,1.716763005780347,-0.5081013382582535,-0.674653824015584,-1.2685252880494318,0.0,0.014517506404782221,25.2955,10.396664934,5506.745999999999,5530.45,5480.8025
2024-06-03,13.92,22.78,5284.62,8.860000000000001,1.6364942528735633,-1.618154757088336,-1.291359199467348,-1.5844735648100392,-0.04124579124579131,-0.050833333333333286,25.0225,10.205664934,5465.88,5496.228999999999,5482.7294999999995
2024-06-04,13.71,22.81,5313.71,9.099999999999998,1.6637490882567467,-1.3302483466421389,-1.122977386003477,-1.5249316326482751,0.0013169446883229963,-0.03998316498316512,24.7905,10.047664934,5415.976,5470.177000000001,5487.4935
2024-06-05,13.79,23.55,5244.09,9.760000000000002,1.707759245830312,-0.3198756291412052,-0.7083228288378042,-1.2125734191411572,0.03244191144234998,-0.008838383838383868,24.646,9.959664934,5345.438,5442.505999999999,5484.4175
2024-06-06,14.05,25.33,5130.87,11.279999999999998,1.8028469750889677,2.1689487791142525,0.18813594335785372,-0.5054658795764443,0.07558386411889595,0.11194029850746245,24.598999999999997,9.954164934000001,5264.264,5400.425,5475.2615
2024-06-07,14.11,24.28,5153.59,10.170000000000002,1.720765414599575,0.3287701116790393,-0.4609169953637485,-0.9040329362003349,-0.04145282273983408,0.0644454186760195,24.571,9.9685,5225.376,5366.061,5462.144
2024-06-11,14.86,24.08,5198.92,9.219999999999999,1.620457604306864,-1.174159404966349,-1.0073758810903843,-0.9645542801906245,-0.008237232289950658,0.022505307855626322,24.488999999999997,9.955499999999999,5208.236,5337.057999999999,5444.8285000000005
2024-06-12,14.36,24.08,5216.46,9.719999999999999,1.6768802228412256,-0.3628389113981792,-0.6776697511915791,-0.9457483962721448,0.0,-0.049348598499802554,24.4485,9.947999999999999,5188.786,5302.380999999999,5430.78
2024-06-13,13.93,22.89,5180.24,8.96,1.6432160804020102,-1.4053275836205465,-1.1125999452045605,-1.4820420041815465,-0.049418604651162656,-0.05724876441515658,24.292,9.8955,5176.0160000000005,5260.727000000001,5409.45
2024-06-14,13.8,22.19,5180.65,8.39,1.6079710144927537,-1.9118630619099668,-1.4589050456875816,-1.8501882375260195,-0.030581039755351647,-0.07848837209302317,24.125500000000002,9.799000000000001,5185.972,5225.1179999999995,5387.2155
2024-06-17,13.89,22.51,5183.97,8.620000000000001,1.6205903527717782,-1.4287723387678344,-1.2846117614843064,-1.6799829418241794,0.014420910319963953,-0.06519933554817259,24.011000000000003,9.738,5192.048000000001,5208.7119999999995,5369.581
2024-06-18,13.87,22.13,5227.25,8.26,1.5955299206921414,-1.6497397790817492,-1.509599883700829,-1.8688122207644209,-0.016881386050644265,-0.03320227173438184,23.875999999999998,9.6605,5197.714,5202.975,5349.602
2024-06-19,14.01,22.77,5159.99,8.76,1.6252676659528908,-0.9687992979849211,-1.1266165513691364,-1.4680639670169782,0.028920018075011322,0.02613789995493465,23.774,9.602500000000001,5186.42,5187.603,5328.89
2024-06-20,14.09,23.03,5056.14,8.940000000000001,1.6344925479063166,-0.683381631683557,-0.9769431551208334,-1.2819053385540993,0.011418533157663724,0.023100844069302573,23.6525,9.508500000000002,5161.6,5168.808,5305.657
2024-06-21,13.56,22.7,5055.33,9.139999999999999,1.6740412979351031,-0.367935668107145,-0.8271537361391752,-1.4031519175962006,-0.0143291359096831,0.02575689109805701,23.5095,9.427000000000001,5136.536,5161.253999999999,5280.8395
2024-06-24,13.49,24.63,4887.78,11.139999999999999,1.8257968865826537,2.071122629455002,0.5087739355348421,-0.3785156420293577,0.08502202643171808,0.08168642951251637,23.4605,9.446000000000002,5077.298,5134.673000000001,5250.367
2024-06-25,14.21,25.22,4847.61,11.009999999999998,1.7748064743138632,1.7350457937325932,0.403591210513304,-0.06791398141301855,0.023954526999593995,0.09509335649153261,23.496,9.488499999999998,5001.37,5099.5419999999995,5218.3
2024-06-26,13.54,24.15,4986.38,10.61,1.7836041358936485,1.1614561258441984,0.12433169607299122,-0.6132963547866099,-0.042426645519428985,0.0638766519823788,23.532500000000002,9.552,4966.648,5076.534,5189.4574999999995
2024-06-27,13.3836467,24.52,4864.09,11.1363533,1.8320866165721483,1.530750768230446,0.4625325089920845,-0.4114954273875074,0.015320910973084967,-0.004466098254161555,23.5585,9.645817665,4928.237999999999,5044.919,5152.823
2024-06-28,12.74754559,24.3,4895.99,11.552454410000001,1.9062493111664174,1.717963847293463,0.7229709825605414,-0.514000463705535,-0.008972267536704659,-0.03647898493259316,23.5855,9.7274403855,4896.37,5016.4529999999995,5120.7855
2024-07-01,12.8,24.45,4940.25,11.649999999999999,1.9101562499999998,1.6022057860007486,0.7635241808201181,-0.4277310045733277,0.006172839506172867,0.012422360248447228,23.619999999999997,9.8139403855,4906.864,4992.081,5100.3965
2024-07-02,12.4,23.8,4905.65,11.4,1.9193548387096775,1.241698955207385,0.5741903782317561,-0.7493816123371514,-0.026584867075664542,-0.029363784665579096,23.671,9.940940385500001,4918.472,4959.921,5081.448
2024-07-03,12.1,23.02,4867.13,10.92,1.9024793388429753,0.7545303667858934,0.2271544811187703,-1.1222940190697495,-0.032773109243697474,-0.05267489711934159,23.6815,10.031940385499999,4894.622,4930.635,5059.119
2024-07-04,12.13,23.03,4761.87,10.9,1.898598516075845,0.6812006797693615,0.19814401867589496,-1.08340245132775,0.0004344048653346366,-0.058077709611451867,23.6555,10.088940385499999,4874.178,4901.208,5035.008
2024-07-05,12.93,22.5,4810.79,9.57,1.740139211136891,-0.3731262726888131,-0.7028482967590824,-1.3038017502230332,-0.023013460703430355,-0.054621848739495826,23.514000000000003,10.0034403855,4857.138000000001,4876.754,5019.004
2024-07-08,13.82,23.2,4693.96,9.379999999999999,1.678726483357453,-0.49948234788055285,-0.8169705562480829,-0.9463230390802182,0.03111111111111109,0.007819287576020795,23.46,9.963940385499999,4807.88,4857.371999999999,4996.0225
2024-07-09,13.33,23.33,4797.06,9.999999999999998,1.7501875468867216,-0.0025437986493192844,-0.3481425585090822,-0.8489316206815879,0.005603448275862011,0.013026487190620717,23.4225,10.0029403855,4786.161999999999,4852.317000000001,4975.9295
2024-07-10,14.2,23.33,4777.68,9.129999999999999,1.6429577464788732,-0.7203133267757873,-0.9534810478455348,-0.8213271261635413,0.0,0.03688888888888875,23.385,9.9734403855,4768.272,4831.447,4953.9905
2024-07-11,13.0,23.57,4893.59,10.57,1.813076923076923,0.4476583110354582,0.11631413475973623,-0.6685707881026326,0.010287183883411988,0.01594827586206904,23.419,10.0539403855,4794.616,4834.397,4939.658
2024-07-12,12.46,23.26,4878.02,10.8,1.8667736757624398,0.5717147370785307,0.2929162727227501,-0.8112181259332575,-0.013152312261349164,-0.0030004286326617002,23.4725,10.174440385499999,4808.062,4832.6,4924.5265
2024-07-15,12.39,22.73,4827.6,10.34,1.83454398708636,0.0771399847828786,-0.04289985018086894,-1.0657088062154574,-0.022785898538263183,-0.025717959708529747,23.4835,10.2604403855,4834.79,4821.335,4906.7080000000005
2024-07-16,12.27,22.16,4836.72,9.89,1.8060309698451509,-0.48924109134942784,-0.3558754115727802,-1.3266929998277452,-0.025076990761108697,-0.05982180738226561,23.485,10.3419403855,4842.722,4814.442000000001,4887.181500000001
2024-07-17,12.6,22.76,4795.62,10.160000000000002,1.8063492063492066,-0.29728625919610924,-0.136953307886299,-0.9708970127606795,0.027075812274368394,-0.021496130696474602,23.4845,10.4119403855,4846.3099999999995,4807.291,4868.963
2024-07-18,13.09,23.76,4812.43,10.670000000000002,1.8151260504201683,0.22151984929661342,0.2626017061561422,-0.41170210009350533,0.04393673110720564,0.04531456225252972,23.520999999999997,10.4984403855,4830.0779999999995,4812.347,4856.7775
2024-07-19,13.41,22.94,4821.42,9.530000000000001,1.7106636838180462,-1.330162673269958,-0.5869185811671178,-0.8297654807553259,-0.03451178451178449,0.035198555956678756,23.532999999999998,10.5179403855,4818.758,4813.410000000001,4845.082
2024-07-22,13.3,23.39,4826.87,10.09,1.7586466165413532,-0.5118554510164918,-0.1580021147472375,-0.5690235082863871,0.019616390584132448,0.027680140597539538,23.471,10.465440385499999,4818.612,4826.701,4842.0365
2024-07-23,12.95,23.79,4694.95,10.84,1.837065637065637,0.5263186054427157,0.4273583837628783,-0.3283314209587423,0.017101325352714802,0.0012626262626260765,23.3995,10.456940385500001,4790.258,4816.49,4834.403499999999
2024-07-24,13.08,23.73,4631.01,10.65,1.8142201834862386,0.26233393309271463,0.42076133906405633,-0.3415670489341446,-0.0025220680958385477,0.0344376634699215,23.3785,10.4589403855,4757.336,4801.822999999999,4816.635
2024-07-25,12.46,23.64,4632.57,11.18,1.8972712680577848,0.9840817592711445,1.0729479702978242,-0.3770073684503355,-0.0037926675094817064,0.010688328345446862,23.3345,10.4611227205,4721.364,4775.7210000000005,4805.058999999999
2024-07-26,13.82,23.2,4702.08,9.379999999999999,1.678726483357453,-1.3485483135013403,-0.7913921825947644,-0.6756008742887588,-0.01861252115059231,-0.02480033627574607,23.279500000000002,10.352500000000001,4697.496000000001,4758.1269999999995,4795.3635
2024-07-29,14.22,23.08,4685.65,8.859999999999998,1.6230661040787622,-1.861650560459046,-1.3238604197899932,-0.7402706961417301,-0.005172413793103514,-0.027391487568478756,23.211000000000002,10.213,4669.2519999999995,4743.932,4782.633500000001
2024-07-30,14.6,22.82,4702.49,8.22,1.563013698630137,-2.2988152929401235,-1.9639899963300442,-0.9539562878766098,-0.011265164644713943,-0.0346869712351946,23.162,10.053999999999998,4670.759999999999,4730.509,4772.4755
2024-07-31,13.69,23.71,4889.08,10.020000000000001,1.7319211102994887,0.014261125291697525,-0.010651359496452222,-0.16404337819253062,0.03900087642418937,0.02198275862068977,23.1965,10.009,4722.374,4739.8550000000005,4773.573
2024-08-01,13.77,23.23,4878.29,9.46,1.6870007262164126,-0.635396251664876,-0.6107001992325303,-0.5800359173663239,-0.02024462252214254,0.00649913344887354,23.2065,9.937000000000001,4771.518,4746.441,4779.393999999999
2024-08-02,14.49,23.57,4809.89,9.08,1.6266390614216701,-1.0797093714393868,-1.01385224165165,-0.22208457663276307,0.01463624623331894,0.03286590709903603,23.259999999999998,9.9125,4793.08,4745.288,4779.349
2024-08-05,17.5,26.46,4678.78,8.96,1.512,-1.1765096220956903,-1.122508064459929,2.528718642493219,0.12261349172677138,0.11598481653310833,23.423,9.8915,4791.706,4730.479,4778.59
2024-08-06,16.96,25.4,4749.95,8.439999999999998,1.4976415094339621,-1.6067578469567712,-1.6606542845890844,1.5326166803163213,-0.04006046863189727,0.09341368919500637,23.526500000000002,9.813500000000001,4801.198,4735.978999999999,4776.2345000000005
2024-08-07,15.22,24.47,4743.41,9.249999999999998,1.6077529566360051,-0.6698537485018825,-0.739174714669813,0.645172609387908,-0.03661417322834648,0.03818413237165874,23.5835,9.819500000000001,4772.064,4747.219,4774.521000000001
2024-08-08,14.28,23.77,4739.49,9.49,1.6645658263305323,-0.33027412111185583,-0.4614049160967107,0.00185596146572686,-0.028606456885982845,-0.1016628873771731,23.5935,9.7655,4744.303999999999,4757.910999999999,4766.816
2024-08-09,13.98,23.53,4702.75,9.55,1.6831187410586552,-0.19157624097572504,-0.3806473884035784,-0.2133113142075381,-0.010096760622633538,-0.07362204724409438,23.607,9.703,4722.875999999999,4757.978,4758.0525
2024-08-12,14.04,23.33,4674.1,9.29,1.6616809116809117,-0.45689982934340895,-0.6572644918957624,-0.39963349926386593,-0.00849978750531244,-0.046587658357172046,23.636999999999997,9.6505,4721.9400000000005,4756.822999999999,4750.3775000000005
2024-08-13,14.07,23.35,4697.59,9.280000000000001,1.6595593461265103,-0.4298056255920936,-0.6561465864650147,-0.3566084463975249,0.0008572653236178507,-0.017669331089608664,23.6965,9.62,4711.468,4756.3330000000005,4743.421
2024-08-14,14.28,23.77,4649.28,9.49,1.6645658263305323,-0.12354250540826714,-0.41570705599119595,0.10911619655586781,0.017987152034261156,0.010199745006374883,23.747,9.5865,4692.642,4732.353,4736.104
2024-08-15,14.04,23.33,4691.85,9.29,1.6616809116809117,-0.3073323863910051,-0.6120204058405126,-0.3363477836165487,-0.018510727808161653,0.0,23.725500000000004,9.5175,4683.1140000000005,4713.709,4730.075
2024-08-16,13.55,22.5,4655.65,8.95,1.6605166051660516,-0.7170360457752613,-0.9569070495363281,-1.2348901495202473,-0.03557651093013281,-0.036402569593147804,23.703500000000002,9.4885,4673.6939999999995,4698.285,4721.7865
2024-08-19,13.62,22.2,4663.61,8.58,1.6299559471365639,-1.0915157358414171,-1.3202905169235617,-1.5540911106920856,-0.01333333333333342,-0.06604964240639466,23.644,9.413,4671.596,4696.768,4713.6235
2024-08-20,13.48,21.91,4579.3,8.43,1.6253709198813056,-1.2067845570755575,-1.4305399811179198,-1.811428657589066,-0.01306306306306304,-0.06086583797685374,23.55,9.2925,4647.938,4679.7029999999995,4707.841
2024-08-21,13.57,22.5,4548.26,8.93,1.658069270449521,-0.43027514738534695,-0.8752295540784428,-1.1021501660044029,0.026928343222272888,0.0,23.4885,9.2065,4627.734,4660.188,4703.7035
2024-08-22,13.77,22.87,4491.84,9.100000000000001,1.6608569353667395,-0.00563003618079796,-0.6872459809130017,-0.6583812982158331,0.016444444444444484,0.030180180180180205,23.45,9.1025,4587.732,4635.423000000001,4696.6669999999995
2024-08-23,13.3,22.68,4495.34,9.379999999999999,1.7052631578947368,0.6249340160691416,-0.3748674633547586,-0.8500059392976254,-0.008307826847398392,0.03514376996805102,23.424,9.1025,4555.67,4614.682,4686.33
2024-08-26,13.2,22.53,4512.89,9.330000000000002,1.706818181818182,0.4605244656714093,-0.4177258914766151,-0.989587240260912,-0.006613756613756516,0.0013333333333334085,23.3965,9.126000000000001,4525.526,4598.561,4677.692000000001
2024-08-27,12.95,22.55,4459.68,9.600000000000001,1.7413127413127414,1.0130166369352303,-0.1410841774904529,-0.959250331300042,0.0008877052818463405,-0.013992129427197186,23.383,9.195,4501.602000000001,4574.7699999999995,4665.5515
2024-08-28,13.07,22.5,4470.55,9.43,1.7214996174445294,0.7451295504158583,-0.33260366916268486,-1.0045786745488128,-0.0022172949002217113,-0.007936507936507908,23.322499999999998,9.1655,4486.0599999999995,4556.897,4644.625
2024-08-29,13.0805701,21.85,4542.46,8.769429900000002,1.670416490486145,-1.0088004814769285,-1.0244627411083156,-1.6580276005971828,-0.028888888888888853,-0.030181979582778462,23.2535,9.130971495,4496.183999999999,4541.9580000000005,4627.833500000001
2024-08-30,12.78195592,20.53,4629.32,7.748044080000001,1.6061704584567211,-2.7794335637379652,-2.0381517328860066,-2.898621026531755,-0.060411899313501105,-0.08957871396895789,23.1015,9.064373699,4522.9800000000005,4539.325,4618.804999999999
2024-09-02,14.05558997,21.89,4532.51,7.834410030000001,1.5573874911491887,-2.142816903246692,-1.852151981183175,-1.4176819472029067,0.06624452021432048,-0.027111111111111086,22.873,9.0080942005,4526.904,4526.215,4611.491499999999
2024-09-03,13.55,22.4,4572.4,8.849999999999998,1.6531365313653135,-0.33518805704061777,-0.7899082108377538,-0.8577400941002957,0.023298309730470423,0.025171624713958618,22.723,9.028594200499999,4549.447999999999,4525.525,4602.614
2024-09-04,14.11,21.82,4550.77,7.710000000000001,1.5464209780297662,-2.0506568483260477,-1.8732562851135133,-1.4074519704543353,-0.02589285714285705,0.06283487579152447,22.5905,8.9515942005,4565.492,4525.776,4592.982
2024-09-05,13.87,21.59,4586.78,7.720000000000001,1.5565969718817592,-1.7577426145029909,-1.7965753593494624,-1.58770037772076,-0.010540788267644374,-0.013704888076747412,22.4815,8.863094200499999,4574.356000000001,4535.2699999999995,4585.346500000001
2024-09-06,14.49,23.57,4508.23,9.08,1.6266390614216701,0.38012605429987323,-0.4850185947873335,0.38824181894662324,0.0917091245947197,0.05223214285714284,22.4835,8.8395942005,4550.138,4536.559,4575.6205
2024-09-09,13.62,22.8,4475.53,9.180000000000001,1.6740088105726874,0.5501206755046275,-0.3981920195678643,-0.3996509208463098,-0.032668646584641525,0.04491292392300639,22.457,8.834094200500001,4538.742,4532.822999999999,4565.692
2024-09-10,15.66,22.67,4487.58,7.010000000000002,1.4476372924648788,-2.3140165704292133,-2.432542462088433,-0.5453232313868497,-0.0057017543859648745,0.050023158869847206,22.423,8.720594200499999,4521.778,4535.613,4555.1915
2024-09-11,16.2,26.46,4486.01,10.260000000000002,1.6333333333333335,1.8783777517060463,0.6438329668826,3.0169694701486174,0.16718129686810768,0.12261349172677138,22.5575,8.7590942005,4508.826,4537.159,4547.028
2024-09-12,15.45,21.96,4468.74,6.510000000000002,1.421359223300971,-2.262868537456394,-2.7170413864965752,-1.198195442377171,-0.17006802721088432,-0.0368421052631579,22.488999999999997,8.620094200500002,4485.217999999999,4529.787,4535.8724999999995
2024-09-13,15.1,22.4,4413.19,7.299999999999999,1.4834437086092715,-1.2708446075366788,-1.9205608685965099,-0.7809228529054808,0.02003642987249532,-0.011910013233348171,22.484,8.5375942005,4466.21,4508.174,4523.7495
2024-09-18,14.72,22.17,4399.13,7.450000000000001,1.5061141304347827,-1.027423887417723,-1.721915293852071,-0.9628708746450143,-0.01026785714285705,-0.1621315192743764,22.482499999999998,8.481094200500001,4450.93,4494.836,4510.5255
2024-09-19,14.26,22.31,4482.27,8.049999999999999,1.564516129032258,-0.40875176488585113,-1.1681568956761674,-0.8073498120346584,0.00631483987370296,0.015938069216757667,22.5025,8.462094200500001,4449.8679999999995,4485.822999999999,4505.674
2024-09-20,13.59,20.96,4463.36,7.370000000000001,1.542310522442973,-0.9843876132391959,-1.6819034797465557,-1.9969006226194173,-0.06051098162259072,-0.06428571428571417,22.425500000000003,8.3840942005,4445.338,4477.082,4501.429
2024-09-23,13.05,22.2,4469.13,9.149999999999999,1.7011494252873562,0.7396873921282701,-0.14451919024905874,-0.8102163472038572,0.059160305343511466,0.0013531799729362692,22.392000000000003,8.386594200500001,4445.415999999999,4465.317,4500.293500000001
2024-09-24,16.54,22.33,4642.56,5.789999999999999,1.3500604594921402,-2.092615378257879,-2.851153442255463,-0.6619848409890384,0.005855855855855907,0.0008964589870013029,22.3745,8.2070942005,4491.29,4478.75,4507.6545
2024-09-25,18.06,21.96,4686.26,3.900000000000002,1.2159468438538208,-2.741703143645906,-3.8581038054404844,-0.9819476374037323,-0.01656963725929228,0.04770992366412208,22.345999999999997,7.935594200500001,4548.715999999999,4499.823,4516.322999999999
2024-09-26,21.79,26.34,4874.13,4.550000000000001,1.2088113813675998,-1.9593556803331997,-3.087169795638473,2.9442638631908458,0.1994535519125682,0.18648648648648658,22.535500000000003,7.683094200500001,4627.088,4538.478,4537.0455
2024-09-27,28.56,27.67,5136.44,-0.889999999999997,0.9688375350140057,-3.293588312718025,-5.094283430294129,3.580956133519027,0.05049354593773736,0.23914017017465317,22.794000000000004,7.1670942005,4761.704,4603.521000000001,4570.34
2024-09-30,49.14,19.32,5708.83,-29.82,0.39316239316239315,-4.07721721538644,-7.126797326668348,-2.726292282201232,-0.30177087097940014,-0.1202185792349727,22.6675,5.2376227055,5009.644,4727.53,4628.6585
2024-10-08,53.5,16.73,6201.99,-36.769999999999996,0.3127102803738318,-3.1326955840457216,-5.609836822213571,-3.9117882419754673,-0.1340579710144928,-0.3648443432042521,22.4775,3.0117205015,5321.53,4906.410000000001,4707.2919999999995
2024-10-09,43.08,43.57,5727.38,0.490000000000002,1.0113741875580315,-0.17020581917520058,-0.8464232171863083,6.541202954042711,1.6043036461446505,0.5746295627032887,23.561500000000002,2.6445000000000007,5529.754,5039.235,4767.0355
2024-10-10,39.17,40.37,5654.53,1.1999999999999957,1.030635690579525,-0.08444565190970225,-0.7354172399277211,4.414837217856044,-0.07344503098462252,1.089544513457557,24.46,2.2620000000000005,5685.834,5156.461,4821.142
2024-10-11,37.57,42.01,5416.76,4.439999999999998,1.118179398456215,0.18698010575403137,-0.3171044177390211,4.0391336789984384,0.04062422591032955,1.5110579796772265,25.4695,2.0985000000000005,5741.898,5251.801,4864.441499999999
2024-10-14,32.67,36.01,5615.76,3.3399999999999963,1.1022344658708294,0.11723986224814513,-0.4405801108545403,2.508104641307582,-0.14282313734825047,-0.17351388570117054,26.190499999999997,1.8795000000000002,5723.284,5366.464000000001,4915.8904999999995
2024-10-15,24.62,27.67,5507.18,3.0500000000000007,1.1238830219333875,0.11922502791820118,-0.46099649519753944,0.73478087648538,-0.23160233268536512,-0.31459004211047803,26.3955,1.5780000000000003,5584.322,5452.926,4965.838
2024-10-16,25.0,32.65,5524.25,7.649999999999999,1.306,0.49981802444012047,0.12475563232400651,1.7005703179611436,0.17997831586555835,-0.22280409426327064,26.887999999999998,1.5015,5543.696,5536.725,5018.273999999999
2024-10-17,23.87,32.65,5505.61,8.779999999999998,1.3678257226644321,0.5822114189467517,0.2699996893328998,1.629078558329077,0.0,-0.09330741460705361,27.387,1.5899999999999999,5513.912,5599.873,5069.175499999999
2024-10-18,31.58,37.21,5749.43,5.630000000000003,1.1782773907536417,0.34951801016592254,-0.11873309629741685,2.3712640096973505,0.13966309341500782,0.34477773762197317,27.924500000000002,1.3584999999999998,5580.446,5661.1720000000005,5132.346500000001
2024-10-21,26.0,32.65,5860.57,6.649999999999999,1.2557692307692307,0.43229606237148593,0.018899885641023958,1.4492336974733369,-0.1225477022305832,0.0,28.458999999999996,1.3654999999999997,5629.408,5676.3460000000005,5201.938
2024-10-22,29.75,36.32,5888.81,6.57,1.2208403361344538,0.42935485572947313,0.015028266233081,2.0204175267155113,0.11240428790199086,0.11240428790199086,29.154999999999994,1.329,5705.734,5645.028,5275.718999999999
2024-10-23,27.02,35.04,5903.58,8.02,1.2968171724648407,0.5451063795795273,0.20391173298403423,1.7111976137037153,-0.03524229074889873,-0.05831765654393983,29.7985,1.3574999999999997,5781.6,5662.648,5350.9415
2024-10-24,25.02327047,33.36,5861.63,8.33672953,1.3331590704738123,0.5694546061842107,0.2500633122632903,1.3660812242894413,-0.047945205479452024,0.021745788667687727,30.351,1.3718364764999997,5852.804,5683.358,5419.9095
2024-10-25,26.13,36.356028571903856,5974.91,10.226028571903857,1.391352031071713,0.7070433285663242,0.4920871574813028,1.7974514905988328,0.08980900994915642,0.0009919760986745185,31.120801428595193,1.5146379050951926,5897.9,5739.173,5495.487
2024-10-28,30.01,33.04,6082.09,3.0299999999999976,1.100966344551816,0.1493331981808946,-0.40926936049026524,1.1989686006497815,-0.09120986813357557,-0.057077625570776225,31.66280142859519,1.2086379050951925,5942.204,5785.806,5576.135
2024-10-29,29.58,32.53,5983.84,2.950000000000003,1.0997295469912103,0.15492055751400743,-0.4057875235589056,1.0790394916838404,-0.0154358353510895,-0.024880095923261347,32.172801428595186,1.0666379050951929,5961.21,5833.472,5643.199
2024-10-30,30.22,33.12,6019.35,2.8999999999999986,1.0959629384513567,0.15505083336833111,-0.39935425475236963,1.1381473260069397,0.018137104211497057,-0.0890094077658603,32.73080142859519,1.0166379050951924,5984.364,5882.982,5709.8535
2024-10-31,31.98,33.75,6116.66,1.7699999999999996,1.0553470919324577,0.07362690245463076,-0.5290562353513957,1.19932727403357,0.01902173913043481,0.021489104116222846,33.10130142859519,0.8776379050951923,6035.37,5944.087,5771.9800000000005
2024-11-01,32.64,36.26,5930.23,3.6199999999999974,1.110906862745098,0.20753535917804225,-0.2800001267569875,1.5416009976581384,0.07437037037037042,0.11466338764217632,33.53080142859519,1.1031379050951924,6026.433999999999,5962.167,5811.6695
2024-11-04,23.87,32.65,6053.11,8.779999999999998,1.3678257226644321,0.5867629112286777,0.3808362825583119,0.9386477350700247,-0.09955874241588525,-0.014190821256038655,34.197301428595196,3.033137905095192,6020.638,5981.421,5828.8835
2024-11-05,31.58,37.21,6266.54,5.630000000000003,1.1782773907536417,0.166870818899052,-0.014475706963052766,1.5904461290936405,0.13966309341500782,0.10251851851851845,35.22130142859519,5.153137905095192,6077.178,6019.194,5832.111
2024-11-06,26.0,32.65,6293.19,6.649999999999999,1.2557692307692307,0.4480726522487764,0.12119111923288592,0.863197346119874,-0.1225477022305832,-0.09955874241588525,34.6753014285952,5.461137905095192,6131.946,6058.155,5860.4015
2024-11-07,29.75,36.32,6403.92,6.57,1.2208403361344538,0.34100611161651384,0.11504016471511316,1.37724567350498,0.11240428790199086,0.11240428790199086,34.47280142859519,5.729637905095192,6189.398,6112.384,5897.871
2024-11-08,27.02,35.04,6423.12,8.02,1.2968171724648407,0.8460416725765523,0.304028298390199,1.1454476142340733,-0.03524229074889873,-0.05831765654393983,34.12430142859519,5.908637905095192,6287.976000000001,6157.205,5948.189
2024-11-11,27.7,28.21,6579.01,0.5100000000000016,1.0184115523465704,-1.9334073324344392,-0.6404020377101602,0.11132674276099432,-0.19492009132420085,-0.13598774885145481,33.734301428595195,5.7671379050951925,6393.156,6206.897,5996.3515
2024-11-12,26.28,29.01,6491.97,2.7300000000000004,1.1038812785388128,-1.103886673470871,-0.3415513768760949,0.218332326969504,0.028358738036157405,-0.20126651982378851,33.80130142859519,5.7511379050951925,6438.242,6257.710000000001,6045.591
2024-11-13,25.49,28.69,6474.39,3.200000000000003,1.1255394272263635,-0.8451954831066572,-0.26857215959056063,0.15721041977761085,-0.011030679076180605,-0.1812214611872146,33.603301428595195,5.528637905095192,6474.482000000001,6303.214,6093.098
2024-11-14,24.88,28.77,6272.19,3.8900000000000006,1.1563504823151125,-0.5227379957422589,-0.16861092257484567,0.15618549522511294,0.0027884280237016057,0.01985111662531014,33.40930142859519,5.284137905095192,6448.136,6318.767,6131.427000000001
2024-11-15,24.96,29.85,6125.51,4.890000000000001,1.1959134615384615,-0.1339062577525018,-0.029925257257934944,0.3052631218145693,0.037539103232533844,0.028955532574974185,33.04130142859519,5.247137905095192,6388.614,6338.295,6150.231
2024-11-18,26.36,32.26,5974.56,5.899999999999999,1.223823975720789,0.2603628347554031,0.10815160011251496,0.6491330646306321,0.08073701842546055,0.12443360055768538,33.0218014285952,5.209637905095192,6267.724,6330.44,6155.9305
2024-11-19,26.36,31.65,6130.28,5.289999999999999,1.2006828528072837,0.0548414511268777,0.037117611048232586,0.5351225993916214,-0.01890886546807191,0.10010427528675692,32.78830142859519,5.145637905095192,6195.386,6316.814,6168.004
2024-11-20,24.81,30.92,6250.8,6.110000000000003,1.2462716646513503,0.4146356910930074,0.149160383659085,0.4038858050880887,-0.02306477093206938,0.035845896147403744,32.58230142859519,5.050137905095193,6150.668000000001,6312.575,6185.365
2024-11-21,23.12,29.9,6262.16,6.779999999999998,1.2932525951557092,0.7309337546659982,0.24016076257194977,0.22873899636071332,-0.03298835705045289,-0.07315561066336018,32.409301428595185,4.972301428595193,6148.661999999999,6298.399,6205.3915
2024-11-22,24.19,31.68,6030.49,7.489999999999998,1.3096320793716412,1.1897960277873014,0.33618310472224655,0.48289190076453825,0.059531772575250885,0.0009478672985783199,32.1755,4.835500000000001,6129.658,6259.136,6208.1705
2024-11-25,23.96,32.02,6052.13,8.060000000000002,1.3363939899833055,1.2930138631669672,0.41321209736966874,0.514370987732663,0.010732323232323315,0.03557567917205695,32.1245,5.087000000000001,6145.1720000000005,6206.447999999999,6206.6725
2024-11-26,23.34,32.09,5981.57,8.750000000000004,1.3748928877463584,1.4172781184751222,0.5050242312861695,0.5035991014196936,0.0021861336664583675,0.07324414715719074,32.102500000000006,5.377000000000001,6115.43,6155.407999999999,6206.559
2024-11-27,23.6,30.14,6118.66,6.539999999999999,1.2771186440677966,0.42304182160629755,0.2229861050602049,0.1789371148648334,-0.06076659395450301,-0.04861111111111105,31.953500000000002,5.558999999999999,6089.0019999999995,6119.835,6211.5244999999995
2024-11-28,22.17,30.16,6086.09,7.989999999999998,1.3603969327920613,0.9645325071685996,0.4171431870912402,0.1634622616884947,0.0006635700066357497,-0.05808869456589638,31.774,5.87,6053.788,6101.225,6209.996
2024-11-29,22.83,29.16,6189.13,6.330000000000002,1.2772667542706966,0.15202151148975013,0.20672998146764887,-0.014187931588011545,-0.03315649867374004,-0.09130570271112504,31.419000000000004,6.0055,6085.5160000000005,6107.587,6222.941
2024-12-02,24.54,29.61,6313.61,5.07,1.206601466992665,-0.36767077416358024,0.049198029631971216,0.03802023364060496,0.015432098765432167,-0.017584605175846035,31.266999999999996,5.82,6137.812,6141.492,6235.965999999999
2024-12-03,24.81,29.41,6303.28,4.600000000000001,1.1854091092301493,-0.5678282220931101,-0.005870184571709032,-0.019178920369003566,-0.006754474839581248,-0.024867374005305032,30.877000000000002,5.7685,6202.1539999999995,6158.7919999999995,6237.803
2024-12-04,24.88,30.21,6204.94,5.330000000000002,1.2142282958199357,-0.18177554052283518,0.09618098333259478,0.09214217276957229,0.02720163209792581,0.03600823045267498,30.755000000000003,5.702500000000001,6219.41,6154.206,6233.3904999999995
2024-12-05,24.04,29.88,6285.6,5.84,1.242928452579035,0.08531738417473639,0.17068285481089276,0.015626197610066988,-0.010923535253227423,0.00911854103343468,30.433,5.666,6259.312,6156.55,6227.4745
2024-12-06,23.93,30.652861253013707,6349.62,6.722861253013708,1.280938623193218,0.5664057613729532,0.29013646934963877,0.1245830309082466,0.025865503782252608,0.04225981819155744,30.213643062650686,5.601143062650686,6291.410000000001,6188.463,6223.799499999999
2024-12-09,23.9,32.00643873453855,6303.27,8.10643873453855,1.339181537009981,1.284906493263671,0.47266871957402895,0.33541091464763745,0.044158275155855575,0.059465035899985086,30.403464999377615,5.980964999377614,6289.342,6213.577,6210.0125
2024-12-10,24.91,27.53,6362.02,2.620000000000001,1.1051786431152149,-2.014439738533691,-0.2413333753591037,-0.4723095876092657,-0.1398605690456891,-0.07864792503346718,30.329464999377613,5.975464999377613,6301.090000000001,6251.622,6203.515
2024-12-11,24.48,29.54307869620457,6447.37,5.06307869620457,1.2068251101390757,-0.6485569055566376,0.09297367833170171,-0.13497402140894935,0.07312309103540038,-0.03620486021349889,30.372118934187842,6.068618934187842,6349.576,6284.493,6202.164
2024-12-12,25.14,26.54,6490.15,1.3999999999999986,1.0556881463802705,-2.507214353637453,-0.38322111218918026,-0.6996083200849488,-0.10165083764917093,-0.17079184534953107,30.26061893418784,5.944118934187841,6390.486,6324.899,6213.062
2024-12-13,23.51,26.89,6354.99,3.379999999999999,1.1437686091025094,-1.3177793219767484,-0.10436110582872046,-0.6372699058481105,0.013187641296156905,-0.023247366509262624,30.11261893418784,5.868618934187841,6391.5599999999995,6341.485,6224.536
2024-12-16,22.01,26.76,6277.52,4.75,1.2158109950022717,-0.5570398769647472,0.08339170132440224,-0.6873325286822327,-0.004834510970621042,-0.09420408498461996,29.837618934187837,5.811118934187841,6386.41,6337.875999999999,6239.684
2024-12-17,21.11,27.21,6143.94,6.100000000000001,1.2889625769777358,0.13059832641194674,0.2675435800781138,-0.6284757688654153,0.01681614349775784,0.02524491333835721,29.615618934187843,5.851618934187842,6342.794,6321.942,6240.367
2024-12-18,21.01,27.76,6195.87,6.75,1.3212755830556877,0.4531744747408097,0.35667399016441687,-0.5524005913194281,0.020213156927600062,0.0323540349572331,29.457618934187842,5.883618934187842,6292.494,6321.035000000001,6237.6205
2024-12-19,21.11,27.94,6207.19,6.830000000000002,1.3235433443865467,0.4933853349394866,0.3706282079708083,-0.5466500791476956,0.006484149855907839,0.044095665171898446,29.359618934187846,5.886118934187842,6235.902,6313.1939999999995,6234.872
2024-12-20,19.95,26.85,6271.75,6.900000000000002,1.3458646616541354,0.5516262383346354,0.38127431095501213,-0.8031539884556783,-0.03901216893342874,-0.013230429988974612,29.11811893418784,5.856618934187842,6219.253999999999,6305.407,6246.935
2024-12-23,19.52,28.95,6096.38,9.43,1.483094262295082,1.754804292581187,0.721048388413145,-0.4098805483621206,0.0782122905027931,0.042867435158501443,28.964618934187843,5.925118934187841,6183.026,6284.718,6249.1475
2024-12-24,18.94,28.23,6164.36,9.29,1.4904963041182682,1.6356693338775925,0.6917984956097686,-0.59525624203932,-0.024870466321243456,0.010379384395132307,28.771618934187842,5.952118934187842,6187.11,6264.952,6258.286999999999
2024-12-25,19.23,28.19,6094.69,8.96,1.465938637545502,1.3449983590740024,0.6340256679365531,-0.6449026365219992,-0.001416932341480659,0.049906890130353876,28.674118934187838,6.073118934187841,6166.874,6229.683999999999,6257.0885
2024-12-26,18.54,26.9,6160.45,8.36,1.4509169363538295,1.047612985821385,0.5439624377988848,-0.9328763609735108,-0.04576090812344813,-0.07081174438687399,28.511118934187845,6.091618934187841,6157.526,6196.714,6260.8065
2024-12-27,18.2,25.98,6171.57,7.780000000000001,1.4274725274725275,0.7352536125543842,0.4484385235453586,-1.12292040285446,-0.0342007434944237,-0.07970244420828909,28.352118934187835,6.164118934187842,6137.49,6178.372,6259.9285
2024-12-30,18.41,26.5,6145.93,8.09,1.4394350896252037,0.7987042485257948,0.5060456539531432,-1.0890481346581895,0.02001539645881456,-0.059950336998935816,28.196618934187843,6.315118934187842,6147.4,6165.213000000001,6251.5445
2024-12-31,18.11,27.55,5957.72,9.440000000000001,1.5212589729431254,1.2599158024983146,1.4734179840210049,-0.9805028304989285,0.039622641509434064,0.024163568773234223,28.103618934187843,6.557118934187843,6106.072,6146.590999999999,6234.2665
2025-01-02,20.69,27.36,5797.09,6.669999999999998,1.3223779603673271,0.020213023166742467,0.31488327053336457,-1.0411297114324634,-0.006896551724137945,0.053117782909930744,27.961118934187844,6.624118934187841,6046.552000000001,6106.713,6213.874
2025-01-03,20.28,27.36,5625.21,7.079999999999998,1.349112426035503,0.17395579726393876,0.46310428548215105,-1.0318135987637032,0.0,0.03245283018867928,27.835118934187847,6.686118934187841,5939.504,6048.515,6180.8544999999995
2025-01-06,21.45,29.85,5608.03,8.400000000000002,1.3916083916083917,0.7097805287785072,1.0100311507020818,-0.2757024886947879,0.0910087719298247,0.08348457350272231,27.794975871537154,6.769975871537156,5826.796,5982.143,6143.775
2025-01-07,19.19,27.37,5692.04,8.18,1.426263678999479,0.6117661802914062,0.8835883887407865,-1.040290759153057,-0.08308207705192627,0.0003654970760234022,27.563153934810224,6.773653934810229,5736.018,5941.709,6113.2135
2025-01-08,18.47,27.21,5661.78,8.740000000000002,1.4731997834325936,0.7843077122450558,1.0951806280284362,-1.0870606818726307,-0.005845816587504604,-0.005482456140350811,27.54715393481023,7.079653934810229,5676.83,5891.450999999999,6078.2015
2025-01-09,17.97,27.02,5672.78,9.05,1.50361713967724,0.8414295921837819,1.210602080228377,-1.110735224640177,-0.006982726938625561,-0.09480737018425467,27.421,7.278999999999999,5651.967999999999,5849.26,6039.472
2025-01-10,18.05,27.02,5544.92,8.969999999999999,1.4969529085872575,0.8123255817677713,1.1722195365982822,-1.0742865408763436,0.0,-0.012787723785166238,27.445,7.657500000000001,5635.91,5787.706999999999,5992.2105
2025-01-13,18.76,28.33,5559.47,9.569999999999997,1.5101279317697225,1.215488186265022,1.383996410369356,-0.6315854131193532,0.04848260547742411,0.04116133774347652,27.517000000000003,7.9670000000000005,5626.198,5726.497,5952.4345
2025-01-14,19.48,29.76,5811.05,10.280000000000001,1.5277207392197125,1.7238204126909278,1.62596915245593,-0.139338265324576,0.05047652665019431,0.10140636565507033,27.667,8.243500000000001,5650.0,5693.009,5929.111
2025-01-15,18.77,29.76,5775.57,10.990000000000002,1.5855087906233352,2.051134478805236,1.8381911428745268,-0.10663763272350318,0.0,0.10140636565507033,27.7945,8.488,5672.758,5674.794,5910.692499999999
2025-01-16,18.86,28.68,5801.31,9.82,1.52067868504772,0.99689060766023,1.3311835379900525,-0.4570885258328075,-0.03629032258064524,0.012354394634662924,27.840500000000002,8.6415,5698.464000000001,5675.215999999999,5890.9645
2025-01-17,19.56,28.93,5841.57,9.370000000000001,1.479038854805726,0.5410840435280168,1.1349199699965606,-0.34552526700583497,0.008716875871687568,-0.027889784946236618,27.889999999999997,8.7685,5757.794,5696.852,5872.6835
2025-01-20,19.25,29.89907140995514,5879.15,10.649071409955141,1.5531985148028644,1.5448415813139862,1.638109861442948,0.045699506619016214,0.03349711061027105,0.004673098452793623,28.04245357049776,8.955953570497758,5821.73,5723.964,5853.0535
2025-01-21,18.65,28.8,5908.02,10.150000000000002,1.544235924932976,1.030434285571639,1.3917834765477255,-0.34898798091649896,-0.03675938275424817,0.004184100418409997,28.03495357049776,8.991953570497758,5841.124,5745.562,5843.6355
2025-01-22,18.79,28.83,5855.74,10.04,1.5343267695582756,0.8813462017151783,1.30641761700446,-0.31671292976606763,0.0010416666666666075,-0.003456619426201235,28.064953570497757,9.029453570497758,5857.158,5764.9580000000005,5828.2045
2025-01-23,19.5,27.97,5829.03,8.469999999999999,1.4343589743589742,-0.4638172704348774,0.6502408763794577,-0.6248352504164416,-0.029830038154699978,-0.0645194422095946,28.05395357049776,9.004953570497758,5862.701999999999,5780.5830000000005,5814.9214999999995
2025-01-24,19.1,26.88,5938.13,7.779999999999998,1.407329842931937,-1.0156881475262745,0.3399942799170225,-1.023093374123253,-0.0389703253485878,-0.06666666666666676,28.052953570497756,8.975953570497756,5882.014,5819.904,5803.8055
2025-01-27,17.73,26.77,5846.07,9.04,1.5098702763677383,0.0009152411868201531,0.8463800885321844,-1.0640304192234846,-0.0040922619047618625,-0.07145334720776964,28.09245357049776,9.038953570497757,5875.398,5848.564,5787.5305
2025-02-05,18.64,27.15,5881.44,8.509999999999998,1.4565450643776823,-0.4872215953432232,0.6214900753772123,-0.8743375038201893,0.01419499439671279,-0.02931712549159815,28.12495357049776,9.059953570497758,5870.082,5855.603,5774.306
2025-02-06,18.4,26.12,6041.83,7.720000000000002,1.4195652173913045,-1.077955246311895,0.26744086515171783,-1.360877200053249,-0.03793738489871079,-0.028273809523809423,28.053453570497755,8.973953570497757,5907.3,5882.229,5778.5115
2025-02-07,18.53,25.92,6134.05,7.390000000000001,1.3988127361036158,-1.4760417541836879,0.11983122764450788,-1.4140491576260659,-0.007656967840734996,-0.031751961150541574,27.981453570497756,9.009953570497757,5968.304,5915.503,5795.3595000000005
2025-02-10,18.99,27.12,6210.55,8.130000000000003,1.4281200631911535,-0.9115815482397946,0.42733826373584066,-0.8647197891762339,0.04629629629629628,-0.001104972375690516,27.969453570497755,9.062453570497757,6022.788,5952.401,5824.6265
2025-02-11,16.49,25.36,6190.17,8.870000000000001,1.537901758641601,-0.2133465919013038,0.7375168821833858,-1.8519591951123375,-0.06489675516224191,-0.029096477794793296,27.744953570497756,9.085953570497757,6091.608,5983.503,5853.7335
2025-02-12,18.57,26.03,6284.61,7.460000000000001,1.4017232094776522,-1.50292192154728,0.08881413672218232,-1.4214460818443437,0.02641955835962162,0.004243827160493874,27.67795357049776,9.049953570497758,6172.242,6021.161999999999,5883.362
2025-02-13,17.86,25.47,6212.5,7.609999999999999,1.4260918253079506,-1.2525800100232687,0.12546164495692808,-1.6640528088797935,-0.02151363810987328,-0.06084070796460184,27.590953570497753,8.993453570497756,6206.375999999999,6056.838,5910.897999999999
2025-02-14,17.45,25.01,6248.83,7.560000000000002,1.4332378223495703,-1.1819135919401385,0.06878521657975764,-1.8288668685794247,-0.018060463290145212,-0.013801261829652911,27.49045357049776,8.918953570497758,6229.332,6098.818,5939.7005
2025-02-17,18.21,25.79,6281.57,7.579999999999998,1.416254805052169,-1.0686350281860277,0.04941201834282154,-1.362960407000256,0.03118752499000399,-0.00922013061851712,27.42895357049776,8.849453570497756,6243.536,6133.162,5976.532999999999
2025-02-18,18.12,25.07,6142.14,6.949999999999999,1.3835540838852096,-1.4178714041417662,-0.2957570997624903,-1.667574754076164,-0.027917797595967353,-0.01570475068708277,27.265953570497754,8.718453570497756,6233.93,6162.769,6005.666499999999
2025-02-19,17.65,24.9,6288.53,7.25,1.4107648725212465,-1.0693694229475046,-0.15217272434648793,-1.7116637880215244,-0.006781013163143279,-0.004398240703718637,27.02295357049776,8.566953570497756,6234.714,6203.478,6029.540500000001
2025-02-20,17.35,25.04,6334.41,7.689999999999998,1.4432276657060517,-0.644715093400959,0.05803959649781784,-1.5919051486554034,0.005622489959839383,-0.02908103916246607,26.786953570497758,8.401953570497756,6259.096,6232.736,6057.4825
2025-02-21,18.28,24.81,6449.23,6.529999999999998,1.3572210065645514,-1.5153745487638872,-0.5620792992493638,-1.652258603357864,-0.009185303514376963,-0.010370961308336701,26.593453570497758,8.237453570497756,6299.1759999999995,6264.254,6089.878500000001
2025-02-24,17.92,25.40327802612323,6464.02,7.483278026123227,1.4175936398506264,-0.5967469411531927,-0.0617333280655734,-1.2947665361673564,0.023912858771593326,0.020211968920611723,26.41711747180392,8.143117471803919,6335.665999999999,6289.601000000001,6121.000999999999
2025-02-25,17.91,25.44,6435.43,7.530000000000001,1.4204355108877722,-0.48560312674081235,-0.037217196225133205,-1.2476279253088043,0.0014455604445620107,0.015974440894568787,26.194163901306162,7.987163901306161,6394.324,6314.127,6148.8150000000005
2025-02-26,17.95,25.95,6524.41,8.0,1.4456824512534818,0.1518575464699614,0.21354259030071082,-0.9580071359138675,0.02004716981132071,0.045949214026602236,26.05166390130616,7.879663901306161,6441.5,6338.107,6179.6345
2025-02-27,17.69,25.7,6499.53,8.009999999999998,1.4527981910684,0.3799281719409762,0.22606666917370347,-1.083600553768051,-0.009633911368015391,0.011680460040300211,25.89516390130616,7.7781639013061605,6474.524,6366.8099999999995,6211.8240000000005
2025-02-28,17.84,25.62,6270.42,7.780000000000001,1.4360986547085202,0.06178103252046251,0.0924768762561291,-1.0958585889568082,-0.003112840466926059,0.007075471698113178,25.77766390130616,7.743663901306161,6438.762000000001,6368.969,6233.8935
2025-03-03,16.78,25.4,6273.67,8.619999999999997,1.5137067938021451,1.3456939574432578,0.5353815896526543,-1.1881438891424474,-0.00858704137392674,-0.021194605009633993,25.703663901306165,7.785663901306161,6400.692,6368.179,6250.6705
2025-03-04,18.28,24.81,6357.63,6.529999999999998,1.3572210065645514,-1.863016008080378,-0.5835011923724603,-1.477137440683664,-0.023228346456692917,-0.03463035019455252,25.605663901306162,7.660163901306161,6385.132,6389.728,6276.2485
2025-03-05,15.71,25.45,6398.24,9.739999999999998,1.6199872692552513,2.7124694510288303,1.097915474221516,-1.0701269643798732,0.025796049979846858,-0.006635441061670688,25.520663901306158,7.721663901306161,6359.898,6400.699,6302.0885
2025-03-06,16.45,25.21,6534.97,8.760000000000002,1.5325227963525836,1.2653908191642809,0.545321764147126,-1.1713292244796791,-0.009430255402750443,-0.007480314960629841,25.47516390130616,7.77366390130616,6366.986,6420.754999999999,6326.7455
2025-03-07,15.42,24.95,6507.76,9.53,1.6180285343709468,1.9043236115636097,0.937784595441543,-1.2885905502801904,-0.010313367711225818,0.005642885933091479,25.426663901306163,7.8806639013061615,6414.454,6426.608,6345.431
2025-03-10,15.11,25.63,6520.97,10.52,1.6962276637988087,2.4042495006777247,1.4327961589937512,-0.8579891966495607,0.027254509018036055,0.007072691552062915,25.352163901306163,8.000163901306161,6463.914,6432.303,6360.951999999999
2025-03-11,16.45,25.21,6551.73,8.760000000000002,1.5325227963525836,0.7333967325448009,0.4465148903361937,-1.0910434563718563,-0.016387046429964802,0.0,25.34466390130616,7.994663901306161,6502.734,6443.932999999999,6379.030000000001
2025-03-12,15.53,25.62,6566.97,10.090000000000002,1.6497102382485513,1.7311937346179325,1.1484258369528435,-0.8394349750377548,0.016263387544625196,0.02685370741482962,25.32416390130616,8.12616390130616,6536.4800000000005,6448.189,6393.148
2025-03-13,15.52,25.23,6466.85,9.71,1.6256443298969072,1.2528800175421981,0.9423084814488658,-1.069700346708331,-0.015222482435597207,-0.015606710885680775,25.31216390130616,8.231163901306163,6522.856,6444.921,6405.8655
2025-03-14,18.08,24.92,6571.17,6.840000000000003,1.3783185840707968,-1.1177158927864914,-0.7738044695006001,-1.2470366289322494,-0.012286959968291655,-0.011503371677905605,25.307663901306164,8.195163901306161,6535.5380000000005,6474.996000000001,6421.9825
2025-03-17,17.59,25.59,6589.57,8.0,1.4548038658328595,-0.17941322581977853,-0.17028155160928288,-0.7731494146419862,0.0268860353130016,-0.0011709601873536313,25.29766390130616,8.216163901306162,6549.258,6506.586,6437.382500000001
2025-03-18,17.36,25.63,6611.93,8.27,1.4763824884792627,-0.010419643613594622,-0.04158148987572179,-0.7282844333453393,0.0015631105900741904,0.015854141894569906,25.32566390130616,8.282163901306161,6561.298,6532.0160000000005,6460.872
2025-03-19,17.69,25.27,6564.68,7.579999999999998,1.4284906726964386,-0.6225954654897512,-0.6704833664164191,-0.9483759583952404,-0.01404603979711272,0.014044943820224587,25.344163901306164,8.298663901306162,6560.839999999999,6548.660000000001,6474.6795
2025-03-20,16.49,25.36,6535.06,8.870000000000001,1.537901758641601,0.4448486249325882,0.397988629291543,-0.8623694362154344,0.0035615354174911573,-0.008987885892926983,25.36016390130616,8.357663901306163,6574.482000000001,6548.669,6484.712
2025-03-21,15.9,24.62,6405.61,8.72,1.548427672955975,0.23629401055580845,0.24212609230972387,-1.3096588239944429,-0.02917981072555198,-0.039406944986344006,25.35066390130616,8.467163901306161,6541.370000000001,6538.454,6482.531
2025-03-24,15.33,23.16665487109182,6360.34,7.8366548710918185,1.5111973170966613,-0.6139635940444605,-0.5699929556608361,-2.145545070038103,-0.059031077534857146,-0.08323486857570961,25.238832743554592,8.484832743554591,6495.523999999999,6522.3910000000005,6477.347
2025-03-25,15.53,25.62,6310.76,10.090000000000002,1.6497102382485513,1.3570068805561384,1.424142917770545,-0.5592190483306773,0.10589984365716765,0.010252365930599527,25.24783274355459,8.612832743554591,6435.290000000001,6498.294,6471.1135
2025-03-26,14.7,22.47,6334.91,7.77,1.5285714285714285,-0.7581357533691058,-0.654882507801846,-2.4255007129087893,-0.12295081967213117,-0.08732737611697816,25.07383274355459,8.60133274355459,6389.336,6475.088000000001,6461.638499999999
2025-03-27,14.3,22.35,6328.77,8.05,1.562937062937063,-0.5051194522889737,-0.3830411478633108,-2.346950914197944,-0.005340453938584622,-0.035251307348255434,24.906332743554593,8.603332743554592,6348.0779999999995,6461.28,6453.1005
2025-03-28,14.59,22.4,6268.32,7.809999999999999,1.5352981494174092,-0.7263506085281297,-0.5835749892393828,-2.188701143840458,0.0022371364653241965,-0.12568306010928976,24.74533274355459,8.604832743554592,6320.62,6430.995,6452.9955
2025-03-31,15.74,23.22,6226.65,7.479999999999999,1.4752223634053365,-0.9510692902897276,-0.8650105537712317,-1.642866817627048,0.03660714285714284,0.03337783711615483,24.636332743554593,8.54783274355459,6293.882,6394.7029999999995,6450.6445
2025-04-01,15.52,22.72,6259.48,7.199999999999999,1.4639175257731958,-1.2933119897149497,-1.101184930982729,-1.838490531353025,-0.021533161068044815,0.016554809843400298,24.53183274355459,8.581332743554592,6283.626,6359.4580000000005,6445.736999999999
2025-04-02,15.33,22.57,6277.25,7.24,1.472276581865623,-1.1350574579644312,-1.0434637673665565,-1.8303909861018093,-0.00660211267605626,0.007589285714285854,24.38783274355459,8.45633274355459,6272.094,6330.714999999999,6439.6875
2025-04-03,15.35,23.03,6203.26,7.6800000000000015,1.500325732899023,-0.6671886381274179,-0.6282438587333137,-1.5232387510438794,0.020381036774479444,-0.008182601205856899,24.27883274355459,8.402332743554592,6246.992,6297.535,6423.102000000001
2025-04-07,31.37,27.61,5496.44,-3.7600000000000016,0.8801402613962384,-3.961052690798816,-6.2462216411575815,0.8738554934200636,0.1988710377768128,0.21522887323943674,24.41183274355459,7.737832743554591,6092.616,6206.618,6372.535999999999
2025-04-08,24.24,26.92,5530.02,2.6800000000000033,1.1105610561056107,-1.53802442169476,-2.674054935743486,0.5179167823455834,-0.024990945309670276,0.19273371732388123,24.47633274355459,7.345832743554591,5953.29,6123.585999999999,6322.9885
2025-04-09,22.62,27.46,5652.33,4.84,1.213969938107869,-0.7538720674580016,-1.5532510646463333,0.8484108799210667,0.020059435364041533,0.19235779418150245,24.588832743554594,7.149832743554592,5831.86,6057.743,6278.0185
2025-04-10,20.05,26.32,5784.59,6.27,1.312718204488778,-0.23044193889537892,-0.846502656606238,0.24194957035949793,-0.0415149308084487,-0.046722202100688115,24.623832743554594,6.9588327435545905,5733.3279999999995,6002.711,6238.8994999999995
2025-04-11,19.5,27.97,5862.19,8.469999999999999,1.4343589743589742,0.5348006349572676,0.2049596093834785,1.125504628779999,0.06268996960486306,0.03900445765230298,24.76083274355459,6.89683274355459,5665.114,5956.053,6208.6665
2025-04-14,17.07,25.04,5938.53,7.969999999999999,1.4669009958992383,0.34448316902064974,-0.02509448552398597,-0.44125339835224836,-0.10475509474436895,-0.08812818645302267,24.76683274355459,6.95333274355459,5753.532,5923.074,6177.0345
2025-04-15,15.85,23.74,5914.03,7.889999999999999,1.4977917981072555,0.3194511283662863,-0.05483491339234187,-1.1074596212040198,-0.05191693290734822,-0.09802431610942253,24.674332743554594,6.94783274355459,5830.334,5891.812,6143.2575
2025-04-16,16.68,24.26,5835.35,7.580000000000002,1.4544364508393286,0.22698444420560632,-0.18828905019078565,-0.7999608713295842,0.021903959561921038,-0.13264211655345004,24.605832743554593,6.913332743554591,5866.938,5849.399,6104.4285
2025-04-17,16.14,24.18,5839.56,8.04,1.4981412639405203,0.3748425493912902,0.05156192325329386,-0.8229424654321071,-0.0032976092333059093,-0.034345047923322714,24.55133274355459,6.93633274355459,5877.932,5805.63,6068.1725
2025-04-18,16.0,25.0,5831.69,9.0,1.5625,0.697585500611855,0.5436835021889066,-0.3313373908551695,0.03391232423490487,0.05307497893850055,24.533332743554592,6.94283274355459,5871.832,5768.473,6033.004
2025-04-21,15.69,24.13,5952.64,8.44,1.5379222434671764,0.5138706043249113,0.2800653758623457,-0.8208912292343158,-0.03480000000000005,-0.005358615004122158,24.508832743554592,6.928832743554591,5874.654,5814.093,6010.3555
2025-04-22,15.59,24.06,5949.31,8.469999999999999,1.5432969852469531,0.5109288606355087,0.303692465865418,-0.8413881463685812,-0.0029009531703274583,-0.00496277915632759,24.5535,6.960500000000001,5881.710000000001,5856.022,5989.804
2025-04-23,15.34,23.78,5984.58,8.440000000000001,1.5501955671447198,0.541487155424454,0.312113010613471,-1.0164139907501193,-0.01163757273482946,-0.048799999999999955,24.461499999999997,6.878,5911.5560000000005,5889.247,5973.495
2025-04-24,15.11,23.93,5920.48,8.82,1.583719391131701,0.6490517751894098,0.5216444477561101,-0.8993328446344311,0.006307821698906535,-0.008288437629506817,24.5345,6.930499999999999,5927.74,5902.836,5952.7735
2025-04-25,15.15,23.68,5939.5,8.53,1.563036303630363,0.5390305064548526,0.38963900847963456,-1.0635870508541208,-0.010447137484329239,-0.015793848711554426,24.601,6.9545,5949.302000000001,5910.567,5933.3099999999995
2025-04-28,16.14,23.79,5877.06,7.649999999999999,1.473977695167286,0.24087570351871176,-0.05970229640606759,-0.9610461519106523,0.004645270270270174,0.000420521446593769,24.6705,6.9465,5934.186,5904.42,5913.746999999999
2025-04-29,16.15,23.6,5903.38,7.450000000000003,1.4613003095975234,0.17292668641936199,-0.16064237686479022,-1.069977853872208,-0.007986548970155383,-0.013790221479314635,24.6895,6.945,5925.0,5903.355,5897.5835
2025-04-30,17.07,24.23,5950.12,7.16,1.4194493263034564,0.07431144020094581,-0.2958065955468441,-0.5669521127069419,0.026694915254237284,0.023226351351351315,24.765,6.943,5918.108,5914.832,5882.1155
2025-05-06,14.91,21.99,6102.92,7.079999999999998,1.4748490945674042,0.04966595049594432,-0.32521720416972455,-2.1831976233723824,-0.09244737928188207,-0.07566204287515765,24.736,6.9350000000000005,5954.596,5941.168,5873.399
2025-05-07,14.6,22.15,6111.49,7.549999999999999,1.5171232876712328,0.2129953926416737,-0.0789121970354022,-1.9595215976923286,0.007276034561164213,-0.061440677966101864,24.692,6.9285,5988.994000000001,5969.147999999999,5868.8105
2025-05-08,14.59,21.46,6158.08,6.870000000000001,1.470870459218643,-0.3974044580842848,-0.42801382053683124,-2.3115674240562347,-0.031151241534988605,-0.1143210895583987,24.384500000000003,7.459999999999999,6045.197999999999,5989.692,5901.8925
2025-05-09,14.66,21.74,6082.08,7.079999999999998,1.4829467939972714,-0.612933876810045,-0.3095569571120417,-2.0268531741046645,0.013047530288909481,-0.011368804001819055,24.1255,7.68,6080.938,6002.969,5929.4955
2025-05-12,15.75,22.98,6167.46,7.23,1.4590476190476191,-0.7827390127264048,-0.21798545083161902,-1.125843217386614,0.05703771849126049,0.037471783295711214,23.9015,7.799499999999999,6124.406,6021.257,5955.252
2025-05-13,14.99,21.83,6151.01,6.839999999999998,1.4563042028018678,-1.4665827301014556,-0.41539608413099643,-1.8313333227386472,-0.050043516100957475,0.01724137931034475,23.677,7.828,6134.024,6044.3099999999995,5973.573
2025-05-14,15.0,21.83,6160.37,6.829999999999998,1.4553333333333331,-1.3256047493571115,-0.4132250814566975,-1.7484849545160464,0.0,0.004139834406623688,23.369999999999997,7.7459999999999996,6143.8,6066.397,5988.482
2025-05-15,16.13,22.19,6057.04,6.060000000000002,1.375697458152511,-2.0283663145176996,-0.796245269489376,-1.454342396699351,0.01649106733852501,-0.034377719756309766,23.2275,7.650499999999999,6123.592,6084.3949999999995,5994.4075
2025-05-16,15.74,23.22,6068.12,7.479999999999999,1.4752223634053365,-0.19159630311530135,-0.06102177185949176,-0.7603226383663093,0.046417305092383954,0.06367384333486026,23.2015,7.63,6120.8,6100.869000000001,6002.112
2025-05-19,14.47,21.22,6095.34,6.749999999999998,1.4664823773324118,-1.0386422059660447,-0.43651388627448007,-1.9529148519689459,-0.08613264427217915,-0.027943197434722844,23.049500000000002,7.588500000000001,6106.376,6115.391,6015.1115
2025-05-20,14.96,21.33,6146.02,6.369999999999997,1.425802139037433,-1.3452780398665536,-0.6233868378094138,-1.7963049223686753,0.005183788878416529,-0.03875619648490325,22.907,7.504999999999998,6105.378000000001,6119.701,6030.4345
2025-05-21,15.28,21.21,6132.18,5.9300000000000015,1.3880890052356023,-1.6990906072897716,-0.8300115453902202,-1.7832090496101556,-0.005625879043600457,-0.08656330749354002,22.717499999999998,7.351499999999999,6099.74,6121.77,6045.459
2025-05-22,16.01,22.03,6066.1,6.02,1.3760149906308556,-1.4310883423152392,-0.7773279992312278,-1.2513581389422253,0.03866100895803859,0.038171536286522256,22.6125,7.230499999999999,6101.552000000001,6112.572,6051.132
2025-05-23,16.33,22.37,5989.68,6.040000000000003,1.3698714023270058,-1.2835134534714066,-0.7511568749666746,-1.017191525904968,0.015433499773036763,0.048757618377871736,22.528,7.108999999999999,6085.864,6103.332,6053.150500000001
2025-05-26,15.76,22.25,6028.79,6.49,1.4118020304568528,-0.6673883584758278,-0.5125002082612826,-1.051756539002909,-0.005364327223960741,0.049033474776049024,22.451500000000003,7.0115,6072.554,6089.465,6055.361
2025-05-27,15.68,21.71,6008.46,6.030000000000001,1.3845663265306123,-1.229925364437887,-0.7261690416585656,-1.319386619563281,-0.024269662921348245,-0.014525646845211071,22.3405,6.872,6045.0419999999995,6075.21,6059.76
2025-05-28,15.72,22.05,5984.46,6.33,1.4026717557251909,-0.7557905954576034,-0.5593751736721067,-1.084961039948207,0.01566098572086605,-0.014304872597228457,22.259,6.761999999999999,6015.498,6057.619000000001,6062.008
2025-05-29,15.3,20.96,6089.58,5.66,1.3699346405228758,-1.722559580017573,-0.8736447301168774,-1.64594394256379,-0.04943310657596367,-0.05797752808988765,22.1175,6.6625,6020.194,6060.8730000000005,6072.634
2025-05-30,15.21,20.48,6026.56,5.27,1.3464825772518079,-2.0406116642389285,-1.0346443743113638,-1.8306261327758837,-0.022900763358778664,-0.05665591893136801,21.9615,6.5535,6027.570000000001,6056.717,6078.793
2025-06-03,14.74,20.74,6070.04,5.999999999999998,1.4070556309362279,-0.7946211167538922,-0.6653178359803594,-1.6150814140201493,0.0126953125,-0.059410430839002326,21.787,6.4955,6035.82,6054.187,6084.789000000001
2025-06-04,14.55,20.84,6123.17,6.289999999999999,1.4323024054982818,-0.2723743546356597,-0.4978520869145419,-1.5006146188076372,0.004821600771456103,-0.005725190839694694,21.729499999999998,6.455999999999999,6058.762000000001,6051.902,6085.8015
2025-06-05,14.61,20.93,6167.01,6.32,1.432580424366872,-0.1348018180119902,-0.4637457886293238,-1.3983793489418674,0.004318618042226552,0.02197265625,21.6685,6.394499999999999,6095.272,6055.385,6088.5775
2025-06-06,14.33,20.72,6152.84,6.389999999999999,1.445917655268667,0.0360289586789593,-0.40629464042419405,-1.4529531600382024,-0.010033444816053505,-0.0009643201542911539,21.6315,6.370499999999999,6107.924000000001,6064.059,6088.3155
2025-06-09,14.61,20.78,6218.96,6.170000000000002,1.4223134839151268,-0.3003212337697301,-0.4925663829009414,-1.3714998787687884,0.0028957528957529455,-0.0028790786948176272,21.5835,6.324999999999999,6146.404,6086.987,6095.1595
2025-06-10,14.52,20.58,6161.69,6.059999999999999,1.4173553719008263,-0.43693475192016684,-0.5284458552000907,-1.421825958028306,-0.009624639076034835,-0.016722408026755953,21.4635,6.2665,6164.734,6100.277,6094.871000000001
2025-06-11,14.57,20.6,6186.51,6.030000000000001,1.4138641043239535,-0.43051729676126704,-0.5188223827064455,-1.3628069732723251,0.0009718172983481654,-0.005791505791505669,21.402,6.226,6177.402,6118.082,6096.646
2025-06-12,14.49,20.98,6192.22,6.49,1.4478951000690132,0.6422449871729818,-0.24966035020962446,-1.1275361256592848,0.01844660194174752,0.009624639076034613,21.359500000000004,6.209,6182.4439999999995,6138.858,6098.2385
2025-06-13,14.8,21.0,6106.01,6.199999999999999,1.4189189189189189,-0.03668579224408225,-0.40052216209251673,-1.0802062082014825,0.0009532888465204614,0.020408163265306145,21.3,6.215999999999999,6173.0779999999995,6140.501,6100.687
2025-06-16,14.3,20.74,6147.46,6.439999999999998,1.4503496503496502,0.8480473394979712,-0.25712424063778755,-1.175200632477711,-0.012380952380952492,0.006796116504854233,21.176,6.164,6158.778,6152.591,6104.654
2025-06-17,14.23,21.27596780752817,6141.47,7.045967807528168,1.495148826952085,2.418561429819112,0.08307662204836501,-0.8692641697221203,0.025842227942534768,0.01410714049228634,21.178798390376407,6.178798390376409,6154.734,6159.734,6106.9605
2025-06-18,14.49,21.11,6135.39,6.619999999999999,1.4568668046928916,1.1594451095520146,-0.14051633206006342,-0.924567501520508,-0.007800717176750238,0.005238095238095264,21.167798390376408,6.191298390376408,6144.51,6160.956,6106.429
2025-06-19,14.61,20.63,6048.22,6.02,1.4120465434633813,-0.47909730657332683,-0.44576720066699804,-1.138656533799536,-0.02273803884414971,-0.005303760848601735,21.138798390376408,6.1957983903764084,6115.710000000001,6149.077,6102.231000000001
2025-06-20,13.73,20.22,5999.59,6.489999999999998,1.4726875455207573,0.7313851819885124,-0.1682080986443298,-1.3064811319796552,-0.01987396994667956,-0.049631951743907554,21.04829839037641,6.219298390376408,6094.426,6133.7519999999995,6098.9055
2025-06-23,13.57,20.93,6078.22,7.359999999999999,1.542372881355932,2.407943958126735,0.3200198010345136,-0.9103121224921029,0.035113748763600405,-0.0085267645665561,20.976298390376407,6.285298390376408,6080.5779999999995,6119.678,6103.3324999999995
2025-06-24,14.32,20.08,6194.67,5.759999999999998,1.4022346368715082,-1.06636015836073,-0.5449736905374036,-1.3100714022399853,-0.040611562350692854,-0.026660203587009268,20.867798390376407,6.2487983903764075,6091.218,6122.976,6111.6265
2025-06-25,16.97,21.0,6276.16,4.030000000000001,1.2374779021803184,-3.1370669177470196,-1.4751427854410821,-0.8131596350093564,0.045816733067729265,0.03857566765578646,20.83229839037641,6.148798390376408,6119.372,6131.941000000001,6125.0115
2025-06-26,15.51,20.93,6247.79,5.42,1.3494519664732432,-0.986027227430737,-0.6689897093854655,-0.8322512265957246,-0.0033333333333332993,0.0,20.776298390376407,6.103298390376407,6159.286,6137.4980000000005,6138.178
2025-06-27,14.53,19.99,6276.94,5.459999999999999,1.375774260151411,-0.903279282478222,-0.6247361866006933,-1.2775391455779608,-0.04491161012900147,-0.004482071713147406,20.72779839037641,6.093298390376408,6214.755999999999,6154.591,6147.546
2025-06-30,14.52,20.66,6356.18,6.140000000000001,1.4228650137741048,0.004751586296190446,-0.228949074407225,-0.9100416269421572,0.03351675837918977,-0.0161904761904762,20.736798390376407,6.136798390376407,6270.348,6175.463000000001,6164.027
2025-07-01,14.24,20.56,6373.77,6.3199999999999985,1.443820224719101,0.24800813359488555,-0.11905590763560554,-0.9353558179579041,-0.004840271055179146,-0.017677974199713398,20.727798390376407,6.152798390376408,6306.168,6198.693,6179.2135
2025-07-02,14.03,19.95,6309.48,5.92,1.4219529579472558,-0.3173425298582426,-0.333060284191521,-1.2038758014706974,-0.02966926070038911,-0.002001000500250094,20.683298390376407,6.134298390376408,6312.832,6216.102000000001,6188.529
2025-07-03,14.1,20.03,6342.64,5.9300000000000015,1.420567375886525,-0.2736631888253741,-0.3118147760357065,-1.1279808347490778,0.004010025062656686,-0.030493707647628265,20.63829839037641,6.114798390376409,6331.802,6245.544,6197.3105000000005
2025-07-04,14.5,20.56,6312.2,6.059999999999999,1.4179310344827585,-0.05697272726465971,-0.5109362674277884,-0.856514027314648,0.026460309535696336,0.0,20.63029839037641,6.098298390376408,6338.854,6276.805,6205.2785
2025-07-07,14.64,21.26,6327.14,6.620000000000001,1.4521857923497268,0.7317458072005126,-0.08725230859990556,-0.46929124652100646,0.03404669260700399,0.06566416040100265,20.654298390376407,6.120798390376408,6333.046,6301.697,6210.6875
2025-07-08,15.34,21.7,6407.7,6.359999999999999,1.4146023468057367,0.32773477476116564,-0.379018436476686,-0.19165484926489376,0.02069614299153333,0.08337493759360948,20.71029839037641,6.135798390376408,6339.832,6323.0,6222.987999999999
2025-07-09,15.34,21.92,6390.47,6.580000000000002,1.4289439374185138,0.6033546505806898,-0.16153514849454786,-0.01985607076807552,0.010138248847926468,0.0661478599221792,20.776298390376407,6.163298390376408,6356.030000000001,6334.431,6233.186
2025-07-10,15.74,21.77,6406.57,6.029999999999999,1.3831003811944091,-0.16058871232410168,-0.6945787155805473,-0.05638067550672472,-0.006843065693430739,0.023988711194731893,20.815798390376408,6.140298390376408,6368.816000000001,6350.308999999999,6243.9035
2025-07-11,16.44,21.74,6461.1,5.299999999999997,1.3223844282238442,-1.1173821510269986,-1.4040695865819477,-0.04027972084665658,-0.0013780431786862835,0.0018433179723502668,20.852798390376407,6.095298390376408,6398.596,6368.725,6261.658
2025-07-14,16.25,22.12,6462.31,5.870000000000001,1.3612307692307692,-0.27771765205427335,-0.785102148400026,0.27144835989987304,0.017479300827967004,0.009124087591240837,20.92179839037641,6.066798390376408,6425.63,6379.338000000001,6277.400500000001
2025-07-15,15.16,21.46,6442.83,6.300000000000001,1.4155672823218999,0.4018605823395033,-0.31529730179780746,-0.20597230794071117,-0.029837251356238714,-0.0142397795130913,20.930999999999997,6.0295,6432.656,6386.244000000001,6292.4685
2025-07-16,15.06,21.16,6462.06,6.1,1.4050464807436918,0.14643296159786195,-0.5011557024278042,-0.4172462211151709,-0.013979496738117492,-0.026678932842686187,20.933500000000002,6.0035,6446.974,6401.502,6308.802000000001
2025-07-17,15.3,20.89,6535.67,5.59,1.365359477124183,-0.5891006310034529,-1.0418539774471667,-0.6215698565143678,-0.012759924385633226,-0.05560578661844484,20.9465,5.981999999999999,6472.794,6420.804999999999,6333.1745
2025-07-18,15.07,20.6,6552.07,5.530000000000001,1.3669542136695423,-0.6107692807134444,-1.0898941896162129,-0.8553025971619014,-0.013882240306366644,-0.040074557315936565,20.9655,5.933999999999999,6490.988,6444.7919999999995,6360.7985
2025-07-21,15.49,20.89565094510021,6612.26,5.405650945100211,1.3489768202130543,-0.743855503106768,-1.2200377322431768,-0.5635087805957032,0.014351987626223695,-0.012492866488647891,20.96378254725501,5.836282547255011,6520.978,6473.304,6387.5005
2025-07-22,15.71,22.1,6637.1,6.390000000000001,1.406747294716741,0.8827934557851268,0.017935872419019047,0.6302962305980903,0.05763635016989954,0.057922450933461045,21.06478254725501,5.86778254725501,6559.831999999999,6496.244,6409.622
2025-07-23,17.37,22.6,6607.22,5.23,1.3010938399539436,-1.6017008911537354,-1.5000780637120916,1.1942138621675316,0.02262443438914019,0.09708737864077666,21.144782547255012,5.927782547255011,6588.864,6517.919,6426.175
2025-07-24,16.89,22.8,6701.12,5.91,1.3499111900532859,-0.10090010490662121,-0.5452310196819813,1.4572652147168292,0.008849557522123908,0.0911361440666838,21.23828254725501,5.952282547255011,6621.954,6547.374000000001,6448.8415
2025-07-25,17.13,23.29,6706.61,6.16,1.3596030356100408,0.4267134096139489,-0.13703359607714552,2.0265126607335904,0.02149122807017534,0.053846153846153655,21.40328254725501,5.987282547255011,6652.861999999999,6571.925,6470.325
2025-07-28,17.74,23.46,6729.98,5.720000000000002,1.322435174746336,-0.6046576001571426,-0.7999445707521351,2.2259952679784054,0.007299270072992803,0.038053097345132736,21.54328254725501,5.966282547255011,6676.406,6598.692,6489.015
2025-07-29,17.86,23.38,6773.88,5.52,1.309070548712206,-0.9908918513451402,-1.0873510984151404,2.2482713922468167,-0.0034100596760444635,0.025438596491228038,21.684282547255012,5.926282547255011,6703.762,6631.7970000000005,6509.0205
2025-07-30,17.33,23.04005533054169,6718.48,5.710055330541692,1.329489632460571,-0.4982996819766173,-0.7525501269878536,1.7973960493442018,-0.014539977307883145,-0.010731844974594562,21.838785313782097,5.915785313782095,6726.014,6657.439,6529.4705
2025-07-31,17.14,22.99,6661.19,5.849999999999998,1.3413068844807468,-0.14956268871077136,-0.49797172970414977,1.6929076902323432,-0.0021725351707527762,-0.020034100596760585,21.986785313782097,5.9117853137820955,6718.028,6669.991,6545.397999999999
2025-08-01,16.08,22.11,6670.47,6.030000000000001,1.375,0.29015121909499786,-0.1674960693683884,0.7221750756756821,-0.038277511961722466,-0.05431993156544057,22.064285313782094,5.910285313782095,6710.8,6681.831,6563.311500000001
2025-08-04,16.03,22.21,6739.69,6.18,1.3855271366188395,0.7607399955838416,0.12222262188866911,0.8178018472860662,0.0045228403437358455,-0.03602662053686023,22.111785313782097,5.888285313782095,6712.742,6694.5740000000005,6583.939
2025-08-05,15.84,22.33,6787.48,6.489999999999998,1.409722222222222,1.5150614076934086,0.7180789572004346,0.973708776689788,0.005402971634398845,-0.028708133971291905,22.143285313782094,5.894785313782095,6715.4619999999995,6709.611999999999,6602.928
2025-08-06,15.89,22.49,6861.31,6.599999999999998,1.4153555695405915,1.784077316733269,0.9354884004186599,1.1258341351262529,0.0071652485445588,0.017186793306196213,22.171785313782095,5.8957853137820955,6744.028,6735.021000000001,6626.469999999999
2025-08-07,15.9,23.07,6862.15,7.17,1.450943396226415,2.500878846996617,1.9465214105599216,1.6906277086825863,0.025789239662072028,0.038721296713192244,22.236785313782097,5.952785313782096,6784.219999999999,6751.123999999999,6649.248999999999
2025-08-08,15.51,22.86,6838.13,7.35,1.4738878143133463,2.3399440430785186,2.1447182834146497,1.4378231074431604,-0.009102730819245841,0.023734885803851302,22.292785313782097,6.055285313782095,6817.752,6764.276,6668.1005000000005
2025-08-11,16.08,23.27,6943.94,7.190000000000001,1.4471393034825872,1.7628568774818754,1.9087865126262442,1.8616852497883642,0.017935258092738326,0.034682080924855585,22.350285313782095,6.121285313782095,6858.601999999999,6785.6720000000005,6692.182000000001
2025-08-12,16.44,23.26,6963.61,6.82,1.4148418491484185,1.076061941848411,1.245169747897195,1.7674326632798998,-0.00042973785990541025,0.00823580407455582,22.440285313782095,6.1472853137820955,6893.8279999999995,6804.6449999999995,6718.2210000000005
2025-08-13,17.14,22.99,7064.33,5.849999999999998,1.3413068844807468,-0.4530120806609912,-0.46122100040020914,1.4396725401143997,-0.011607910576096447,0.00568678915135612,22.531785313782095,6.1347853137820945,6934.432000000001,6839.2300000000005,6748.3345
2025-08-14,17.86,22.66,6976.49,4.800000000000001,1.2687569988801792,-1.8859461305101295,-2.1960398356646063,1.0770749609770889,-0.014354066985645897,-0.02621400945423291,22.620285313782098,6.095285313782095,6957.3,6870.759999999999,6770.375499999999
2025-08-15,20.1,21.75,7117.5,1.6499999999999986,1.0820895522388059,-3.5240639138482646,-5.319094547227461,0.18395897733874564,-0.04015887025595766,-0.06491831470335341,22.677785313782095,5.901285313782095,7013.174000000001,6915.462999999999,6798.647
2025-08-18,22.29,28.670063719236904,7237.6,6.3800637192369045,1.2862298662735265,0.3569050642142427,0.43304298324521456,5.136965952809466,0.31816384916031737,0.24706671245049616,23.066505952488928,5.9500059524889295,7071.906,6965.254000000001,6829.914
2025-08-19,20.49,27.54376617841641,7242.85,7.05376617841641,1.344254083866101,0.8727491547348228,1.2278343330088237,3.7130216939672827,-0.03928479377828442,0.21552366188951488,23.33869426140975,5.98319426140975,7127.753999999999,7010.791,6860.2015
2025-08-20,22.29,29.1501584408492,7305.46,6.860158440849201,1.3077684361080844,0.6476900863460523,0.9702769740976577,3.977701455005581,0.05832144565951114,0.34023716969421613,23.66620218345221,6.06470218345221,7175.9800000000005,7055.206,6895.1134999999995
2025-08-21,20.94,28.79259853901852,7253.34,7.852598539018519,1.375004705779299,1.3101653666115616,2.0481055991298613,3.34324392651182,-0.012266139223779282,0.004273963984928297,23.965832110403134,6.161832110403136,7231.35,7094.325,6922.724499999999
2025-08-22,22.7,25.65,7362.94,2.9499999999999993,1.1299559471365639,-2.0660493829814004,-3.215785007110329,1.7180253183095693,-0.10914605483627349,-0.06875480158194147,24.083832110403137,6.001332110403136,7280.438,7146.806,6955.540999999999
2025-08-25,25.78,25.83,7477.73,0.04999999999999716,1.0019394879751744,-2.8494284452487784,-4.803216093008429,1.7245880904064925,0.007017543859649145,-0.11389846980030616,24.202332110403134,5.717832110403136,7328.464,7200.185,6992.9285
2025-08-26,25.06,26.19,7476.47,1.1300000000000026,1.0450917797286514,-1.9513171397420557,-3.4405786756765844,1.8053080914341728,0.013937282229965264,-0.09039123493808965,24.342832110403133,5.498332110403136,7375.188,7251.471,7028.058
2025-08-27,24.14,25.3,7336.5,1.1600000000000001,1.048053024026512,-1.6859367431599335,-3.0737176408884967,1.346659383601376,-0.03398243604429174,-0.013645224171539905,24.45582934387605,5.27082934387605,7381.395999999999,7278.687999999999,7058.959
2025-08-28,24.68,26.38,7447.11,1.6999999999999993,1.0688816855753647,-1.3138151536077691,-2.5160666060653316,1.752461878476933,0.0426877470355731,0.02129307007355785,24.62532934387605,5.063329343876051,7420.15,7325.75,7098.254999999999
2025-08-29,24.22,26.25,7438.68,2.030000000000001,1.083815028901734,-1.0750188426534475,-2.1721833371177217,1.6240811856895288,-0.004927975739196344,0.002290950744558984,24.83232934387605,4.863329343876051,7435.298,7357.868,7136.6655
2025-09-01,23.39,26.68,7501.15,3.289999999999999,1.1406584010260794,-0.541460442838574,-1.360686010035669,1.730265501703079,0.016380952380952385,0.05454545454545445,25.05582934387605,4.718829343876052,7439.982000000001,7384.223,7174.7384999999995
2025-09-02,23.32,26.87,7313.88,3.5500000000000007,1.152229845626072,-0.3904909316003448,-1.167894963375244,1.7313151433652099,0.007121439280359798,0.0185746777862017,25.282829343876053,4.571829343876052,7407.464,7391.325999999999,7201.058500000001
2025-09-03,22.24,26.04,7206.88,3.8000000000000007,1.170863309352518,-0.2451647118284917,-0.9911000413401116,1.335992671435297,-0.03088946780796431,-0.008000000000000007,25.46032934387605,4.431829343876052,7381.539999999999,7381.468000000001,7218.337000000001
2025-09-04,22.24,26.38,7041.15,4.140000000000001,1.1861510791366907,-0.05623313808201539,-0.7679588523206711,1.4208532606571698,0.013056835637480724,-0.011244377811094441,25.625829343876052,4.280329343876051,7300.348,7360.249000000001,7227.287000000001
2025-09-05,20.66,25.12,7245.67,4.460000000000001,1.2158760890609874,0.13564624398719702,-0.5639372950912573,0.8781382652051714,-0.047763457164518464,-0.06512839598064757,25.738829343876052,4.135829343876052,7261.745999999999,7348.522,7247.664
2025-09-08,20.33,25.72,7311.03,5.390000000000001,1.265125430398426,0.5841695265928709,-0.012438358954915038,1.0850297599505594,0.023885350318471277,-0.01228878648233489,25.861329343876054,4.045829343876052,7223.722,7331.851999999999,7266.0185
2025-09-09,20.66,25.12,7226.03,4.460000000000001,1.2158760890609874,0.24080633874043608,-0.5331486884724289,0.8146652678868158,-0.023328149300155476,-0.047763457164518464,25.954329343876054,3.927829343876051,7206.151999999999,7306.808,7279.139499999999
2025-09-10,23.19,24.29,7230.17,1.0999999999999979,1.0474342388960758,-1.1525751576145633,-2.343584304871572,0.4588081600507111,-0.03304140127388544,-0.03304140127388544,26.019329343876052,3.6903293438760514,7210.81,7296.175,7287.431500000001
2025-09-11,20.0,24.42,7399.89,4.420000000000002,1.221,0.33435578915071656,-0.4653462664972391,0.48946614799098737,0.005351996706463691,-0.05054432348367022,26.107329343876053,3.6713293438760517,7282.558,7291.4529999999995,7308.6015
2025-09-12,19.34,24.54,7422.88,5.199999999999999,1.2688728024819027,0.6111110645392482,-0.015794624572103046,0.514718067925514,0.004914004914004844,-0.023089171974522316,26.24682934387605,3.8488293438760515,7318.0,7289.873,7323.8705
2025-09-15,20.15,25.79,7415.57,5.640000000000001,1.2799007444168735,0.8415967981059627,0.25122442622436036,0.998357081593621,0.05093724531377353,0.061753808151502776,26.102826157914205,3.8118261579142065,7338.908,7281.3150000000005,7332.769
2025-09-16,20.8,26.33,7483.63,5.529999999999998,1.2658653846153844,0.8638283392179243,0.1908017152988941,1.183569105565682,0.020938348196975598,0.078214578214578,26.042137848993388,3.735637848993386,7390.428,7298.289999999999,7344.808
2025-09-17,21.82,27.9662140969324,7554.81,6.1462140969324,1.2816780062755453,1.2073162204570358,0.5229790726287165,1.7813325263745046,0.0621425786909382,0.13961752636236358,25.982940631797543,3.6999406317975456,7455.356,7333.082999999999,7357.275500000001
2025-09-18,21.07,27.295034424452624,7476.4,6.225034424452623,1.2954453927125118,1.3879689674407862,0.558890223693263,1.4523951653360743,-0.023999661525633487,0.0583572867178217,25.90806242606925,3.6185624260692513,7470.658,7376.608,7368.4285
2025-09-19,19.87,25.88,7438.19,6.009999999999998,1.3024660291897332,1.151426346441289,0.4305015553366273,0.8518286729558913,-0.05184219233608833,-0.017090770983668846,25.919562426069252,3.771562426069251,7473.719999999999,7395.860000000001,7372.191000000001
2025-09-22,19.64,26.57505926249976,7489.48,6.93505926249976,1.3531089237525336,1.5173065859911534,0.9440635278071289,1.10071505131866,0.026857003960577996,-0.049744124449981775,25.95681538919424,4.115815389194239,7488.502,7413.705,7372.7785
2025-09-23,20.8,26.33,7408.07,5.529999999999998,1.2658653846153844,0.6851963380201886,0.1569170881871857,0.9683858177680104,-0.009221400414544556,-0.03535567713327692,25.96381538919424,4.33581538919424,7473.389999999999,7431.909,7369.358499999999
2025-09-24,19.01,24.88322509663636,7534.22,5.873225096636357,1.3089545027162734,0.8116000415465346,0.35218529819558536,0.3418138491785668,-0.054947774529572335,-0.038515259017142256,25.942976644026054,4.571476644026057,7469.272,7462.314,7379.244499999999
2025-09-25,18.16,24.99852796296293,7506.51,6.838527962962928,1.3765709230706458,1.314162232600733,0.8865271381410086,0.3646548868098619,0.004633758923080933,-0.05932371717272089,25.873903042174202,4.8284030421742035,7475.294,7472.976000000001,7382.2145
2025-09-26,18.38,24.702209649290747,7397.59,6.322209649290748,1.3439722333672877,0.9053349253969193,0.5918691479522357,0.20981872123190498,-0.011853430494435435,-0.06182264909643942,25.796513524638744,5.043013524638741,7467.173999999999,7470.447,7380.159999999999
2025-09-29,19.86,24.70879403104957,7497.83,4.848794031049572,1.2441487427517408,-0.20116999785052334,-0.22304983581299598,0.18998389378613514,0.0002665503148222559,-0.007009986242111688,25.69795322619122,5.120953226191219,7468.844,7478.673,7379.994000000001
2025-09-30,17.86,22.66,7574.96,4.800000000000001,1.2687569988801792,-0.2939474552411599,-0.23666129045872905,-0.7486948426758328,-0.08291760530582815,-0.09354662668248392,25.48745322619122,5.18345322619122,7502.222,7487.806,7393.048
2025-10-09,17.14,22.99,7648.05,5.849999999999998,1.3413068844807468,0.4440762975540494,0.36808141106210546,-0.6108583331176904,0.014563106796116498,-0.06931402791895214,25.334953226191217,5.28595322619122,7524.988,7497.13,7415.106499999999
2025-10-10,19.03,23.59,7533.82,4.559999999999999,1.2396216500262742,-0.595857246467694,-0.35386056349228745,-0.3534976161968364,0.026098303610265328,-0.045279183987841365,25.19545322619122,5.30695322619122,7530.45,7502.872,7439.74
2025-10-13,22.46,26.21,7519.76,3.75,1.1669634906500446,-1.1808909095693576,-0.7970343289355717,0.8319495514838137,0.11106401017380252,0.15666372462488964,25.249953226191217,5.271453226191219,7554.884,7511.0289999999995,7453.4445000000005
2025-10-14,22.59,26.57,7373.15,3.9800000000000004,1.1761841522797698,-0.9251317577249168,-0.6471797792154664,0.9672304813235174,0.01373521556657753,0.15571987820791655,25.29245322619122,5.200953226191219,7529.947999999999,7499.395999999999,7456.5505
2025-10-15,20.84,24.85,7483.45,4.010000000000002,1.192418426103647,-0.8740774160169182,-0.6089623115199243,0.1390185323743198,-0.06473466315393295,0.05341246290801194,25.27895322619122,5.178453226191219,7511.645999999999,7506.934000000001,7469.421500000001
2025-10-16,22.0,24.85,7401.84,2.8500000000000014,1.1295454545454546,-2.215795785678378,-1.2231296832944296,0.1123008549534628,0.0,-0.05188859214040442,25.30695322619122,5.26595322619122,7462.4039999999995,7493.696000000001,7478.005
2025-10-17,21.66,27.0,7185.48,5.34,1.2465373961218837,0.026162623753518213,0.17614321578037553,1.1298564965985518,0.08651911468812878,0.016183665788483292,25.43595322619122,5.3119532261912195,7392.736,7461.592999999999,7467.2845
2025-10-20,21.82,25.72914345368779,7239.18,3.90914345368779,1.1791541454485697,-1.1980621190956184,-0.6102927653349715,0.47385163575106415,-0.04706876097452628,0.03537800618461917,25.49541039887561,5.2474103988756085,7336.62,7445.752,7458.099500000001
2025-10-21,20.94,24.138013318222047,7344.05,3.1980133182220456,1.152722699055494,-1.6033019385849168,-0.9800697012184901,-0.3843736271595983,-0.06184155093735488,-0.028651375524263778,25.412811064786712,5.125311064786711,7330.8,7430.373999999999,7454.5235
2025-10-22,19.0,25.65,7312.21,6.649999999999999,1.3499999999999999,1.177619226585717,0.9330589055687002,0.3952083719353449,0.06263923471433896,-0.050000000000000044,25.37881106478671,5.18131106478671,7296.552000000001,7404.099,7445.952499999999
2025-10-23,17.02264109,24.44,7308.1,7.417358910000001,1.43573490569318,1.6351038433599243,1.318252175527888,-0.2800005611386995,-0.04717348927875231,-0.05010440615748579,25.202500359940093,5.244868305440091,7277.803999999999,7370.104000000001,7433.617
2025-10-24,16.65,23.66,7419.24,7.010000000000002,1.4210210210210212,1.2596935634095388,1.077171682534256,-0.7211212466291246,-0.03191489361702127,-0.019803341390204232,25.02074863871746,5.284116584217459,7324.556,7358.645999999999,7430.759
2025-10-27,17.43,23.32870598911916,7495.38,5.898705989119161,1.3384226040802731,0.45359377560680747,0.47816901685075053,-0.9048622309002744,-0.014002282792934917,-0.0904987918472061,24.89318393817342,5.278551883673418,7375.795999999999,7356.2080000000005,7433.6185
2025-10-28,17.15,23.74,7479.22,6.59,1.3842565597667638,0.9862474832122993,0.8411558132916096,-0.6814248623172471,0.01763038254555016,-0.02864157119476285,24.75143097504843,5.2612989205484295,7402.83,7366.815,7433.1055
2025-10-29,17.08,23.766716843786,7569.12,6.686716843786002,1.3914939604090166,0.9883473012036681,0.8775120587423733,-0.6720911316073983,0.0011253935882897803,0.004510432957988142,24.623266817237727,5.31913476273773,7454.2119999999995,7375.382,7441.158
2025-10-30,17.2,23.71274518849771,7485.08,6.512745188497711,1.3786479760754482,0.8271283033649975,0.773812716078095,-0.7123350411826809,-0.0022708923425576177,0.016462087505310752,24.564742821830798,5.351110767330797,7489.608,7383.706,7438.701000000001
2025-10-31,17.33,24.05,7506.67,6.720000000000002,1.3877668782458166,0.9833827718359471,0.8723575332491414,-0.53827301662566,0.014222512358707418,0.013058129738837465,24.51731642368265,5.345184369182651,7507.094,7415.825,7438.709
2025-11-03,17.4,24.09,7538.12,6.690000000000001,1.3844827586206898,0.9381301242785981,0.8471532452046361,-0.5456146498388577,0.0016632016632016633,0.013602348121487529,24.486705941218116,5.363573886718114,7515.642,7445.719,7445.735500000001
2025-11-04,17.35,24.02,7435.73,6.669999999999998,1.3844380403458212,0.8454980507314065,0.8296731786291116,-0.6154666628653623,-0.002905770029057675,0.012957369931648755,24.452266239665637,5.454634185165636,7506.944,7454.887000000001,7442.630499999999
2025-11-05,17.12,24.04,7464.86,6.919999999999998,1.4042056074766354,0.9281788227348642,0.9547444686105472,-0.6325562012060746,0.0008326394671107629,-0.00041580041580047133,24.521266239665636,5.560634185165635,7486.092,7470.152,7437.1255
2025-11-06,16.65,22.540507229714933,7551.83,5.890507229714935,1.353784218000897,0.22378669064126305,0.4209390598614118,-1.5314808603730126,-0.062374907249794775,-0.06432099503051336,24.498791601151385,5.562659546651382,7499.442,7494.525,7432.3145
2025-11-07,16.28,23.27,7541.88,6.989999999999998,1.4293611793611793,0.8834137158003815,1.0049075781264671,-1.0992267711915011,0.03236363595772951,-0.03122398001665283,24.482791601151384,5.684159546651382,7506.4839999999995,7506.789,7432.717500000001
2025-11-11,17.23,23.71,7540.79,6.48,1.376088218224028,0.4660108099981857,0.7484515349831821,-0.8517304985834943,0.01890846583584027,-0.013727121464226166,24.357791601151384,5.820659546651382,7507.017999999999,7511.33,7433.769
2025-11-12,17.53,24.23,7486.38,6.699999999999999,1.3822019395322305,0.5472931682383492,0.8739541519938451,-0.5508523042875777,0.02193167439898769,0.07495362695555596,24.240791601151383,5.956659546651382,7517.147999999999,7512.045999999999,7439.4304999999995
2025-11-13,17.07,23.42,7590.58,6.350000000000001,1.3719976567076744,0.2158495913550433,0.6931532544521486,-1.0493167668451473,-0.03342963268675192,0.006446067898582042,24.169291601151382,6.073659546651383,7542.2919999999995,7514.192,7444.786999999999
2025-11-14,17.02,22.94,7502.76,5.920000000000002,1.347826086956522,-0.29714759246238037,0.4613484842477081,-1.3417078061363403,-0.020495303159692613,-0.032475748629270385,24.07379160115138,6.227159546651382,7532.478,7515.960000000001,7449.8330000000005
2025-11-17,17.56,22.62533438912965,7523.08,5.065334389129653,1.2884586781964495,-1.095687051615109,-0.00012637575649300297,-1.5330005939356608,-0.0137168967249498,-0.0662263974771089,23.855058320607863,6.213426266107865,7528.718000000001,7517.601000000001,7466.713000000001
2025-11-18,18.27,22.85,7448.1,4.580000000000002,1.2506841817186647,-1.7033616542346013,-0.29560370133688385,-1.435572295218394,0.009929824992035874,-0.02433817250213499,23.711101147923475,6.246969093423475,7510.18,7508.598999999999,7477.159
2025-11-19,17.56,22.56,7387.21,5.0,1.284738041002278,-1.8165793654760403,-0.05077253128575714,-1.5862255908596015,-0.012691466083151082,-0.016564952048823134,23.632200482012372,6.3370684275123725,7490.346,7503.747,7479.317
2025-11-20,17.17,22.4,7340.41,5.229999999999997,1.304601048340128,-1.342271007273482,0.09484303574172084,-1.6315592301491852,-0.007092198581560294,-0.009959383815247191,23.469700482012374,6.266068427512374,7440.312,7491.301999999999,7480.727000000001
2025-11-21,18.75,23.64,7067.7,4.890000000000001,1.2608,-1.6015420797340016,-0.07823007278366732,-0.8317855929898772,0.05535714285714288,0.03457330415754911,23.42970048201237,6.1397004820123735,7353.3,7442.889,7468.707
2025-11-24,17.12,17.83,7156.41,0.7099999999999973,1.0414719626168223,-3.602045686527389,-2.316504982994165,-4.1446504889376214,-0.24576988155668367,-0.2096631205673759,23.138200482012373,5.824700482012373,7279.966,7404.342,7455.5655
2025-11-25,17.07,23.42,7249.95,6.350000000000001,1.3719976567076744,0.35285607718074047,0.7674955091556859,-0.7429678587918539,0.31351654514862615,0.04553571428571446,23.142765182556413,5.847265182556415,7240.336,7375.258,7443.294
2025-11-26,15.9,23.07,7248.45,7.17,1.450943396226415,0.894445047905364,1.2223137447736678,-0.9235155276614642,-0.014944491887275868,-0.024111675126903598,23.109265182556417,5.8762651825564145,7212.584,7351.465000000001,7431.755500000001
2025-11-27,14.92252914,20.72501200001488,7257.45,5.802482860014878,1.3888404442422069,-0.020624052445402698,0.3933348238175632,-2.1990402077380695,-0.10164664065821938,0.16236747055607847,22.95717994036786,5.83205348336786,7195.992,7318.152,7416.1720000000005
2025-11-28,14.54,19.90114702381612,7334.21,5.36114702381612,1.3687171268099119,-0.28941786444310036,0.08360908243899917,-2.485636330641554,-0.03975220743892294,-0.15024991358598982,22.76660003213378,5.774473575133779,7249.294,7301.2970000000005,7408.628500000001
2025-12-01,14.52,20.151104888719704,7386.68,5.631104888719705,1.3878171410963984,-0.06302913474280294,0.22674936222173706,-2.2144173612445366,0.012559972779682349,-0.12652341184569982,22.571655276569764,5.720028819569764,7295.348,7287.657000000001,7402.629000000001
2025-12-02,14.53,20.209830783476004,7313.18,5.679830783476005,1.3909037015468688,0.0074056094795290255,0.22836243114541152,-2.0685232737518255,0.002914276665255011,-0.02485794539170849,22.377646815743564,5.669520358743564,7307.994000000001,7274.165000000001,7391.382
2025-12-03,14.17,20.12288078394895,7248.27,5.952880783948951,1.4201045013372584,0.23228564797417908,0.39793305061176043,-2.0120441257799624,-0.004302361581282832,0.011141757802576757,22.18279085494101,5.633664397941012,7307.9580000000005,7260.270999999999,7382.009
2025-12-04,14.5,20.56,7248.66,6.059999999999999,1.4179310344827585,0.34894404236951077,0.4514573053024287,-1.7224284491499353,0.02172249692994832,0.020291448709057525,22.00879085494101,5.590664397941012,7306.2,7251.0960000000005,7371.198999999999
2025-12-05,13.79,21.1,7342.49,7.310000000000002,1.5300942712110226,1.179019702549692,1.322570421809979,-1.3998396520921175,0.026264591439688845,0.04404634685273168,21.936765493455262,5.661639036455266,7307.856,7278.575,7360.732000000001
2025-12-08,14.26,21.95,7423.05,7.6899999999999995,1.5392706872370265,1.3831449564585216,1.538609222503132,-0.9466975436354308,0.040284360189573265,0.09079809375546533,21.870765493455263,5.696639036455265,7315.13,7305.239,7354.7905
2025-12-09,14.06,21.54,7380.58,7.479999999999999,1.5320056899004266,1.1661274815414753,1.3367176493629012,-1.1130992841234264,-0.01867881548974948,0.0476653696498055,21.762265493455267,5.7466390364552655,7328.610000000001,7318.302000000001,7346.779999999999
2025-12-10,15.71,22.1,7408.24,6.390000000000001,1.406747294716741,0.44591445460431534,0.5431449887455458,-0.8080382385212146,0.025998142989786643,0.04739336492891,21.655765493455267,5.731139036455266,7360.604000000001,7334.281,7342.873000000001
2025-12-11,14.42,16.57,7312.0,2.1500000000000004,1.1490984743411927,-2.0176867759238584,-2.351954117527928,-3.1755509627112195,-0.2502262443438914,-0.24510250569476077,21.313265493455265,5.521139036455265,7373.272,7339.735999999999,7328.944
2025-12-12,13.88,17.92,7370.94,4.040000000000001,1.2910662824207493,-0.8160572945046795,-1.1805407965021932,-2.391412944997713,0.08147254073627042,-0.16805942432683374,21.062265493455264,5.427139036455265,7378.9619999999995,7343.409,7322.353
2025-12-15,14.33,18.98,7309.08,4.65,1.3244940683879973,-0.4431053606358,-0.7350401689179206,-1.8428342281103716,0.05915178571428559,-0.14117647058823535,20.879998773998782,5.406372316998783,7356.168,7335.648999999999,7311.653
2025-12-16,15.14,16.19,7181.62,1.0500000000000007,1.0693527080581242,-2.131952353056392,-3.0660101318731066,-2.7560403769696777,-0.14699683877766068,-0.022933011466505726,20.546998773998784,5.229872316998783,7316.375999999999,7322.4929999999995,7298.329
2025-12-17,14.74,17.06,7288.74,2.3199999999999985,1.157394843962008,-1.3436756731861208,-2.085169806464145,-2.271604798490195,0.05373687461395904,-0.04799107142857162,20.27199877399878,5.095872316998782,7292.476,7326.539999999999,7293.405500000001
2025-12-18,14.67,17.78,7272.4,3.110000000000001,1.2119972733469666,-0.889881274484366,-1.5132363553282782,-1.9096384587126234,0.04220398593200492,-0.06322444678609063,20.040998773998783,4.989872316998783,7284.556,7328.913999999999,7290.005
2025-12-19,14.29,14.5,7329.81,0.21000000000000085,1.0146955913226032,-1.919787722111079,-3.033877009886159,-2.8938167050712496,-0.18447694038245221,-0.10438542310067955,19.583998773998783,4.755872316998783,7276.33,7327.646000000001,7303.1105
2025-12-22,13.89,17.69,7408.35,3.8000000000000007,1.2735781137509,-0.5084898794665226,-0.8991135376306421,-1.7114128488169258,0.2200000000000002,0.036928487690504275,19.576998773998785,4.910372316998783,7296.183999999999,7326.1759999999995,7315.707500000001
2025-12-23,13.3,17.22,7392.42,3.919999999999998,1.294736842105263,-0.40097706590417187,-0.8052318589105709,-1.794802061527621,-0.026568682871679017,-0.03149606299212615,19.266998773998782,4.788872316998782,7338.344,7327.359999999999,7322.831
2025-12-24,13.94,15.87,7506.38,1.9299999999999997,1.1384505021520803,-1.1909122731059678,-1.869767677480093,-2.146870818081684,-0.07839721254355403,0.09448275862068956,18.906998773998783,4.526872316998782,7381.872,7337.173999999999,7335.727499999999
2025-12-25,13.66,15.53,7579.38,1.8699999999999992,1.136896046852123,-1.1002464596639452,-1.8157900896347816,-2.146461443963561,-0.021424070573408893,-0.12210288298473726,18.64724817399804,4.330248173998038,7443.268000000001,7363.911999999999,7351.8240000000005
2025-12-26,14.27,11.76,7605.53,-2.51,0.8241065171688858,-2.395282522558284,-3.6518208804034855,-3.0553121890760355,-0.24275595621377977,-0.31707317073170727,18.240190822807232,3.9366908228072335,7498.411999999999,7387.371000000001,7365.389999999999
2025-12-29,14.48,14.08,7594.16,-0.40000000000000036,0.9723756906077348,-1.4278229834589347,-2.4500117670600563,-2.2161355686595208,0.19727891156462585,-0.11279143037177064,17.936635578371245,3.635135578371248,7535.5740000000005,7415.879000000001,7375.764
2025-12-30,15.0,14.38,7597.3,-0.6199999999999992,0.9586666666666667,-1.3423939902434736,-2.3818260947582246,-2.017762175746264,0.02130681818181812,-0.07405022537025108,17.645144039197447,3.320144039197447,7576.55,7457.447,7389.969999999999
2025-12-31,14.81,16.84,7595.28,2.0299999999999994,1.1370695476029709,-0.379790651088569,-1.1788473793114007,-1.2747588201539155,0.17107093184979139,0.4319727891156462,17.481,3.1239999999999997,7594.33,7488.101000000001,7407.3205
2026-01-05,17.17,22.4,7753.88,5.229999999999997,1.304601048340128,0.7557025767949969,0.211268979437638,0.29048518199159684,0.33016627078384797,0.5909090909090908,17.573,3.0825,7629.2300000000005,7536.249000000001,7432.5815
2026-01-06,18.75,23.64,7864.9,4.890000000000001,1.2608,0.7141941515010186,0.0703865886426233,0.63528781850779,0.05535714285714288,0.6439499304589706,17.7,2.9614999999999996,7681.104000000001,7589.758,7458.701999999999
2026-01-07,17.12,17.83,7906.42,0.7099999999999973,1.0414719626168223,-0.7608085405937116,-1.682028396690315,-0.9652667667743079,-0.24576988155668367,0.05878859857482177,17.494,2.6125,7743.556,7639.5650000000005,7482.8705
2026-01-08,17.07,23.42,7971.59,6.350000000000001,1.3719976567076744,1.583858927636253,0.6965105522142354,0.6187917835202452,0.31351654514862615,0.04553571428571446,17.588,2.556,7818.414,7697.482000000001,7512.421
2026-01-09,17.84,17.83,8129.18,-0.010000000000001563,0.9994394618834079,-0.9846418037389205,-1.9111748284602936,-0.935367051029079,-0.2386848847139199,-0.24576988155668367,17.3745,2.2359999999999998,7925.194,7759.762,7548.467999999999
2026-01-12,20.13,27.243210338246936,8357.01,7.113210338246937,1.353363653166763,1.8312449856740425,0.9866480624386281,1.7255517012987365,0.5279422511635972,0.5279422511635972,17.908160516912346,2.4841605169123464,8045.82,7837.525,7600.7185
2026-01-13,19.38,25.79074809748944,8203.13,6.410748097489442,1.3307919554948113,1.4332660849809364,0.6767099089793293,1.3042172771056417,-0.05331465061290419,0.10122750202773001,18.30169792178682,2.602697921786819,8113.466,7897.284999999999,7642.3279999999995
2026-01-14,19.15,25.930375151921886,8257.17,6.780375151921888,1.3540665875677227,1.462859164400353,0.8134654472605779,1.3588169396810983,0.00541384274332235,0.4543115620819904,18.649216679382913,2.709216679382913,8183.616,7963.585999999998,7689.7325
2026-01-15,16.83,24.774451438858662,8240.78,7.944451438858664,1.4720410837111506,1.6376759881535892,1.2431313899670768,1.0418394734162177,-0.044577978771647264,-0.09061923571916064,19.078439251325847,3.053939251325846,8237.454000000002,8027.934000000001,7742.6905
2026-01-16,16.68,21.679787855919763,8232.73,4.999787855919763,1.2997474733764847,0.6016269732468714,0.0507689956718011,0.17419850165346293,-0.12491350577736415,-0.15939670404403095,19.309428644121834,3.1879286441218344,8258.164,8091.678999999999,7789.889999999999
2026-01-19,15.75,20.60380294888533,8265.65,4.853802948885331,1.3081779650085925,0.520265671965956,0.004088924287863576,-0.11136531857056899,-0.049630785789291254,-0.20541824681783538,19.4506187915661,3.2751187915661006,8239.892,8142.856,7839.5525
2026-01-20,15.43,19.52461730916163,8182.75,4.094617309161631,1.2653672915853293,0.21188051918089257,-0.28283673386104147,-0.4040663938379597,-0.05237798295785412,-0.2119051613575863,19.70184965702418,3.469349657024182,8235.816,8174.640999999999,7882.1995
2026-01-21,15.77,19.933708262903007,8247.68,4.1637082629030076,1.2640271568105903,0.22887743422494194,-0.2368919288289537,-0.2674946951080021,0.020952572194560704,-0.08053951471393117,19.814035070169332,3.487535070169333,8233.918000000001,8208.767,7924.165999999999
2026-01-22,16.25,20.325145673678108,8309.35,4.075145673678108,1.2507781953032682,0.19618130256259855,-0.2611228350882147,-0.13824241791345246,0.01963695894474249,-0.013524555437582353,19.96929235385324,3.4952923538532383,8247.632,8242.543,7970.0125
2026-01-23,17.91,23.0665070764625,8470.74,5.1565070764625,1.2879121762402288,0.5077792295503989,0.19407726995397087,0.6768306992211967,0.13487536309934378,0.18140636055585535,20.329117707676364,3.656617707676363,8295.234,8276.699,8018.2305
2026-01-26,19.29,24.66715858216255,8365.43,5.377158582162551,1.2787536849228902,0.5244542344872927,0.2957426696389508,1.1413391879601429,0.06939288642160246,0.23745959641982828,20.785975636784492,3.8319756367844904,8315.189999999999,8277.541000000001,8057.533
2026-01-27,17.96,24.833649515758523,8382.15,6.8736495157585225,1.382719906222635,0.9851417489429565,0.9125464593579793,1.1781974830026114,0.006749497841083585,0.22181901741147714,21.439658112572417,4.301158112572417,8355.07,8295.443000000001,8096.364
2026-01-28,17.99,25.13336869730133,8399.79,7.14336869730133,1.3970744134130813,1.012181258831774,1.018527955707917,1.253354023011686,0.012069075121343475,0.08960444743486518,21.992326547437482,4.678326547437483,8385.492,8309.705,8136.6455000000005
2026-01-29,17.99,24.3428120534953,8332.21,6.3528120534953025,1.3531301864088552,0.6268790705149229,0.6955196918441274,1.0204318465118491,-0.03145446411610209,-0.01314892137198942,22.49046715011225,5.026967150112248,8390.064,8318.848,8173.3910000000005
2026-01-30,18.26,25.44666281979877,8254.86,7.186662819798769,1.3935740865169095,0.9306789200132952,1.0335616631443063,1.324374849727121,0.045346066176646715,0.024684785200469683,22.920800291102186,5.2848002911021865,8346.888,8321.061,8206.369999999999
2026-02-02,23.03,33.64417326131524,7975.43,10.614173261315237,1.460884640091847,2.1393818523409625,2.3235836450273335,3.308200982169849,0.32214481323415023,0.3386256998222348,23.48300895416795,5.55400895416795,8268.887999999999,8292.039,8217.4475
2026-02-03,19.37,27.0025109007112,8209.1,7.6325109007112,1.3940377336453897,0.8075922615032938,1.121840237235674,1.5190037009755428,-0.19740899290400327,0.10926013154811343,23.65113449920351,5.691134499203509,8234.278,8294.674,8234.657500000001
2026-02-04,17.63,25.91815019204104,8207.12,8.28815019204104,1.4701162899626228,1.0256788170031663,1.3573798570106441,1.2162983010780284,-0.04015777320329128,0.018528455993664927,24.05554200880556,6.0700420088055616,8195.744,8290.617999999999,8249.692500000001
2026-02-05,17.55,27.125961012370915,8068.08,9.575961012370914,1.5456388041236988,1.4538887044676725,1.792520242876266,1.4857638730869418,0.04660096539994463,-0.19373970637700577,24.24084005942411,6.231340059424107,8142.918000000001,8266.491,8254.517
2026-02-06,18.26,27.852789965526885,8051.57,9.592789965526883,1.5253444668963243,1.51986169153319,1.7409247157195178,1.6229206730972823,0.02679458813733815,0.031488888864527276,24.74197955770045,6.711479557700452,8102.26,8224.574,8250.6365
2026-02-09,17.53,27.09479217014056,8233.78,9.56479217014056,1.5456241968134945,1.365685476431157,1.673131047545649,1.4005187264724013,-0.027214429733053325,0.04539837794677348,24.73455864929513,6.834058649295132,8153.93,8211.409,8244.475
2026-02-10,16.8,17.83,8250.3,1.0299999999999976,1.0613095238095236,-2.321316345980573,-1.3681957540413054,-0.8215148535728982,-0.3419399607113687,-0.3426960986979024,24.33652124442066,6.56502124442066,8162.17,8198.224,8246.833499999999
2026-02-11,17.12,17.83,8239.51,0.7099999999999973,1.0414719626168223,-2.042100571674868,-1.4306073132655575,-0.7985795868642958,0.0,-0.35984868941071946,23.931502486824563,6.261502486824565,8168.647999999999,8182.196000000001,8245.9505
2026-02-12,17.11,25.66900063795621,8314.83,8.55900063795621,1.5002338186999538,0.826708827700942,1.278392102815921,1.0646521314145263,0.43965230723254134,-0.05262234614058514,23.976229946779444,6.292229946779443,8217.998000000001,8180.4580000000005,8249.653
2026-02-13,17.86,27.49323118317265,8204.83,9.63323118317265,1.5393746463142581,1.1019887615628223,1.5872465390432569,1.45381543910581,0.07106745490196409,0.5419647326512986,24.266902113142088,6.523902113142087,8248.65,8175.455,8248.258
2026-02-24,16.59,17.83,8299.77,1.2399999999999984,1.0747438215792646,-1.677971639042376,-1.2108955298295034,-0.7866729282662187,-0.35147673690268444,0.0,24.128211965697822,6.3432119656978205,8261.848,8207.889000000001,8249.964
2026-02-25,15.55,23.64783017428722,8426.33,8.097830174287218,1.5207607829123613,0.5152058801172665,1.0491829589080874,0.5687081592699218,0.326294457335234,-0.07873974106651926,24.3343726089541,6.543372608954099,8297.054,8229.612,8262.143
2026-02-26,15.15,22.1,8490.62,6.950000000000001,1.4587458745874589,0.09014456553386571,0.6440829006828592,0.19249379090567345,-0.06545336983898864,-0.19616578157876174,24.44268719580895,6.68268719580895,8347.276000000002,8257.962000000001,8274.29
2026-02-27,14.8,23.181737783902072,8560.84,8.381737783902071,1.5663336340474372,0.5077561919152894,1.1024057442961093,0.4469138744012603,0.048947411036292854,0.3001535492934422,24.585516801320146,6.898016801320148,8396.478,8307.238000000001,8286.8645
2026-03-02,15.83,24.05518152865133,8476.97,8.225181528651332,1.5195945375016635,0.4038464064669726,1.0392308812202675,0.6463276714699516,0.03767809613288775,0.017225739163461817,24.63495052392959,7.05145052392959,8450.905999999999,8349.778,8287.176
2026-03-03,18.32,27.01085376047017,8142.45,8.69085376047017,1.4743915808116905,0.5081164967478378,1.163868905946475,1.293893633511701,0.12287050207035155,0.22221057739684014,24.752135282844968,7.2171352828449695,8419.442,8340.645,8276.027
2026-03-04,19.02,27.442631098628794,8094.52,8.422631098628795,1.442830236520967,0.38746369306021794,1.049571388288882,1.3443706112756892,0.015985327305370944,0.183803878486003,24.882584361988485,7.294584361988482,8353.08,8325.067,8261.6455
2026-03-05,16.53,24.856105771180665,8171.12,8.326105771180664,1.5036966588736034,0.332993942889866,0.9954011419472611,0.736525124549583,-0.09425208968309773,0.03329528989732955,24.868721215682452,7.35372121568245,8289.179999999998,8318.228,8250.212
2026-03-06,15.48,24.08204446296864,8248.86,8.602044462968639,1.5556876268067596,0.3886129426466794,1.0581166458669082,0.5459388758175098,-0.031141696745976555,-0.10843083019418598,24.855682836156117,7.4661828361561176,8226.784,8311.631,8246.0445
2026-03-09,17.88,26.25404078330609,8203.87,8.37404078330609,1.4683467999611908,0.2896917793201632,0.9654141429589391,1.005392785565327,0.09019152521196294,-0.043311820614098995,24.896051734331486,7.525551734331484,8172.164,8311.535,8243.495
2026-03-10,16.63,24.524740154094804,8350.09,7.894740154094805,1.474728812633482,0.17788757423099524,0.8006125603188696,0.6016970494718095,-0.06586797984677761,-0.013331356896222335,24.44008007897046,7.389580078970463,8213.692000000001,8316.567000000001,8262.228
2026-03-11,17.12,17.83,8363.53,0.7099999999999973,1.0414719626168223,-1.975029350365063,-1.3987360584122,-0.8764347203999059,-0.27297904532444195,-0.2596143559398586,23.9814545339349,7.043454533934901,8267.494,8310.287,8269.9495
2026-03-12,16.53,25.84767170651261,8335.91,9.31767170651261,1.5636824988815856,0.6868946654258727,1.2447043734662446,0.8832468429244404,0.44967311870513815,-0.015478344082251572,23.97793060965848,7.094930609658481,8300.452000000001,8294.816,8276.389
2026-03-13,17.12,17.83,8214.29,0.7099999999999973,1.0414719626168223,-1.709085191756242,-1.3445942779653426,-0.8656120332711702,-0.3101893198563207,-0.27297904532444195,23.513132559039935,6.651632559039934,8293.538,8260.161,8283.6995
2026-03-16,17.67,25.88433210302934,8211.35,8.214332103029339,1.4648744823446145,0.47590638446460914,0.9151117928882991,0.8794357764614466,0.45172922619345734,0.45172922619345734,23.41470966591506,6.582709665915057,8295.034,8233.599,8291.6885
2026-03-17,17.88,26.335604701310217,8019.86,8.455604701310218,1.4729085403417348,0.5694428423532173,0.9554561275964163,0.9457392894593648,0.017434199054649824,0.018877251318333066,23.376750292473538,6.527250292473541,8228.988000000001,8221.34,8280.9925
2026-03-18,19.33,24.875265370227368,8096.59,5.545265370227369,1.2868735318275928,-0.3843485094129789,0.07183918924135037,0.6036580591382212,-0.055451141055826825,0.3951354666420286,23.72901356098491,6.7530135609849085,8175.6,8221.547,8273.307
2026-03-19,17.88,26.692574806866848,7909.23,8.812574806866849,1.4928733113460206,0.5848317389469476,1.0265820855667465,0.9700253658747967,0.07305688641274055,0.031225171297462717,24.172142301328254,7.15814230132825,8090.264,8195.358,8256.793000000001
2026-03-20,19.94,26.77034453272229,7783.43,6.83034453272229,1.3425448612197737,-0.08588901346685385,0.4109839037086173,0.9555445607474886,0.00291353406024486,0.016507683660305084,24.227209496066557,7.071709496066556,8004.092,8148.8150000000005,8230.223000000002
2026-03-23,42.16,33.038290362803934,7409.11,-9.121709637196062,0.7836406632543629,-3.3753779528237247,-3.806508740144073,2.2051970235042964,0.23413766014180815,0.3281583079047954,24.50446245504812,6.1339624550481195,7843.644,8069.339,8190.437
2026-03-24,28.87,29.18256186768326,7600.86,0.31256186768325733,1.010826528149749,-1.2617655389685067,-1.2859359555763836,1.3346581557454797,-0.11670484316166785,0.09328388433235157,25.072090548432282,6.087590548432282,7759.844,7994.416,8155.491500000001
2026-03-25,17.27,27.06903483992064,7751.18,9.79903483992064,1.5674021331743277,0.7829406605796849,1.1543888408436773,0.86078234526023,-0.07242431412792227,0.01115750702547924,25.243150781713954,6.172650781713953,7690.762,7933.181,8121.7339999999995
2026-03-26,18.54,28.29875886123276,7639.38,9.75875886123276,1.5263623981247443,0.7333308343486095,1.10758786588536,1.0904584113589186,0.045429178712296014,-0.14345571303856464,25.55308872477559,6.313088724775591,7636.7919999999995,7863.528,8079.1720000000005
2026-03-27,17.458477056847013,27.7998827577628,7746.3131,10.341405700915786,1.5923429441893964,0.8249994119859064,1.2170608990096123,0.9508698270477897,-0.017628904006577684,-0.04738031966451983,25.783995973468627,6.411072120626277,7629.368619999999,7816.730310000001,8038.445655
